id_produto_simulado,id_lote_simulado,dia_snapshot,perfil_velocidade,sazonal,vencimento_frequente,dias_ate_vencer,quantidade_inicial,media_venda_diaria_90d,sobra_projetada
1,2,122,lento,1,1,24,44,0.18888888888888888,30
1,2,124,lento,1,1,22,43,0.2,30
1,2,128,lento,1,1,18,41,0.2222222222222222,30
1,2,142,lento,1,1,4,31,0.3333333333333333,30
1,3,151,lento,1,1,57,29,0.0,0
1,3,164,lento,1,1,44,24,0.05555555555555555,0
1,3,165,lento,1,1,43,24,0.05555555555555555,0
1,3,196,lento,1,1,12,3,0.28888888888888886,0
1,4,212,lento,1,1,57,38,0.08888888888888889,3
1,4,213,lento,1,1,56,38,0.08888888888888889,3
1,4,248,lento,1,1,21,17,0.32222222222222224,3
1,4,268,lento,1,1,1,5,0.45555555555555555,3
1,5,278,lento,1,1,70,32,0.011111111111111112,14
1,5,287,lento,1,1,61,31,0.022222222222222223,14
1,5,322,lento,1,1,26,20,0.14444444444444443,14
1,5,332,lento,1,1,16,17,0.17777777777777778,14
1,6,396,lento,1,1,32,47,0.07777777777777778,45
1,6,406,lento,1,1,22,46,0.08888888888888889,45
1,6,412,lento,1,1,16,46,0.08888888888888889,45
1,6,414,lento,1,1,14,46,0.08888888888888889,45
1,7,438,lento,1,1,59,54,0.03333333333333333,34
1,7,447,lento,1,1,50,52,0.05555555555555555,34
1,7,463,lento,1,1,34,45,0.13333333333333333,34
1,7,486,lento,1,1,11,39,0.2,34
1,8,506,lento,1,1,73,26,0.022222222222222223,0
1,8,507,lento,1,1,72,26,0.022222222222222223,0
1,8,530,lento,1,1,49,13,0.16666666666666666,0
1,8,533,lento,1,1,46,11,0.18888888888888888,0
1,9,555,lento,1,1,55,47,0.011111111111111112,17
1,9,578,lento,1,1,32,31,0.18888888888888888,17
1,9,594,lento,1,1,16,26,0.24444444444444444,17
1,9,598,lento,1,1,12,24,0.26666666666666666,17
1,10,623,lento,1,1,63,42,0.05555555555555555,22
1,10,626,lento,1,1,60,42,0.05555555555555555,22
1,10,647,lento,1,1,39,37,0.1111111111111111,22
1,10,686,lento,1,1,0,23,0.26666666666666666,22
1,11,703,lento,1,1,64,33,0.022222222222222223,15
1,11,742,lento,1,1,25,24,0.12222222222222222,15
1,11,761,lento,1,1,6,15,0.2222222222222222,15
1,11,767,lento,1,1,0,15,0.2222222222222222,15
1,12,787,lento,1,1,44,17,0.06666666666666667,0
1,12,793,lento,1,1,38,16,0.07777777777777778,0
1,12,801,lento,1,1,30,14,0.1,0
1,12,802,lento,1,1,29,14,0.1,0
1,13,830,lento,1,1,63,54,0.022222222222222223,18
1,13,870,lento,1,1,23,26,0.3333333333333333,18
1,13,872,lento,1,1,21,23,0.36666666666666664,18
1,13,889,lento,1,1,4,18,0.4222222222222222,18
1,14,914,lento,1,1,52,31,0.12222222222222222,0
1,14,938,lento,1,1,28,17,0.2777777777777778,0
1,14,944,lento,1,1,22,8,0.37777777777777777,0
1,14,955,lento,1,1,11,4,0.4222222222222222,0
1,15,956,lento,1,1,60,27,0.0,0
1,15,969,lento,1,1,47,16,0.12222222222222222,0
1,15,970,lento,1,1,46,14,0.14444444444444443,0
1,15,1007,lento,1,1,9,2,0.2777777777777778,0
1,16,1008,lento,1,1,62,48,0.0,23
1,16,1010,lento,1,1,60,48,0.0,23
1,16,1012,lento,1,1,58,45,0.03333333333333333,23
1,16,1019,lento,1,1,51,40,0.08888888888888889,23
1,17,1109,lento,1,1,34,33,0.07777777777777778,17
1,17,1111,lento,1,1,32,32,0.08888888888888889,17
1,17,1131,lento,1,1,12,23,0.18888888888888888,17
1,17,1134,lento,1,1,9,22,0.2,17
2,20,120,lento,1,0,504,25,0.2111111111111111,0
2,20,125,lento,1,0,499,24,0.2222222222222222,0
2,20,161,lento,1,0,463,8,0.4,0
2,20,166,lento,1,0,458,6,0.4222222222222222,0
2,21,173,lento,1,0,643,30,0.0,0
2,21,182,lento,1,0,634,29,0.011111111111111112,0
2,21,184,lento,1,0,632,28,0.022222222222222223,0
2,21,188,lento,1,0,628,24,0.06666666666666667,0
2,22,220,lento,1,0,621,37,0.0,0
2,22,232,lento,1,0,609,32,0.05555555555555555,0
2,22,233,lento,1,0,608,31,0.06666666666666667,0
2,22,257,lento,1,0,584,6,0.34444444444444444,0
2,23,261,lento,1,0,681,18,0.0,0
2,23,303,lento,1,0,639,2,0.17777777777777778,0
2,23,310,lento,1,0,632,2,0.17777777777777778,0
2,23,370,lento,1,0,572,1,0.022222222222222223,0
2,24,290,lento,1,0,619,36,0.022222222222222223,0
2,24,296,lento,1,0,613,29,0.1,0
2,24,298,lento,1,0,611,28,0.1111111111111111,0
2,24,346,lento,1,0,563,8,0.3333333333333333,0
2,25,365,lento,1,0,614,29,0.0,0
2,25,373,lento,1,0,606,29,0.0,0
2,25,391,lento,1,0,588,23,0.06666666666666667,0
2,25,442,lento,1,0,537,6,0.25555555555555554,0
2,26,443,lento,1,0,682,37,0.0,0
2,26,453,lento,1,0,672,31,0.06666666666666667,0
2,26,464,lento,1,0,661,23,0.15555555555555556,0
2,26,479,lento,1,0,646,7,0.3333333333333333,0
2,27,486,lento,1,0,668,38,0.0,0
2,27,488,lento,1,0,666,37,0.011111111111111112,0
2,27,493,lento,1,0,661,29,0.1,0
2,27,497,lento,1,0,657,24,0.15555555555555556,0
2,28,524,lento,1,0,663,35,0.1111111111111111,0
2,28,527,lento,1,0,660,33,0.13333333333333333,0
2,28,536,lento,1,0,651,23,0.24444444444444444,0
2,28,548,lento,1,0,639,11,0.37777777777777777,0
2,29,558,lento,1,0,548,34,0.011111111111111112,0
2,29,562,lento,1,0,544,30,0.05555555555555555,0
2,29,568,lento,1,0,538,20,0.16666666666666666,0
2,29,570,lento,1,0,536,16,0.2111111111111111,0
2,30,585,lento,1,0,623,30,0.0,0
2,30,586,lento,1,0,622,30,0.0,0
2,30,595,lento,1,0,613,20,0.1111111111111111,0
2,30,605,lento,1,0,603,6,0.26666666666666666,0
2,31,614,lento,1,0,645,30,0.08888888888888889,0
2,31,616,lento,1,0,643,29,0.1,0
2,31,626,lento,1,0,633,11,0.3,0
2,31,628,lento,1,0,631,9,0.32222222222222224,0
2,32,639,lento,1,0,657,29,0.03333333333333333,0
2,32,656,lento,1,0,640,10,0.24444444444444444,0
2,32,666,lento,1,0,630,4,0.3111111111111111,0
2,32,680,lento,1,0,616,3,0.32222222222222224,0
2,33,668,lento,1,0,608,14,0.044444444444444446,0
2,33,669,lento,1,0,607,13,0.05555555555555555,0
2,33,670,lento,1,0,606,8,0.1111111111111111,0
2,33,672,lento,1,0,604,5,0.14444444444444443,0
2,34,696,lento,1,0,636,37,0.05555555555555555,0
2,34,706,lento,1,0,626,30,0.13333333333333333,0
2,34,727,lento,1,0,605,12,0.3333333333333333,0
2,34,730,lento,1,0,602,7,0.3888888888888889,0
2,35,744,lento,1,0,640,18,0.05555555555555555,0
2,35,747,lento,1,0,637,14,0.1,0
2,35,786,lento,1,0,598,2,0.23333333333333334,0
2,35,859,lento,1,0,525,2,0.0,0
2,36,765,lento,1,0,593,25,0.0,0
2,36,793,lento,1,0,565,13,0.13333333333333333,0
2,36,801,lento,1,0,557,12,0.14444444444444443,0
2,36,826,lento,1,0,532,2,0.25555555555555554,0
2,37,817,lento,1,0,520,20,0.06666666666666667,0
2,37,822,lento,1,0,515,15,0.12222222222222222,0
2,37,823,lento,1,0,514,15,0.12222222222222222,0
2,37,833,lento,1,0,504,4,0.24444444444444444,0
2,38,845,lento,1,0,516,27,0.06666666666666667,0
2,38,848,lento,1,0,513,24,0.1,0
2,38,851,lento,1,0,510,23,0.1111111111111111,0
2,38,863,lento,1,0,498,9,0.26666666666666666,0
2,39,875,lento,1,0,693,22,0.0,0
2,39,884,lento,1,0,684,14,0.08888888888888889,0
2,39,891,lento,1,0,677,10,0.13333333333333333,0
2,39,895,lento,1,0,673,4,0.2,0
2,40,898,lento,1,0,692,29,0.0,0
2,40,905,lento,1,0,685,21,0.08888888888888889,0
2,40,906,lento,1,0,684,19,0.1111111111111111,0
2,40,910,lento,1,0,680,11,0.2,0
2,41,921,lento,1,0,587,44,0.044444444444444446,0
2,41,927,lento,1,0,581,37,0.12222222222222222,0
2,41,933,lento,1,0,575,34,0.15555555555555556,0
2,41,946,lento,1,0,562,16,0.35555555555555557,0
2,42,960,lento,1,0,590,34,0.0,0
2,42,961,lento,1,0,589,31,0.03333333333333333,0
2,42,964,lento,1,0,586,28,0.06666666666666667,0
2,42,990,lento,1,0,560,8,0.28888888888888886,0
2,43,1020,lento,1,0,646,6,0.12222222222222222,0
2,43,1025,lento,1,0,641,6,0.12222222222222222,0
2,43,1028,lento,1,0,638,6,0.12222222222222222,0
2,43,1048,lento,1,0,618,3,0.15555555555555556,0
2,44,1012,lento,1,0,606,44,0.011111111111111112,0
2,44,1014,lento,1,0,604,37,0.08888888888888889,0
2,44,1017,lento,1,0,601,36,0.1,0
2,44,1019,lento,1,0,599,34,0.12222222222222222,0
2,45,1056,lento,1,0,637,32,0.05555555555555555,0
2,45,1078,lento,1,0,615,19,0.2,0
2,45,1090,lento,1,0,603,9,0.3111111111111111,0
2,45,1104,lento,1,0,589,1,0.4,0
2,46,1112,lento,1,0,669,34,0.022222222222222223,0
2,46,1149,lento,1,0,632,19,0.18888888888888888,0
2,46,1163,lento,1,0,618,9,0.3,0
2,46,1192,lento,1,0,589,6,0.3333333333333333,0
2,47,1179,lento,1,0,600,15,0.07777777777777778,0
2,47,1187,lento,1,0,592,9,0.14444444444444443,0
2,47,1196,lento,1,0,583,4,0.2,0
2,47,1197,lento,1,0,582,3,0.2111111111111111,0
3,52,123,lento,1,0,661,4,0.0,0
3,52,128,lento,1,0,656,4,0.0,0
3,52,129,lento,1,0,655,4,0.0,0
3,52,140,lento,1,0,644,2,0.022222222222222223,0
3,53,154,lento,1,0,626,4,0.044444444444444446,0
3,53,174,lento,1,0,606,3,0.05555555555555555,0
3,53,178,lento,1,0,602,3,0.05555555555555555,0
3,53,181,lento,1,0,599,3,0.05555555555555555,0
3,54,214,lento,1,0,555,8,0.011111111111111112,0
3,54,217,lento,1,0,552,8,0.011111111111111112,0
3,54,240,lento,1,0,529,7,0.022222222222222223,0
3,54,305,lento,1,0,464,2,0.06666666666666667,0
3,55,315,lento,1,0,496,9,0.0,0
3,55,317,lento,1,0,494,9,0.0,0
3,55,321,lento,1,0,490,9,0.0,0
3,55,325,lento,1,0,486,9,0.0,0
3,56,365,lento,1,0,493,6,0.0,0
3,56,387,lento,1,0,471,4,0.022222222222222223,0
3,56,394,lento,1,0,464,2,0.044444444444444446,0
3,56,399,lento,1,0,459,2,0.044444444444444446,0
3,57,411,lento,1,0,624,5,0.022222222222222223,0
3,57,415,lento,1,0,620,4,0.03333333333333333,0
3,57,417,lento,1,0,618,4,0.03333333333333333,0
3,57,421,lento,1,0,614,2,0.05555555555555555,0
3,58,429,lento,1,0,554,4,0.0,0
3,58,433,lento,1,0,550,4,0.0,0
3,58,444,lento,1,0,539,4,0.0,0
3,58,458,lento,1,0,525,1,0.03333333333333333,0
3,59,486,lento,1,0,574,4,0.03333333333333333,0
3,59,492,lento,1,0,568,2,0.05555555555555555,0
3,59,497,lento,1,0,563,2,0.05555555555555555,0
3,59,508,lento,1,0,552,1,0.06666666666666667,0
3,60,513,lento,1,0,640,3,0.011111111111111112,0
3,60,514,lento,1,0,639,3,0.011111111111111112,0
3,60,525,lento,1,0,628,1,0.03333333333333333,0
3,60,526,lento,1,0,627,1,0.03333333333333333,0
3,61,544,lento,1,0,573,4,0.011111111111111112,0
3,61,604,lento,1,0,513,1,0.044444444444444446,0
3,61,608,lento,1,0,509,1,0.044444444444444446,0
3,61,632,lento,1,0,485,1,0.03333333333333333,0
3,62,580,lento,1,0,493,4,0.0,0
3,62,601,lento,1,0,472,3,0.011111111111111112,0
3,62,604,lento,1,0,469,1,0.03333333333333333,0
3,62,613,lento,1,0,460,1,0.03333333333333333,0
3,63,704,lento,1,0,564,1,0.03333333333333333,0
3,63,720,lento,1,0,548,1,0.03333333333333333,0
3,63,723,lento,1,0,545,1,0.03333333333333333,0
3,63,730,lento,1,0,538,1,0.03333333333333333,0
3,64,713,lento,1,0,513,8,0.0,0
3,64,727,lento,1,0,499,5,0.03333333333333333,0
3,64,731,lento,1,0,495,5,0.03333333333333333,0
3,64,732,lento,1,0,494,5,0.03333333333333333,0
3,65,761,lento,1,0,567,4,0.022222222222222223,0
3,65,769,lento,1,0,559,4,0.022222222222222223,0
3,65,770,lento,1,0,558,3,0.03333333333333333,0
3,65,774,lento,1,0,554,3,0.03333333333333333,0
3,66,802,lento,1,0,519,3,0.022222222222222223,0
3,66,805,lento,1,0,516,3,0.022222222222222223,0
3,66,821,lento,1,0,500,2,0.03333333333333333,0
3,66,826,lento,1,0,495,1,0.044444444444444446,0
3,67,859,lento,1,0,533,4,0.03333333333333333,0
3,67,879,lento,1,0,513,3,0.044444444444444446,0
3,67,931,lento,1,0,461,1,0.06666666666666667,0
3,67,935,lento,1,0,457,1,0.06666666666666667,0
3,68,979,lento,1,0,575,8,0.0,0
3,68,989,lento,1,0,565,6,0.022222222222222223,0
3,68,994,lento,1,0,560,5,0.03333333333333333,0
3,68,1017,lento,1,0,537,3,0.05555555555555555,0
3,69,1039,lento,1,0,547,9,0.0,0
3,69,1051,lento,1,0,535,8,0.011111111111111112,0
3,69,1071,lento,1,0,515,5,0.044444444444444446,0
3,69,1116,lento,1,0,470,4,0.05555555555555555,0
3,70,1150,lento,1,0,606,4,0.03333333333333333,0
3,70,1159,lento,1,0,597,3,0.044444444444444446,0
3,70,1163,lento,1,0,593,2,0.05555555555555555,0
3,70,1166,lento,1,0,590,2,0.05555555555555555,0
4,73,136,medio,0,0,189,58,0.9444444444444444,0
4,73,155,medio,0,0,170,31,1.2444444444444445,0
4,73,168,medio,0,0,157,6,1.5222222222222221,0
4,73,169,medio,0,0,156,5,1.511111111111111,0
4,74,184,medio,0,0,237,51,0.2111111111111111,0
4,74,199,medio,0,0,222,25,0.5,0
4,74,208,medio,0,0,213,9,0.6777777777777778,0
4,74,209,medio,0,0,212,9,0.6777777777777778,0
4,75,222,medio,0,0,249,96,0.12222222222222222,0
4,75,234,medio,0,0,237,72,0.3888888888888889,0
4,75,253,medio,0,0,218,39,0.7555555555555555,0
4,75,271,medio,0,0,200,5,1.1333333333333333,0
4,76,345,medio,0,0,236,19,0.8111111111111111,0
4,76,365,medio,0,0,216,19,0.7555555555555555,0
4,76,367,medio,0,0,214,19,0.7444444444444445,0
4,76,380,medio,0,0,201,19,0.4666666666666667,0
4,77,325,medio,0,0,242,101,0.06666666666666667,0
4,77,350,medio,0,0,217,78,0.32222222222222224,0
4,77,356,medio,0,0,211,75,0.35555555555555557,0
4,77,373,medio,0,0,194,58,0.5444444444444444,0
4,78,456,medio,0,0,306,116,0.0,0
4,78,479,medio,0,0,283,89,0.3,0
4,78,523,medio,0,0,239,45,0.7888888888888889,0
4,78,527,medio,0,0,235,40,0.8444444444444444,0
4,79,593,medio,0,0,231,46,0.5444444444444444,0
4,79,596,medio,0,0,228,42,0.5888888888888889,0
4,79,622,medio,0,0,202,14,0.9,0
4,79,630,medio,0,0,194,4,1.011111111111111,0
4,80,632,medio,0,0,254,124,0.0,0
4,80,642,medio,0,0,244,111,0.14444444444444443,0
4,80,680,medio,0,0,206,67,0.6333333333333333,0
4,80,686,medio,0,0,200,59,0.7222222222222222,0
4,81,752,medio,0,0,279,119,0.15555555555555556,0
4,81,766,medio,0,0,265,114,0.2111111111111111,0
4,81,804,medio,0,0,227,84,0.5444444444444444,0
4,81,824,medio,0,0,207,61,0.8,0
4,82,911,medio,0,0,238,108,0.12222222222222222,0
4,82,923,medio,0,0,226,99,0.2222222222222222,0
4,82,939,medio,0,0,210,77,0.4666666666666667,0
4,82,948,medio,0,0,201,71,0.5333333333333333,0
4,83,1042,medio,0,0,227,49,0.0,0
4,83,1046,medio,0,0,223,49,0.0,0
4,83,1069,medio,0,0,200,47,0.022222222222222223,0
4,83,1092,medio,0,0,177,35,0.15555555555555556,0
5,86,120,lento,1,0,356,2,0.06666666666666667,0
5,86,121,lento,1,0,355,2,0.06666666666666667,0
5,86,123,lento,1,0,353,2,0.06666666666666667,0
5,86,135,lento,1,0,341,1,0.07777777777777778,0
5,87,138,lento,1,0,397,9,0.0,0
5,87,152,lento,1,0,383,9,0.0,0
5,87,168,lento,1,0,367,9,0.0,0
5,87,205,lento,1,0,330,7,0.022222222222222223,0
5,88,270,lento,1,0,357,5,0.022222222222222223,0
5,88,284,lento,1,0,343,5,0.022222222222222223,0
5,88,288,lento,1,0,339,5,0.022222222222222223,0
5,88,328,lento,1,0,299,1,0.06666666666666667,0
5,89,357,lento,1,0,365,6,0.044444444444444446,0
5,89,358,lento,1,0,364,6,0.044444444444444446,0
5,89,359,lento,1,0,363,6,0.044444444444444446,0
5,89,406,lento,1,0,316,2,0.08888888888888889,0
5,90,416,lento,1,0,399,4,0.0,0
5,90,440,lento,1,0,375,3,0.011111111111111112,0
5,90,448,lento,1,0,367,2,0.022222222222222223,0
5,90,463,lento,1,0,352,1,0.03333333333333333,0
5,91,493,lento,1,0,350,4,0.022222222222222223,0
5,91,501,lento,1,0,342,4,0.022222222222222223,0
5,91,529,lento,1,0,314,2,0.044444444444444446,0
5,91,537,lento,1,0,306,2,0.044444444444444446,0
5,92,550,lento,1,0,393,11,0.0,0
5,92,554,lento,1,0,389,11,0.0,0
5,92,560,lento,1,0,383,10,0.011111111111111112,0
5,92,602,lento,1,0,341,6,0.05555555555555555,0
5,93,678,lento,1,0,272,7,0.03333333333333333,0
5,93,699,lento,1,0,251,6,0.044444444444444446,0
5,93,708,lento,1,0,242,6,0.044444444444444446,0
5,93,724,lento,1,0,226,3,0.05555555555555555,0
5,94,754,lento,1,0,391,6,0.0,0
5,94,767,lento,1,0,378,5,0.011111111111111112,0
5,94,772,lento,1,0,373,5,0.011111111111111112,0
5,94,816,lento,1,0,329,1,0.05555555555555555,0
5,95,827,lento,1,0,325,12,0.0,0
5,95,844,lento,1,0,308,11,0.011111111111111112,0
5,95,862,lento,1,0,290,9,0.03333333333333333,0
5,95,958,lento,1,0,194,6,0.03333333333333333,0
5,96,994,lento,1,0,419,4,0.022222222222222223,0
5,96,1008,lento,1,0,405,3,0.03333333333333333,0
5,96,1013,lento,1,0,400,3,0.03333333333333333,0
5,96,1026,lento,1,0,387,3,0.03333333333333333,0
5,97,1051,lento,1,0,422,11,0.011111111111111112,0
5,97,1110,lento,1,0,363,7,0.05555555555555555,0
5,97,1113,lento,1,0,360,7,0.05555555555555555,0
5,97,1138,lento,1,0,335,4,0.08888888888888889,0
6,100,120,medio,0,0,348,41,2.4,0
6,100,123,medio,0,0,345,37,2.4444444444444446,0
6,100,124,medio,0,0,344,33,2.488888888888889,0
6,100,129,medio,0,0,339,13,2.7111111111111112,0
6,101,132,medio,0,0,454,219,0.0,0
6,101,137,medio,0,0,449,206,0.14444444444444443,0
6,101,156,medio,0,0,430,157,0.6888888888888889,0
6,101,193,medio,0,0,393,41,1.9777777777777779,0
6,102,206,medio,0,0,469,277,0.1,0
6,102,254,medio,0,0,421,59,2.522222222222222,0
6,102,295,medio,0,0,380,4,3.033333333333333,0
6,102,335,medio,0,0,340,4,0.9333333333333333,0
6,103,269,medio,0,0,401,227,0.23333333333333334,0
6,103,277,medio,0,0,393,190,0.6444444444444445,0
6,103,305,medio,0,0,365,48,2.2222222222222223,0
6,103,309,medio,0,0,361,36,2.3555555555555556,0
6,104,312,medio,0,0,359,119,0.0,0
6,104,315,medio,0,0,356,119,0.0,0
6,104,342,medio,0,0,329,47,0.8,0
6,104,343,medio,0,0,328,41,0.8666666666666667,0
6,105,361,medio,0,0,463,176,0.5666666666666667,0
6,105,362,medio,0,0,462,169,0.6444444444444445,0
6,105,387,medio,0,0,437,66,1.788888888888889,0
6,105,430,medio,0,0,394,10,2.411111111111111,0
6,106,395,medio,0,0,383,238,0.0,0
6,106,396,medio,0,0,382,230,0.08888888888888889,0
6,106,400,medio,0,0,378,208,0.3333333333333333,0
6,106,430,medio,0,0,348,61,1.9666666666666666,0
6,107,447,medio,0,0,469,181,0.3,0
6,107,456,medio,0,0,460,132,0.8444444444444444,0
6,107,474,medio,0,0,442,16,2.1333333333333333,0
6,107,477,medio,0,0,439,8,2.2222222222222223,0
6,108,503,medio,0,0,440,90,1.1,0
6,108,549,medio,0,0,394,25,1.8222222222222222,0
6,108,559,medio,0,0,384,25,1.8222222222222222,0
6,108,561,medio,0,0,382,25,1.8222222222222222,0
6,109,519,medio,0,0,399,123,0.011111111111111112,0
6,109,520,medio,0,0,398,115,0.1,0
6,109,544,medio,0,0,374,61,0.7,0
6,109,557,medio,0,0,361,14,1.2222222222222223,0
6,110,577,medio,0,0,410,131,0.08888888888888889,0
6,110,596,medio,0,0,391,82,0.6333333333333333,0
6,110,599,medio,0,0,388,71,0.7555555555555555,0
6,110,609,medio,0,0,378,36,1.1444444444444444,0
6,111,618,medio,0,0,451,229,0.0,0
6,111,667,medio,0,0,402,122,1.1888888888888889,0
6,111,693,medio,0,0,376,65,1.8222222222222222,0
6,111,708,medio,0,0,361,29,2.2222222222222223,0
6,112,712,medio,0,0,400,104,0.0,0
6,112,715,medio,0,0,397,104,0.0,0
6,112,731,medio,0,0,381,70,0.37777777777777777,0
6,112,749,medio,0,0,363,30,0.8222222222222222,0
6,113,775,medio,0,0,339,237,0.32222222222222224,0
6,113,776,medio,0,0,338,233,0.36666666666666664,0
6,113,838,medio,0,0,276,70,2.1777777777777776,0
6,113,868,medio,0,0,246,22,2.2,0
6,114,869,medio,0,0,439,247,0.0,0
6,114,876,medio,0,0,432,247,0.0,0
6,114,889,medio,0,0,419,225,0.24444444444444444,0
6,114,894,medio,0,0,414,215,0.35555555555555557,0
6,115,995,medio,0,0,373,202,0.25555555555555554,0
6,115,1003,medio,0,0,365,187,0.4222222222222222,0
6,115,1023,medio,0,0,345,157,0.7555555555555555,0
6,115,1076,medio,0,0,292,43,1.8888888888888888,0
6,116,1093,medio,0,0,463,149,0.1111111111111111,0
6,116,1094,medio,0,0,462,145,0.15555555555555556,0
6,116,1107,medio,0,0,449,110,0.5444444444444444,0
6,116,1123,medio,0,0,433,76,0.9222222222222223,0
7,120,130,lento,0,0,419,3,0.022222222222222223,0
7,120,142,lento,0,0,407,3,0.022222222222222223,0
7,120,149,lento,0,0,400,2,0.03333333333333333,0
7,120,151,lento,0,0,398,1,0.044444444444444446,0
7,121,176,lento,0,0,435,3,0.0,0
7,121,223,lento,0,0,388,1,0.022222222222222223,0
7,121,249,lento,0,0,362,1,0.022222222222222223,0
7,121,253,lento,0,0,358,1,0.022222222222222223,0
7,122,207,lento,0,0,359,2,0.0,0
7,122,217,lento,0,0,349,1,0.011111111111111112,0
7,122,228,lento,0,0,338,1,0.011111111111111112,0
7,122,235,lento,0,0,331,1,0.011111111111111112,0
7,123,262,lento,0,0,414,5,0.0,0
7,123,264,lento,0,0,412,5,0.0,0
7,123,278,lento,0,0,398,3,0.022222222222222223,0
7,123,293,lento,0,0,383,2,0.03333333333333333,0
7,124,340,lento,0,0,358,4,0.0,0
7,124,349,lento,0,0,349,3,0.011111111111111112,0
7,124,350,lento,0,0,348,3,0.011111111111111112,0
7,124,396,lento,0,0,302,2,0.022222222222222223,0
7,125,444,lento,0,0,423,4,0.0,0
7,125,450,lento,0,0,417,4,0.0,0
7,125,458,lento,0,0,409,4,0.0,0
7,125,462,lento,0,0,405,3,0.011111111111111112,0
7,126,491,lento,0,0,404,5,0.0,0
7,126,492,lento,0,0,403,4,0.011111111111111112,0
7,126,493,lento,0,0,402,2,0.03333333333333333,0
7,126,494,lento,0,0,401,2,0.03333333333333333,0
7,127,508,lento,0,0,490,3,0.0,0
7,127,510,lento,0,0,488,3,0.0,0
7,127,597,lento,0,0,401,1,0.022222222222222223,0
7,127,608,lento,0,0,390,1,0.022222222222222223,0
7,128,560,lento,0,0,365,2,0.0,0
7,128,566,lento,0,0,359,1,0.011111111111111112,0
7,128,567,lento,0,0,358,1,0.011111111111111112,0
7,128,568,lento,0,0,357,1,0.011111111111111112,0
7,129,613,lento,0,0,413,4,0.0,0
7,129,674,lento,0,0,352,2,0.022222222222222223,0
7,129,685,lento,0,0,341,2,0.022222222222222223,0
7,129,707,lento,0,0,319,1,0.03333333333333333,0
7,130,713,lento,0,0,397,2,0.0,0
7,130,727,lento,0,0,383,2,0.0,0
7,130,848,lento,0,0,262,1,0.011111111111111112,0
7,130,851,lento,0,0,259,1,0.011111111111111112,0
7,131,816,lento,0,0,352,4,0.0,0
7,131,839,lento,0,0,329,4,0.0,0
7,131,938,lento,0,0,230,4,0.0,0
7,131,993,lento,0,0,175,1,0.03333333333333333,0
7,132,1016,lento,0,0,410,2,0.0,0
7,132,1042,lento,0,0,384,1,0.011111111111111112,0
7,132,1051,lento,0,0,375,1,0.011111111111111112,0
7,132,1056,lento,0,0,370,1,0.011111111111111112,0
7,133,1069,lento,0,0,446,4,0.0,0
7,133,1127,lento,0,0,388,4,0.0,0
7,133,1135,lento,0,0,380,4,0.0,0
7,133,1157,lento,0,0,358,3,0.011111111111111112,0
8,136,120,lento,1,0,625,6,0.13333333333333333,0
8,136,121,lento,1,0,624,5,0.14444444444444443,0
8,136,124,lento,1,0,621,5,0.14444444444444443,0
8,136,131,lento,1,0,614,2,0.17777777777777778,0
8,137,132,lento,1,0,815,10,0.0,0
8,137,137,lento,1,0,810,9,0.011111111111111112,0
8,137,141,lento,1,0,806,8,0.022222222222222223,0
8,137,142,lento,1,0,805,7,0.03333333333333333,0
8,138,157,lento,1,0,736,8,0.06666666666666667,0
8,138,172,lento,1,0,721,6,0.08888888888888889,0
8,138,210,lento,1,0,683,3,0.12222222222222222,0
8,138,212,lento,1,0,681,3,0.12222222222222222,0
8,139,173,lento,1,0,679,26,0.0,0
8,139,175,lento,1,0,677,23,0.03333333333333333,0
8,139,195,lento,1,0,657,5,0.23333333333333334,0
8,139,200,lento,1,0,652,1,0.2777777777777778,0
8,140,208,lento,1,0,621,12,0.0,0
8,140,217,lento,1,0,612,11,0.011111111111111112,0
8,140,219,lento,1,0,610,8,0.044444444444444446,0
8,140,226,lento,1,0,603,5,0.07777777777777778,0
8,141,240,lento,1,0,725,26,0.0,0
8,141,267,lento,1,0,698,15,0.12222222222222222,0
8,141,272,lento,1,0,693,12,0.15555555555555556,0
8,141,308,lento,1,0,657,1,0.2777777777777778,0
8,142,292,lento,1,0,681,28,0.0,0
8,142,301,lento,1,0,672,28,0.0,0
8,142,324,lento,1,0,649,26,0.022222222222222223,0
8,142,364,lento,1,0,609,20,0.08888888888888889,0
8,143,441,lento,1,0,721,21,0.0,0
8,143,458,lento,1,0,704,15,0.06666666666666667,0
8,143,463,lento,1,0,699,11,0.1111111111111111,0
8,143,471,lento,1,0,691,5,0.17777777777777778,0
8,144,487,lento,1,0,685,2,0.12222222222222222,0
8,144,491,lento,1,0,681,2,0.12222222222222222,0
8,144,497,lento,1,0,675,2,0.12222222222222222,0
8,144,557,lento,1,0,615,2,0.12222222222222222,0
8,145,491,lento,1,0,628,11,0.03333333333333333,0
8,145,493,lento,1,0,626,11,0.03333333333333333,0
8,145,504,lento,1,0,615,6,0.08888888888888889,0
8,145,508,lento,1,0,611,3,0.12222222222222222,0
8,146,530,lento,1,0,633,2,0.12222222222222222,0
8,146,539,lento,1,0,624,2,0.12222222222222222,0
8,146,547,lento,1,0,616,2,0.12222222222222222,0
8,146,552,lento,1,0,611,2,0.12222222222222222,0
8,147,527,lento,1,0,625,21,0.0,0
8,147,533,lento,1,0,619,16,0.05555555555555555,0
8,147,535,lento,1,0,617,14,0.07777777777777778,0
8,147,537,lento,1,0,615,13,0.08888888888888889,0
8,148,567,lento,1,0,679,11,0.0,0
8,148,572,lento,1,0,674,4,0.07777777777777778,0
8,148,573,lento,1,0,673,2,0.1,0
8,148,574,lento,1,0,672,2,0.1,0
8,149,593,lento,1,0,781,17,0.1111111111111111,0
8,149,609,lento,1,0,765,9,0.2,0
8,149,616,lento,1,0,758,8,0.2111111111111111,0
8,149,626,lento,1,0,748,3,0.26666666666666666,0
8,150,674,lento,1,0,755,3,0.12222222222222222,0
8,150,716,lento,1,0,713,3,0.12222222222222222,0
8,150,729,lento,1,0,700,3,0.06666666666666667,0
8,150,730,lento,1,0,699,3,0.044444444444444446,0
8,151,716,lento,1,0,646,3,0.17777777777777778,0
8,151,759,lento,1,0,603,3,0.022222222222222223,0
8,151,762,lento,1,0,600,3,0.011111111111111112,0
8,151,764,lento,1,0,598,3,0.011111111111111112,0
8,152,727,lento,1,0,585,11,0.1111111111111111,0
8,152,743,lento,1,0,569,5,0.17777777777777778,0
8,152,766,lento,1,0,546,1,0.2222222222222222,0
8,152,769,lento,1,0,543,1,0.2222222222222222,0
8,153,775,lento,1,0,726,18,0.0,0
8,153,776,lento,1,0,725,18,0.0,0
8,153,793,lento,1,0,708,15,0.03333333333333333,0
8,153,808,lento,1,0,693,8,0.1111111111111111,0
8,154,821,lento,1,0,790,20,0.03333333333333333,0
8,154,822,lento,1,0,789,19,0.044444444444444446,0
8,154,832,lento,1,0,779,15,0.08888888888888889,0
8,154,884,lento,1,0,727,5,0.2,0
8,155,862,lento,1,0,707,20,0.022222222222222223,0
8,155,871,lento,1,0,698,18,0.044444444444444446,0
8,155,894,lento,1,0,675,6,0.17777777777777778,0
8,155,899,lento,1,0,670,5,0.18888888888888888,0
8,156,911,lento,1,0,640,18,0.0,0
8,156,927,lento,1,0,624,13,0.05555555555555555,0
8,156,941,lento,1,0,610,3,0.16666666666666666,0
8,156,942,lento,1,0,609,1,0.18888888888888888,0
8,157,987,lento,1,0,736,5,0.1,0
8,157,1004,lento,1,0,719,5,0.1,0
8,157,1026,lento,1,0,697,5,0.1,0
8,157,1037,lento,1,0,686,3,0.07777777777777778,0
8,158,991,lento,1,0,628,16,0.08888888888888889,0
8,158,1001,lento,1,0,618,9,0.16666666666666666,0
8,158,1014,lento,1,0,605,6,0.2,0
8,158,1019,lento,1,0,600,5,0.2111111111111111,0
8,159,1048,lento,1,0,782,12,0.06666666666666667,0
8,159,1050,lento,1,0,780,11,0.07777777777777778,0
8,159,1075,lento,1,0,755,3,0.16666666666666666,0
8,159,1090,lento,1,0,740,3,0.16666666666666666,0
8,160,1119,lento,1,0,711,25,0.022222222222222223,0
8,160,1164,lento,1,0,666,16,0.12222222222222222,0
8,160,1170,lento,1,0,660,13,0.15555555555555556,0
8,160,1180,lento,1,0,650,4,0.25555555555555554,0
9,164,181,medio,0,0,596,15,0.5222222222222223,0
9,164,194,medio,0,0,583,15,0.5222222222222223,0
9,164,206,medio,0,0,571,15,0.35555555555555557,0
9,164,209,medio,0,0,568,15,0.34444444444444444,0
9,165,156,medio,0,0,603,81,0.26666666666666666,0
9,165,165,medio,0,0,594,64,0.45555555555555555,0
9,165,172,medio,0,0,587,53,0.5777777777777777,0
9,165,207,medio,0,0,552,4,1.1222222222222222,0
9,166,219,medio,0,0,805,47,0.0,0
9,166,249,medio,0,0,775,8,0.43333333333333335,0
9,166,272,medio,0,0,752,8,0.43333333333333335,0
9,166,275,medio,0,0,749,8,0.43333333333333335,0
9,167,250,medio,0,0,763,68,0.08888888888888889,0
9,167,260,medio,0,0,753,46,0.3333333333333333,0
9,167,275,medio,0,0,738,17,0.6555555555555556,0
9,167,282,medio,0,0,731,7,0.7666666666666667,0
9,168,291,medio,0,0,763,70,0.0,0
9,168,322,medio,0,0,732,5,0.7222222222222222,0
9,168,329,medio,0,0,725,5,0.7222222222222222,0
9,168,342,medio,0,0,712,5,0.7222222222222222,0
9,169,336,medio,0,0,697,56,0.3888888888888889,0
9,169,348,medio,0,0,685,28,0.7,0
9,169,351,medio,0,0,682,20,0.7888888888888889,0
9,169,353,medio,0,0,680,15,0.8444444444444444,0
9,170,397,medio,0,0,704,74,0.6,0
9,170,403,medio,0,0,698,61,0.7444444444444445,0
9,170,417,medio,0,0,684,35,1.0333333333333334,0
9,170,424,medio,0,0,677,22,1.1777777777777778,0
9,171,431,medio,0,0,674,63,0.0,0
9,171,435,medio,0,0,670,58,0.05555555555555555,0
9,171,453,medio,0,0,652,20,0.4777777777777778,0
9,171,458,medio,0,0,647,7,0.6222222222222222,0
9,172,482,medio,0,0,661,79,0.4111111111111111,0
9,172,483,medio,0,0,660,79,0.4111111111111111,0
9,172,551,medio,0,0,592,1,1.2444444444444445,0
9,172,556,medio,0,0,587,1,1.1111111111111112,0
9,173,529,medio,0,0,613,87,0.16666666666666666,0
9,173,533,medio,0,0,609,76,0.28888888888888886,0
9,173,563,medio,0,0,579,23,0.8777777777777778,0
9,173,570,medio,0,0,572,6,1.0666666666666667,0
9,174,603,medio,0,0,674,12,0.6111111111111112,0
9,174,607,medio,0,0,670,6,0.6777777777777778,0
9,174,608,medio,0,0,669,6,0.6777777777777778,0
9,174,610,medio,0,0,667,2,0.7222222222222222,0
9,175,611,medio,0,0,729,70,0.0,0
9,175,619,medio,0,0,721,54,0.17777777777777778,0
9,175,623,medio,0,0,717,43,0.3,0
9,175,628,medio,0,0,712,36,0.37777777777777777,0
9,176,649,medio,0,0,793,115,0.13333333333333333,0
9,176,675,medio,0,0,767,52,0.8333333333333334,0
9,176,771,medio,0,0,671,13,0.3111111111111111,0
9,176,787,medio,0,0,655,13,0.011111111111111112,0
9,177,703,medio,0,0,709,73,0.08888888888888889,0
9,177,713,medio,0,0,699,47,0.37777777777777777,0
9,177,714,medio,0,0,698,46,0.3888888888888889,0
9,177,723,medio,0,0,689,29,0.5777777777777777,0
9,178,746,medio,0,0,609,89,0.08888888888888889,0
9,178,748,medio,0,0,607,81,0.17777777777777778,0
9,178,773,medio,0,0,582,28,0.7666666666666667,0
9,178,779,medio,0,0,576,17,0.8888888888888888,0
9,179,800,medio,0,0,733,53,0.011111111111111112,0
9,179,861,medio,0,0,672,7,0.5222222222222223,0
9,179,880,medio,0,0,653,2,0.5777777777777777,0
9,179,890,medio,0,0,643,2,0.5666666666666667,0
9,180,831,medio,0,0,648,79,0.17777777777777778,0
9,180,835,medio,0,0,644,75,0.2222222222222222,0
9,180,850,medio,0,0,629,51,0.4888888888888889,0
9,180,863,medio,0,0,616,32,0.7,0
9,181,882,medio,0,0,615,71,0.08888888888888889,0
9,181,889,medio,0,0,608,51,0.3111111111111111,0
9,181,899,medio,0,0,598,37,0.4666666666666667,0
9,181,901,medio,0,0,596,36,0.4777777777777778,0
9,182,920,medio,0,0,614,85,0.07777777777777778,0
9,182,931,medio,0,0,603,57,0.3888888888888889,0
9,182,935,medio,0,0,599,54,0.4222222222222222,0
9,182,948,medio,0,0,586,39,0.5888888888888889,0
9,183,969,medio,0,0,635,39,0.07777777777777778,0
9,183,970,medio,0,0,634,37,0.1,0
9,183,979,medio,0,0,625,6,0.4444444444444444,0
9,183,982,medio,0,0,622,1,0.5,0
9,184,987,medio,0,0,637,44,0.05555555555555555,0
9,184,988,medio,0,0,636,44,0.05555555555555555,0
9,184,990,medio,0,0,634,38,0.12222222222222222,0
9,184,997,medio,0,0,627,20,0.32222222222222224,0
9,185,1004,medio,0,0,667,54,0.0,0
9,185,1005,medio,0,0,666,54,0.0,0
9,185,1019,medio,0,0,652,35,0.2111111111111111,0
9,185,1026,medio,0,0,645,28,0.28888888888888886,0
9,186,1033,medio,0,0,606,115,0.0,0
9,186,1046,medio,0,0,593,67,0.5333333333333333,0
9,186,1048,medio,0,0,591,49,0.7333333333333333,0
9,186,1058,medio,0,0,581,12,1.1444444444444444,0
9,187,1064,medio,0,0,808,104,0.08888888888888889,0
9,187,1078,medio,0,0,794,37,0.8333333333333334,0
9,187,1079,medio,0,0,793,36,0.8444444444444444,0
9,187,1088,medio,0,0,784,8,1.1555555555555554,0
9,188,1089,medio,0,0,796,126,0.0,0
9,188,1121,medio,0,0,764,14,1.2444444444444445,0
9,188,1122,medio,0,0,763,7,1.3222222222222222,0
9,188,1145,medio,0,0,740,1,1.3888888888888888,0
9,189,1128,medio,0,0,611,99,0.044444444444444446,0
9,189,1137,medio,0,0,602,71,0.35555555555555557,0
9,189,1139,medio,0,0,600,63,0.4444444444444444,0
9,189,1142,medio,0,0,597,55,0.5333333333333333,0
9,190,1158,medio,0,0,730,116,0.1,0
9,190,1178,medio,0,0,710,51,0.8222222222222222,0
9,190,1185,medio,0,0,703,25,1.1111111111111112,0
9,190,1189,medio,0,0,699,3,1.3555555555555556,0
9,191,1196,medio,0,0,634,52,0.25555555555555554,0
9,191,1198,medio,0,0,632,43,0.35555555555555557,0
9,191,1200,medio,0,0,630,35,0.4444444444444444,0
9,191,1206,medio,0,0,624,17,0.6444444444444445,0
10,194,122,lento,0,0,661,3,0.011111111111111112,0
10,194,131,lento,0,0,652,3,0.011111111111111112,0
10,194,133,lento,0,0,650,2,0.022222222222222223,0
10,194,138,lento,0,0,645,1,0.03333333333333333,0
10,195,163,lento,0,0,644,3,0.0,0
10,195,170,lento,0,0,637,3,0.0,0
10,195,175,lento,0,0,632,3,0.0,0
10,195,180,lento,0,0,627,3,0.0,0
10,196,243,lento,0,0,794,3,0.0,0
10,196,254,lento,0,0,783,3,0.0,0
10,196,269,lento,0,0,768,2,0.011111111111111112,0
10,196,278,lento,0,0,759,2,0.011111111111111112,0
10,197,295,lento,0,0,691,2,0.0,0
10,197,318,lento,0,0,668,2,0.0,0
10,197,342,lento,0,0,644,2,0.0,0
10,197,365,lento,0,0,621,1,0.011111111111111112,0
10,198,397,lento,0,0,768,5,0.0,0
10,198,406,lento,0,0,759,4,0.011111111111111112,0
10,198,428,lento,0,0,737,3,0.022222222222222223,0
10,198,460,lento,0,0,705,1,0.044444444444444446,0
10,199,481,lento,0,0,774,4,0.0,0
10,199,498,lento,0,0,757,4,0.0,0
10,199,513,lento,0,0,742,3,0.011111111111111112,0
10,199,536,lento,0,0,719,2,0.022222222222222223,0
10,200,613,lento,0,0,801,2,0.0,0
10,200,617,lento,0,0,797,2,0.0,0
10,200,624,lento,0,0,790,2,0.0,0
10,200,626,lento,0,0,788,2,0.0,0
10,201,640,lento,0,0,809,5,0.0,0
10,201,641,lento,0,0,808,4,0.011111111111111112,0
10,201,673,lento,0,0,776,3,0.022222222222222223,0
10,201,674,lento,0,0,775,3,0.022222222222222223,0
10,202,748,lento,0,0,683,3,0.022222222222222223,0
10,202,757,lento,0,0,674,3,0.022222222222222223,0
10,202,769,lento,0,0,662,2,0.03333333333333333,0
10,202,772,lento,0,0,659,1,0.044444444444444446,0
10,203,782,lento,0,0,760,4,0.0,0
10,203,796,lento,0,0,746,1,0.03333333333333333,0
10,203,807,lento,0,0,735,1,0.03333333333333333,0
10,203,817,lento,0,0,725,1,0.03333333333333333,0
10,204,828,lento,0,0,761,4,0.0,0
10,204,834,lento,0,0,755,4,0.0,0
10,204,835,lento,0,0,754,4,0.0,0
10,204,848,lento,0,0,741,3,0.011111111111111112,0
10,205,879,lento,0,0,694,2,0.0,0
10,205,880,lento,0,0,693,2,0.0,0
10,205,883,lento,0,0,690,2,0.0,0
10,205,886,lento,0,0,687,2,0.0,0
10,206,908,lento,0,0,770,1,0.03333333333333333,0
10,206,911,lento,0,0,767,1,0.03333333333333333,0
10,206,914,lento,0,0,764,1,0.03333333333333333,0
10,206,918,lento,0,0,760,1,0.03333333333333333,0
10,207,923,lento,0,0,819,4,0.0,0
10,207,945,lento,0,0,797,1,0.03333333333333333,0
10,207,953,lento,0,0,789,1,0.03333333333333333,0
10,207,965,lento,0,0,777,1,0.03333333333333333,0
10,208,1014,lento,0,0,791,4,0.0,0
10,208,1035,lento,0,0,770,3,0.011111111111111112,0
10,208,1067,lento,0,0,738,2,0.022222222222222223,0
10,208,1079,lento,0,0,726,2,0.022222222222222223,0
11,212,142,medio,1,1,22,64,0.8111111111111111,30
11,212,150,medio,1,1,14,47,1.0,30
11,212,151,medio,1,1,13,45,1.0222222222222221,30
11,212,157,medio,1,1,7,37,1.1111111111111112,30
11,213,193,medio,1,1,38,223,0.45555555555555555,192
11,213,205,medio,1,1,26,209,0.6111111111111112,192
11,213,210,medio,1,1,21,202,0.6888888888888889,192
11,213,230,medio,1,1,1,193,0.7888888888888889,192
11,214,263,medio,1,1,27,225,0.17777777777777778,206
11,214,269,medio,1,1,21,222,0.2111111111111111,206
11,214,278,medio,1,1,12,216,0.2777777777777778,206
11,214,285,medio,1,1,5,211,0.3333333333333333,206
11,215,296,medio,1,1,58,112,0.0,35
11,215,305,medio,1,1,49,104,0.08888888888888889,35
11,215,308,medio,1,1,46,96,0.17777777777777778,35
11,215,322,medio,1,1,32,77,0.3888888888888889,35
11,216,360,medio,1,1,54,198,0.0,109
11,216,374,medio,1,1,40,170,0.3111111111111111,109
11,216,390,medio,1,1,24,150,0.5333333333333333,109
11,216,402,medio,1,1,12,130,0.7555555555555555,109
11,217,423,medio,1,1,56,168,0.06666666666666667,29
11,217,454,medio,1,1,25,83,1.011111111111111,29
11,217,473,medio,1,1,6,35,1.5444444444444445,29
11,217,475,medio,1,1,4,30,1.6,29
11,218,490,medio,1,1,50,215,0.26666666666666666,127
11,218,510,medio,1,1,30,174,0.7222222222222222,127
11,218,518,medio,1,1,22,161,0.8666666666666667,127
11,218,540,medio,1,1,0,128,1.2333333333333334,127
11,219,551,medio,1,1,51,125,0.1111111111111111,71
11,219,566,medio,1,1,36,110,0.2777777777777778,71
11,219,572,medio,1,1,30,105,0.3333333333333333,71
11,219,584,medio,1,1,18,90,0.5,71
11,220,615,medio,1,1,51,142,0.08888888888888889,85
11,220,617,medio,1,1,49,142,0.08888888888888889,85
11,220,624,medio,1,1,42,136,0.15555555555555556,85
11,220,631,medio,1,1,35,124,0.28888888888888886,85
11,221,672,medio,1,1,57,173,0.0,67
11,221,684,medio,1,1,45,157,0.17777777777777778,67
11,221,696,medio,1,1,33,135,0.4222222222222222,67
11,221,707,medio,1,1,22,117,0.6222222222222222,67
11,222,737,medio,1,1,63,253,0.03333333333333333,80
11,222,746,medio,1,1,54,228,0.3111111111111111,80
11,222,762,medio,1,1,38,193,0.7,80
11,222,770,medio,1,1,30,169,0.9666666666666667,80
11,223,811,medio,1,1,60,128,0.14444444444444443,0
11,223,826,medio,1,1,45,82,0.6555555555555556,0
11,223,834,medio,1,1,37,60,0.9,0
11,223,838,medio,1,1,33,51,1.0,0
11,224,857,medio,1,1,61,137,0.0,59
11,224,896,medio,1,1,22,75,0.6888888888888889,59
11,224,899,medio,1,1,19,70,0.7444444444444445,59
11,224,909,medio,1,1,9,68,0.7666666666666667,59
11,225,952,medio,1,1,24,233,0.2222222222222222,218
11,225,953,medio,1,1,23,232,0.23333333333333334,218
11,225,967,medio,1,1,9,222,0.34444444444444444,218
11,225,970,medio,1,1,6,221,0.35555555555555557,218
11,226,1001,medio,1,1,37,233,0.17777777777777778,206
11,226,1008,medio,1,1,30,225,0.26666666666666666,206
11,226,1010,medio,1,1,28,224,0.2777777777777778,206
11,226,1027,medio,1,1,11,211,0.4222222222222222,206
11,227,1053,medio,1,1,47,242,0.13333333333333333,173
11,227,1061,medio,1,1,39,231,0.25555555555555554,173
11,227,1081,medio,1,1,19,204,0.5555555555555556,173
11,227,1095,medio,1,1,5,180,0.8222222222222222,173
11,228,1110,medio,1,1,59,235,0.07777777777777778,119
11,228,1111,medio,1,1,58,235,0.07777777777777778,119
11,228,1136,medio,1,1,33,204,0.4222222222222222,119
11,228,1165,medio,1,1,4,132,1.2222222222222223,119
12,231,120,medio,0,0,613,51,0.5,0
12,231,121,medio,0,0,612,48,0.5333333333333333,0
12,231,122,medio,0,0,611,47,0.5444444444444444,0
12,231,127,medio,0,0,606,34,0.6888888888888889,0
12,232,153,medio,0,0,664,88,0.7222222222222222,0
12,232,154,medio,0,0,663,86,0.7444444444444445,0
12,232,177,medio,0,0,640,35,1.3111111111111111,0
12,232,181,medio,0,0,636,23,1.4444444444444444,0
12,233,222,medio,0,0,533,118,1.1888888888888889,0
12,233,225,medio,0,0,530,95,1.4444444444444444,0
12,233,258,medio,0,0,497,8,2.411111111111111,0
12,233,259,medio,0,0,496,6,2.433333333333333,0
12,234,268,medio,0,0,556,161,0.0,0
12,234,276,medio,0,0,548,150,0.12222222222222222,0
12,234,294,medio,0,0,530,105,0.6222222222222222,0
12,234,302,medio,0,0,522,86,0.8333333333333334,0
12,235,328,medio,0,0,706,164,0.0,0
12,235,331,medio,0,0,703,164,0.0,0
12,235,341,medio,0,0,693,131,0.36666666666666664,0
12,235,345,medio,0,0,689,118,0.5111111111111111,0
12,236,413,medio,0,0,698,124,1.1666666666666667,0
12,236,427,medio,0,0,684,100,1.4333333333333333,0
12,236,450,medio,0,0,661,17,2.3555555555555556,0
12,236,459,medio,0,0,652,13,2.4,0
12,237,456,medio,0,0,556,96,0.13333333333333333,0
12,237,462,medio,0,0,550,79,0.32222222222222224,0
12,237,479,medio,0,0,533,28,0.8888888888888888,0
12,237,480,medio,0,0,532,25,0.9222222222222223,0
12,238,487,medio,0,0,642,221,0.0,0
12,238,505,medio,0,0,624,177,0.4888888888888889,0
12,238,525,medio,0,0,604,134,0.9666666666666667,0
12,238,548,medio,0,0,581,74,1.6333333333333333,0
12,239,593,medio,0,0,540,181,0.3888888888888889,0
12,239,622,medio,0,0,511,101,1.2777777777777777,0
12,239,637,medio,0,0,496,43,1.9222222222222223,0
12,239,645,medio,0,0,488,14,2.2444444444444445,0
12,240,646,medio,0,0,565,165,0.0,0
12,240,661,medio,0,0,550,121,0.4888888888888889,0
12,240,670,medio,0,0,541,98,0.7444444444444445,0
12,240,695,medio,0,0,516,4,1.788888888888889,0
12,241,734,medio,0,0,639,75,1.4444444444444444,0
12,241,740,medio,0,0,633,41,1.8222222222222222,0
12,241,777,medio,0,0,596,15,2.111111111111111,0
12,241,778,medio,0,0,595,15,2.111111111111111,0
12,242,766,medio,0,0,543,75,0.6888888888888889,0
12,242,772,medio,0,0,537,58,0.8777777777777778,0
12,242,778,medio,0,0,531,31,1.1777777777777778,0
12,242,784,medio,0,0,525,8,1.4333333333333333,0
12,243,796,medio,0,0,669,116,0.5,0
12,243,800,medio,0,0,665,86,0.8333333333333334,0
12,243,804,medio,0,0,661,55,1.1777777777777778,0
12,243,808,medio,0,0,657,32,1.4333333333333333,0
12,244,820,medio,0,0,668,115,0.43333333333333335,0
12,244,821,medio,0,0,667,111,0.4777777777777778,0
12,244,836,medio,0,0,652,3,1.6777777777777778,0
12,244,837,medio,0,0,651,1,1.7,0
12,245,842,medio,0,0,721,135,0.25555555555555554,0
12,245,845,medio,0,0,718,115,0.4777777777777778,0
12,245,853,medio,0,0,710,70,0.9777777777777777,0
12,245,859,medio,0,0,704,33,1.3888888888888888,0
12,246,866,medio,0,0,729,218,0.03333333333333333,0
12,246,890,medio,0,0,705,128,1.0333333333333334,0
12,246,895,medio,0,0,700,90,1.4555555555555555,0
12,246,931,medio,0,0,664,19,2.2444444444444445,0
12,247,913,medio,0,0,556,173,0.36666666666666664,0
12,247,918,medio,0,0,551,137,0.7666666666666667,0
12,247,923,medio,0,0,546,113,1.0333333333333334,0
12,247,935,medio,0,0,534,28,1.9777777777777779,0
12,248,948,medio,0,0,623,110,0.4222222222222222,0
12,248,963,medio,0,0,608,35,1.2555555555555555,0
12,248,964,medio,0,0,607,32,1.288888888888889,0
12,248,967,medio,0,0,604,22,1.4,0
12,249,975,medio,0,0,647,244,0.2222222222222222,0
12,249,987,medio,0,0,635,184,0.8888888888888888,0
12,249,1009,medio,0,0,613,70,2.1555555555555554,0
12,249,1016,medio,0,0,606,46,2.422222222222222,0
12,250,1027,medio,0,0,660,124,0.13333333333333333,0
12,250,1038,medio,0,0,649,41,1.0555555555555556,0
12,250,1062,medio,0,0,625,10,1.4,0
12,250,1088,medio,0,0,599,10,1.4,0
12,251,1051,medio,0,0,537,225,0.43333333333333335,0
12,251,1060,medio,0,0,528,173,1.011111111111111,0
12,251,1065,medio,0,0,523,133,1.4555555555555555,0
12,251,1074,medio,0,0,514,89,1.9444444444444444,0
12,252,1130,medio,0,0,616,9,1.6777777777777778,0
12,252,1133,medio,0,0,613,9,1.6777777777777778,0
12,252,1140,medio,0,0,606,9,1.6777777777777778,0
12,252,1162,medio,0,0,584,9,1.6777777777777778,0
12,253,1116,medio,0,0,569,161,0.13333333333333333,0
12,253,1118,medio,0,0,567,151,0.24444444444444444,0
12,253,1138,medio,0,0,547,30,1.5888888888888888,0
12,253,1144,medio,0,0,541,3,1.8888888888888888,0
12,254,1153,medio,0,0,542,112,0.3888888888888889,0
12,254,1155,medio,0,0,540,103,0.4888888888888889,0
12,254,1164,medio,0,0,531,59,0.9777777777777777,0
12,254,1166,medio,0,0,529,52,1.0555555555555556,0
12,255,1181,medio,0,0,629,176,0.2777777777777778,0
12,255,1182,medio,0,0,628,153,0.5333333333333333,0
12,255,1189,medio,0,0,621,128,0.8111111111111111,0
12,255,1204,medio,0,0,606,48,1.7,0
13,258,120,lento,0,0,661,1,0.07777777777777778,0
13,258,121,lento,0,0,660,1,0.07777777777777778,0
13,258,153,lento,0,0,628,1,0.06666666666666667,0
13,258,154,lento,0,0,627,1,0.06666666666666667,0
13,259,131,lento,0,0,541,7,0.05555555555555555,0
13,259,136,lento,0,0,536,7,0.05555555555555555,0
13,259,140,lento,0,0,532,6,0.06666666666666667,0
13,259,153,lento,0,0,519,4,0.08888888888888889,0
13,260,191,lento,0,0,710,5,0.011111111111111112,0
13,260,208,lento,0,0,693,2,0.044444444444444446,0
13,260,253,lento,0,0,648,2,0.044444444444444446,0
13,260,263,lento,0,0,638,2,0.044444444444444446,0
13,261,214,lento,0,0,665,11,0.011111111111111112,0
13,261,220,lento,0,0,659,10,0.022222222222222223,0
13,261,268,lento,0,0,611,6,0.06666666666666667,0
13,261,280,lento,0,0,599,3,0.1,0
13,262,345,lento,0,0,666,2,0.06666666666666667,0
13,262,404,lento,0,0,607,2,0.044444444444444446,0
13,262,422,lento,0,0,589,1,0.011111111111111112,0
13,262,426,lento,0,0,585,1,0.011111111111111112,0
13,263,347,lento,0,0,562,9,0.05555555555555555,0
13,263,350,lento,0,0,559,9,0.05555555555555555,0
13,263,357,lento,0,0,552,9,0.05555555555555555,0
13,263,392,lento,0,0,517,4,0.1111111111111111,0
13,264,422,lento,0,0,611,11,0.0,0
13,264,455,lento,0,0,578,8,0.03333333333333333,0
13,264,460,lento,0,0,573,7,0.044444444444444446,0
13,264,472,lento,0,0,561,6,0.05555555555555555,0
13,265,508,lento,0,0,626,11,0.0,0
13,265,541,lento,0,0,593,6,0.05555555555555555,0
13,265,543,lento,0,0,591,5,0.06666666666666667,0
13,265,577,lento,0,0,557,3,0.08888888888888889,0
13,266,610,lento,0,0,695,8,0.0,0
13,266,619,lento,0,0,686,8,0.0,0
13,266,648,lento,0,0,657,4,0.044444444444444446,0
13,266,659,lento,0,0,646,4,0.044444444444444446,0
13,267,676,lento,0,0,722,10,0.0,0
13,267,695,lento,0,0,703,9,0.011111111111111112,0
13,267,789,lento,0,0,609,2,0.07777777777777778,0
13,267,801,lento,0,0,597,2,0.07777777777777778,0
13,268,803,lento,0,0,726,5,0.0,0
13,268,820,lento,0,0,709,3,0.022222222222222223,0
13,268,922,lento,0,0,607,2,0.011111111111111112,0
13,268,1023,lento,0,0,506,1,0.011111111111111112,0
13,269,856,lento,0,0,651,10,0.0,0
13,269,887,lento,0,0,620,5,0.05555555555555555,0
13,269,899,lento,0,0,608,5,0.05555555555555555,0
13,269,915,lento,0,0,592,4,0.06666666666666667,0
13,270,1027,lento,0,0,673,8,0.011111111111111112,0
13,270,1055,lento,0,0,645,4,0.05555555555555555,0
13,270,1058,lento,0,0,642,4,0.05555555555555555,0
13,270,1066,lento,0,0,634,3,0.06666666666666667,0
13,271,1081,lento,0,0,616,10,0.011111111111111112,0
13,271,1109,lento,0,0,588,5,0.06666666666666667,0
13,271,1113,lento,0,0,584,5,0.06666666666666667,0
13,271,1124,lento,0,0,573,2,0.1,0
13,272,1130,lento,0,0,726,6,0.0,0
13,272,1176,lento,0,0,680,1,0.05555555555555555,0
13,272,1177,lento,0,0,679,1,0.05555555555555555,0
13,272,1181,lento,0,0,675,1,0.05555555555555555,0
13,273,1165,lento,0,0,672,4,0.022222222222222223,0
13,273,1171,lento,0,0,666,4,0.022222222222222223,0
13,273,1173,lento,0,0,664,4,0.022222222222222223,0
13,273,1189,lento,0,0,648,2,0.044444444444444446,0
14,276,128,rapido,1,1,67,535,5.022222222222222,215
14,276,140,rapido,1,1,55,468,5.766666666666667,215
14,276,173,rapido,1,1,22,304,6.611111111111111,215
14,276,183,rapido,1,1,12,264,6.055555555555555,215
14,277,203,rapido,1,1,112,480,0.0,195
14,277,259,rapido,1,1,56,359,1.3444444444444446,195
14,277,285,rapido,1,1,30,297,2.033333333333333,195
14,277,312,rapido,1,1,3,210,2.477777777777778,195
14,278,323,rapido,1,1,119,874,0.0,17
14,278,331,rapido,1,1,111,837,0.4111111111111111,17
14,278,370,rapido,1,1,72,588,3.1777777777777776,17
14,278,409,rapido,1,1,33,311,6.2555555555555555,17
14,279,445,rapido,1,1,123,1093,0.28888888888888886,399
14,279,460,rapido,1,1,108,939,2.0,399
14,279,465,rapido,1,1,103,895,2.488888888888889,399
14,279,565,rapido,1,1,3,408,4.822222222222222,399
14,280,618,rapido,1,1,75,949,0.7888888888888889,769
14,280,690,rapido,1,1,3,779,2.1333333333333333,769
14,280,691,rapido,1,1,2,779,2.1222222222222222,769
14,280,692,rapido,1,1,1,777,2.1333333333333333,769
14,281,736,rapido,1,1,75,627,2.5444444444444443,66
14,281,755,rapido,1,1,56,479,4.188888888888889,66
14,281,758,rapido,1,1,53,447,4.544444444444444,66
14,281,781,rapido,1,1,30,297,6.211111111111111,66
14,282,842,rapido,1,1,111,346,2.2,0
14,282,851,rapido,1,1,102,273,3.011111111111111,0
14,282,856,rapido,1,1,97,246,3.311111111111111,0
14,282,861,rapido,1,1,92,226,3.533333333333333,0
14,283,896,rapido,1,1,126,992,0.17777777777777778,705
14,283,915,rapido,1,1,107,927,0.9,705
14,283,940,rapido,1,1,82,853,1.7222222222222223,705
14,283,1007,rapido,1,1,15,738,2.0,705
14,284,1073,rapido,1,1,66,952,1.8777777777777778,398
14,284,1082,rapido,1,1,57,855,2.9555555555555557,398
14,284,1085,rapido,1,1,54,830,3.2333333333333334,398
14,284,1120,rapido,1,1,19,575,6.066666666666666,398
15,288,125,rapido,0,0,187,49,5.555555555555555,0
15,288,127,rapido,0,0,185,49,5.555555555555555,0
15,288,132,rapido,0,0,180,49,5.555555555555555,0
15,288,146,rapido,0,0,166,1,5.455555555555556,0
15,289,122,rapido,0,0,187,130,2.1222222222222222,0
15,289,131,rapido,0,0,178,58,2.922222222222222,0
15,289,134,rapido,0,0,175,46,3.0555555555555554,0
15,289,137,rapido,0,0,172,13,3.422222222222222,0
15,290,171,rapido,0,0,185,361,2.966666666666667,0
15,290,174,rapido,0,0,182,342,3.1777777777777776,0
15,290,203,rapido,0,0,153,70,6.2,0
15,290,211,rapido,0,0,145,4,6.933333333333334,0
15,291,212,rapido,0,0,220,426,0.2111111111111111,0
15,291,221,rapido,0,0,211,347,1.0888888888888888,0
15,291,233,rapido,0,0,199,230,2.388888888888889,0
15,291,244,rapido,0,0,188,68,4.188888888888889,0
15,292,249,rapido,0,0,252,581,0.0,0
15,292,254,rapido,0,0,247,523,0.6444444444444445,0
15,292,271,rapido,0,0,230,287,3.2666666666666666,0
15,292,279,rapido,0,0,222,185,4.4,0
15,293,303,rapido,0,0,235,491,1.4,0
15,293,311,rapido,0,0,227,414,2.2555555555555555,0
15,293,327,rapido,0,0,211,261,3.9555555555555557,0
15,293,340,rapido,0,0,198,93,5.822222222222222,0
15,294,350,rapido,0,0,208,260,0.9111111111111111,0
15,294,356,rapido,0,0,202,194,1.6444444444444444,0
15,294,363,rapido,0,0,195,106,2.6222222222222222,0
15,294,365,rapido,0,0,193,89,2.811111111111111,0
15,295,377,rapido,0,0,209,256,1.1666666666666667,0
15,295,378,rapido,0,0,208,247,1.2666666666666666,0
15,295,387,rapido,0,0,199,121,2.6666666666666665,0
15,295,397,rapido,0,0,189,1,4.0,0
15,296,396,rapido,0,0,248,592,0.0,0
15,296,417,rapido,0,0,227,372,2.4444444444444446,0
15,296,434,rapido,0,0,210,193,4.433333333333334,0
15,296,435,rapido,0,0,209,185,4.522222222222222,0
15,297,455,rapido,0,0,251,637,0.0,0
15,297,477,rapido,0,0,229,440,2.188888888888889,0
15,297,491,rapido,0,0,215,300,3.7444444444444445,0
15,297,524,rapido,0,0,182,11,6.955555555555556,0
15,298,517,rapido,0,0,230,616,0.0,0
15,298,558,rapido,0,0,189,300,3.511111111111111,0
15,298,579,rapido,0,0,168,156,5.111111111111111,0
15,298,582,rapido,0,0,165,130,5.4,0
15,299,604,rapido,0,0,224,579,0.9111111111111111,0
15,299,635,rapido,0,0,193,269,4.355555555555555,0
15,299,646,rapido,0,0,182,182,5.322222222222222,0
15,299,652,rapido,0,0,176,124,5.966666666666667,0
15,300,671,rapido,0,0,207,571,0.5444444444444444,0
15,300,686,rapido,0,0,192,442,1.9777777777777779,0
15,300,708,rapido,0,0,170,237,4.2555555555555555,0
15,300,720,rapido,0,0,158,119,5.566666666666666,0
15,301,736,rapido,0,0,218,550,0.0,0
15,301,745,rapido,0,0,209,462,0.9777777777777777,0
15,301,746,rapido,0,0,208,452,1.0888888888888888,0
15,301,751,rapido,0,0,203,407,1.5888888888888888,0
15,302,791,rapido,0,0,269,473,0.0,0
15,302,810,rapido,0,0,250,371,1.1333333333333333,0
15,302,830,rapido,0,0,230,212,2.9,0
15,302,846,rapido,0,0,214,75,4.4222222222222225,0
15,303,888,rapido,0,0,222,448,2.8444444444444446,0
15,303,910,rapido,0,0,200,291,4.588888888888889,0
15,303,934,rapido,0,0,176,53,7.233333333333333,0
15,303,935,rapido,0,0,175,40,7.377777777777778,0
15,304,957,rapido,0,0,230,429,0.9222222222222223,0
15,304,985,rapido,0,0,202,253,2.8777777777777778,0
15,304,987,rapido,0,0,200,232,3.111111111111111,0
15,304,995,rapido,0,0,192,177,3.7222222222222223,0
15,305,1013,rapido,0,0,234,365,0.0,0
15,305,1055,rapido,0,0,192,86,3.1,0
15,305,1061,rapido,0,0,186,37,3.6444444444444444,0
15,305,1063,rapido,0,0,184,10,3.9444444444444446,0
15,306,1061,rapido,0,0,246,343,0.0,0
15,306,1066,rapido,0,0,241,322,0.23333333333333334,0
15,306,1073,rapido,0,0,234,255,0.9777777777777777,0
15,306,1113,rapido,0,0,194,1,3.8,0
15,307,1131,rapido,0,0,240,539,1.3777777777777778,0
15,307,1172,rapido,0,0,199,250,4.588888888888889,0
15,307,1177,rapido,0,0,194,217,4.955555555555556,0
15,307,1194,rapido,0,0,177,65,6.644444444444445,0
16,311,139,lento,1,0,340,6,0.1111111111111111,0
16,311,147,lento,1,0,332,6,0.1111111111111111,0
16,311,152,lento,1,0,327,5,0.12222222222222222,0
16,311,163,lento,1,0,316,3,0.14444444444444443,0
16,312,186,lento,1,0,456,15,0.0,0
16,312,216,lento,1,0,426,8,0.07777777777777778,0
16,312,231,lento,1,0,411,3,0.13333333333333333,0
16,312,241,lento,1,0,401,1,0.15555555555555556,0
16,313,241,lento,1,0,409,8,0.0,0
16,313,246,lento,1,0,404,8,0.0,0
16,313,248,lento,1,0,402,8,0.0,0
16,313,255,lento,1,0,395,8,0.0,0
16,314,285,lento,1,0,393,19,0.0,0
16,314,296,lento,1,0,382,15,0.044444444444444446,0
16,314,301,lento,1,0,377,15,0.044444444444444446,0
16,314,307,lento,1,0,371,15,0.044444444444444446,0
16,315,349,lento,1,0,374,10,0.011111111111111112,0
16,315,367,lento,1,0,356,6,0.05555555555555555,0
16,315,378,lento,1,0,345,4,0.07777777777777778,0
16,315,406,lento,1,0,317,1,0.1111111111111111,0
16,316,410,lento,1,0,375,18,0.0,0
16,316,434,lento,1,0,351,13,0.05555555555555555,0
16,316,443,lento,1,0,342,12,0.06666666666666667,0
16,316,449,lento,1,0,336,10,0.08888888888888889,0
16,317,493,lento,1,0,372,19,0.022222222222222223,0
16,317,527,lento,1,0,338,16,0.05555555555555555,0
16,317,555,lento,1,0,310,10,0.12222222222222222,0
16,317,598,lento,1,0,267,6,0.12222222222222222,0
16,318,671,lento,1,0,382,9,0.13333333333333333,0
16,318,680,lento,1,0,373,8,0.14444444444444443,0
16,318,683,lento,1,0,370,7,0.15555555555555556,0
16,318,686,lento,1,0,367,6,0.16666666666666666,0
16,319,706,lento,1,0,393,17,0.011111111111111112,0
16,319,735,lento,1,0,364,11,0.07777777777777778,0
16,319,745,lento,1,0,354,8,0.1111111111111111,0
16,319,762,lento,1,0,337,6,0.13333333333333333,0
16,320,817,lento,1,0,413,10,0.06666666666666667,0
16,320,844,lento,1,0,386,7,0.1,0
16,320,873,lento,1,0,357,6,0.1,0
16,320,926,lento,1,0,304,3,0.044444444444444446,0
16,321,923,lento,1,0,436,17,0.0,0
16,321,946,lento,1,0,413,17,0.0,0
16,321,953,lento,1,0,406,17,0.0,0
16,321,972,lento,1,0,387,15,0.022222222222222223,0
16,322,1053,lento,1,0,386,17,0.011111111111111112,0
16,322,1058,lento,1,0,381,17,0.011111111111111112,0
16,322,1098,lento,1,0,341,6,0.13333333333333333,0
16,322,1099,lento,1,0,340,6,0.13333333333333333,0
17,325,120,lento,1,1,2,32,0.3111111111111111,30
17,325,121,lento,1,1,1,30,0.3333333333333333,30
17,325,122,lento,1,1,0,30,0.3333333333333333,30
17,326,153,lento,1,1,114,45,0.12222222222222222,0
17,326,166,lento,1,1,101,39,0.18888888888888888,0
17,326,203,lento,1,1,64,26,0.3333333333333333,0
17,326,243,lento,1,1,24,8,0.4111111111111111,0
17,327,255,lento,1,1,141,78,0.0,31
17,327,335,lento,1,1,61,49,0.32222222222222224,31
17,327,356,lento,1,1,40,40,0.4111111111111111,31
17,327,368,lento,1,1,28,37,0.4,31
17,328,408,lento,1,1,114,43,0.0,17
17,328,444,lento,1,1,78,39,0.044444444444444446,17
17,328,461,lento,1,1,61,37,0.06666666666666667,17
17,328,489,lento,1,1,33,30,0.14444444444444443,17
17,329,532,lento,1,1,124,82,0.0,40
17,329,542,lento,1,1,114,78,0.044444444444444446,40
17,329,555,lento,1,1,101,73,0.1,40
17,329,560,lento,1,1,96,71,0.12222222222222222,40
17,330,672,lento,1,1,108,88,0.022222222222222223,58
17,330,721,lento,1,1,59,72,0.2,58
17,330,738,lento,1,1,42,68,0.24444444444444444,58
17,330,751,lento,1,1,29,65,0.2777777777777778,58
17,331,791,lento,1,1,124,82,0.011111111111111112,42
17,331,822,lento,1,1,93,77,0.06666666666666667,42
17,331,857,lento,1,1,58,67,0.17777777777777778,42
17,331,891,lento,1,1,24,52,0.32222222222222224,42
17,332,920,lento,1,1,122,71,0.0,0
17,332,928,lento,1,1,114,66,0.05555555555555555,0
17,332,931,lento,1,1,111,62,0.1,0
17,332,989,lento,1,1,53,18,0.5888888888888889,0
17,333,1015,lento,1,1,112,77,0.1111111111111111,0
17,333,1053,lento,1,1,74,40,0.5222222222222223,0
17,333,1098,lento,1,1,29,8,0.8222222222222222,0
17,333,1102,lento,1,1,25,2,0.8444444444444444,0
17,334,1108,lento,1,1,122,75,0.0,0
17,334,1131,lento,1,1,99,56,0.2111111111111111,0
17,334,1173,lento,1,1,57,27,0.5333333333333333,0
17,334,1181,lento,1,1,49,22,0.5888888888888889,0
18,338,125,rapido,1,0,192,127,1.1555555555555554,0
18,338,135,rapido,1,0,182,81,1.6666666666666667,0
18,338,140,rapido,1,0,177,63,1.8666666666666667,0
18,338,145,rapido,1,0,172,35,2.1777777777777776,0
18,339,176,rapido,1,0,196,106,1.1444444444444444,0
18,339,191,rapido,1,0,181,52,1.7444444444444445,0
18,339,207,rapido,1,0,165,11,2.2,0
18,339,208,rapido,1,0,164,8,2.2333333333333334,0
18,340,212,rapido,1,0,255,221,0.06666666666666667,0
18,340,241,rapido,1,0,226,138,0.9888888888888889,0
18,340,277,rapido,1,0,190,79,1.6444444444444444,0
18,340,311,rapido,1,0,156,38,1.9,0
18,341,339,rapido,1,0,201,252,0.1111111111111111,0
18,341,350,rapido,1,0,190,226,0.4,0
18,341,354,rapido,1,0,186,211,0.5666666666666667,0
18,341,416,rapido,1,0,124,53,2.3222222222222224,0
18,342,435,rapido,1,0,214,137,0.14444444444444443,0
18,342,439,rapido,1,0,210,121,0.32222222222222224,0
18,342,459,rapido,1,0,190,30,1.3333333333333333,0
18,342,463,rapido,1,0,186,9,1.5666666666666667,0
18,343,459,rapido,1,0,265,124,0.0,0
18,343,466,rapido,1,0,258,112,0.13333333333333333,0
18,343,467,rapido,1,0,257,110,0.15555555555555556,0
18,343,485,rapido,1,0,239,28,1.0666666666666667,0
18,344,495,rapido,1,0,247,122,0.18888888888888888,0
18,344,502,rapido,1,0,240,90,0.5444444444444444,0
18,344,503,rapido,1,0,239,88,0.5666666666666667,0
18,344,514,rapido,1,0,228,41,1.0888888888888888,0
18,345,527,rapido,1,0,249,101,0.06666666666666667,0
18,345,533,rapido,1,0,243,60,0.5222222222222223,0
18,345,545,rapido,1,0,231,22,0.9444444444444444,0
18,345,552,rapido,1,0,224,8,1.1,0
18,346,576,rapido,1,0,252,39,1.1111111111111112,0
18,346,592,rapido,1,0,236,33,1.1777777777777778,0
18,346,609,rapido,1,0,219,33,1.1777777777777778,0
18,346,626,rapido,1,0,202,25,1.2666666666666666,0
18,347,599,rapido,1,0,200,36,0.6666666666666666,0
18,347,603,rapido,1,0,196,25,0.7888888888888889,0
18,347,612,rapido,1,0,187,10,0.9555555555555556,0
18,347,616,rapido,1,0,183,6,1.0,0
18,348,622,rapido,1,0,240,196,0.0,0
18,348,721,rapido,1,0,141,88,1.2,0
18,348,732,rapido,1,0,130,54,1.5777777777777777,0
18,348,749,rapido,1,0,113,10,1.9111111111111112,0
18,349,744,rapido,1,0,235,108,0.0,0
18,349,746,rapido,1,0,233,108,0.0,0
18,349,762,rapido,1,0,217,63,0.5,0
18,349,774,rapido,1,0,205,11,1.0777777777777777,0
18,350,781,rapido,1,0,235,126,0.12222222222222222,0
18,350,785,rapido,1,0,231,109,0.3111111111111111,0
18,350,788,rapido,1,0,228,89,0.5333333333333333,0
18,350,791,rapido,1,0,225,62,0.8333333333333334,0
18,351,804,rapido,1,0,267,206,0.4444444444444444,0
18,351,815,rapido,1,0,256,136,1.2222222222222223,0
18,351,819,rapido,1,0,252,103,1.5888888888888888,0
18,351,820,rapido,1,0,251,97,1.6555555555555554,0
18,352,854,rapido,1,0,264,118,1.5222222222222221,0
18,352,856,rapido,1,0,262,101,1.711111111111111,0
18,352,863,rapido,1,0,255,52,2.2555555555555555,0
18,352,864,rapido,1,0,254,44,2.3444444444444446,0
18,353,874,rapido,1,0,221,79,0.5444444444444444,0
18,353,878,rapido,1,0,217,50,0.8666666666666667,0
18,353,880,rapido,1,0,215,24,1.1555555555555554,0
18,353,882,rapido,1,0,213,9,1.3222222222222222,0
18,354,903,rapido,1,0,251,105,0.7888888888888889,0
18,354,908,rapido,1,0,246,63,1.2555555555555555,0
18,354,911,rapido,1,0,243,45,1.4555555555555555,0
18,354,915,rapido,1,0,239,11,1.8333333333333333,0
18,355,922,rapido,1,0,246,112,0.4444444444444444,0
18,355,923,rapido,1,0,245,112,0.4444444444444444,0
18,355,933,rapido,1,0,235,66,0.9555555555555556,0
18,355,939,rapido,1,0,229,33,1.3222222222222222,0
18,356,964,rapido,1,0,204,37,0.6555555555555556,0
18,356,965,rapido,1,0,203,33,0.7,0
18,356,967,rapido,1,0,201,24,0.8,0
18,356,973,rapido,1,0,195,16,0.8888888888888888,0
18,357,986,rapido,1,0,217,79,0.2222222222222222,0
18,357,1001,rapido,1,0,202,27,0.8,0
18,357,1008,rapido,1,0,195,13,0.9555555555555556,0
18,357,1017,rapido,1,0,186,8,1.011111111111111,0
18,358,1005,rapido,1,0,213,92,0.0,0
18,358,1013,rapido,1,0,205,92,0.0,0
18,358,1018,rapido,1,0,200,92,0.0,0
18,358,1030,rapido,1,0,188,72,0.2222222222222222,0
18,359,1050,rapido,1,0,260,128,0.05555555555555555,0
18,359,1056,rapido,1,0,254,96,0.4111111111111111,0
18,359,1060,rapido,1,0,250,75,0.6444444444444445,0
18,359,1070,rapido,1,0,240,18,1.2777777777777777,0
18,360,1072,rapido,1,0,241,247,0.0,0
18,360,1074,rapido,1,0,239,241,0.06666666666666667,0
18,360,1088,rapido,1,0,225,169,0.8666666666666667,0
18,360,1096,rapido,1,0,217,109,1.5333333333333334,0
18,361,1112,rapido,1,0,252,72,0.35555555555555557,0
18,361,1122,rapido,1,0,242,8,1.0666666666666667,0
18,361,1130,rapido,1,0,234,8,1.0666666666666667,0
18,361,1135,rapido,1,0,229,8,1.0666666666666667,0
18,362,1121,rapido,1,0,228,179,0.0,0
18,362,1130,rapido,1,0,219,94,0.9444444444444444,0
18,362,1138,rapido,1,0,211,24,1.7222222222222223,0
18,362,1139,rapido,1,0,210,9,1.8888888888888888,0
18,363,1142,rapido,1,0,232,232,0.16666666666666666,0
18,363,1150,rapido,1,0,224,117,1.4444444444444444,0
18,363,1154,rapido,1,0,220,82,1.8333333333333333,0
18,363,1157,rapido,1,0,217,22,2.5,0
18,364,1161,rapido,1,0,287,180,0.2777777777777778,0
18,364,1165,rapido,1,0,283,125,0.8888888888888888,0
18,364,1170,rapido,1,0,278,39,1.8444444444444446,0
18,364,1171,rapido,1,0,277,1,2.2666666666666666,0
18,365,1180,rapido,1,0,238,131,1.2222222222222223,0
18,365,1182,rapido,1,0,236,100,1.5666666666666667,0
18,365,1184,rapido,1,0,234,83,1.7555555555555555,0
18,365,1187,rapido,1,0,231,4,2.6333333333333333,0
18,366,1192,rapido,1,0,274,150,0.18888888888888888,0
18,366,1197,rapido,1,0,269,82,0.9444444444444444,0
18,366,1199,rapido,1,0,267,39,1.4222222222222223,0
18,366,1201,rapido,1,0,265,2,1.8333333333333333,0
18,367,1204,rapido,1,0,224,64,0.3111111111111111,0
18,367,1205,rapido,1,0,223,46,0.5111111111111111,0
18,367,1206,rapido,1,0,222,38,0.6,0
18,367,1207,rapido,1,0,221,18,0.8222222222222222,0
19,370,122,rapido,0,0,190,209,5.988888888888889,0
19,370,135,rapido,0,0,177,83,7.388888888888889,0
19,370,137,rapido,0,0,175,66,7.5777777777777775,0
19,370,139,rapido,0,0,173,53,7.722222222222222,0
19,371,137,rapido,0,0,272,540,0.0,0
19,371,168,rapido,0,0,241,389,1.6777777777777778,0
19,371,190,rapido,0,0,219,256,3.1555555555555554,0
19,371,200,rapido,0,0,209,177,4.033333333333333,0
19,372,272,rapido,0,0,250,336,3.6555555555555554,0
19,372,276,rapido,0,0,246,312,3.922222222222222,0
19,372,298,rapido,0,0,224,163,5.5777777777777775,0
19,372,324,rapido,0,0,198,12,6.777777777777778,0
19,373,370,rapido,0,0,247,242,3.6555555555555554,0
19,373,372,rapido,0,0,245,238,3.7,0
19,373,373,rapido,0,0,244,233,3.7555555555555555,0
19,373,382,rapido,0,0,235,179,4.355555555555555,0
19,374,400,rapido,0,0,270,351,0.0,0
19,374,415,rapido,0,0,255,256,1.0555555555555556,0
19,374,420,rapido,0,0,250,226,1.3888888888888888,0
19,374,452,rapido,0,0,218,7,3.8222222222222224,0
19,375,478,rapido,0,0,226,378,1.5,0
19,375,486,rapido,0,0,218,341,1.9111111111111112,0
19,375,508,rapido,0,0,196,166,3.8555555555555556,0
19,375,519,rapido,0,0,185,109,4.488888888888889,0
19,376,528,rapido,0,0,228,440,0.0,0
19,376,553,rapido,0,0,203,278,1.8,0
19,376,569,rapido,0,0,187,176,2.933333333333333,0
19,376,577,rapido,0,0,179,139,3.3444444444444446,0
19,377,593,rapido,0,0,258,693,0.0,0
19,377,612,rapido,0,0,239,541,1.6888888888888889,0
19,377,668,rapido,0,0,183,114,6.433333333333334,0
19,377,672,rapido,0,0,179,96,6.633333333333334,0
19,378,713,rapido,0,0,248,198,2.811111111111111,0
19,378,717,rapido,0,0,244,172,3.1,0
19,378,731,rapido,0,0,230,77,4.155555555555556,0
19,378,740,rapido,0,0,221,10,4.9,0
19,379,752,rapido,0,0,251,640,0.6444444444444445,0
19,379,778,rapido,0,0,225,517,2.011111111111111,0
19,379,787,rapido,0,0,216,465,2.588888888888889,0
19,379,842,rapido,0,0,161,25,6.833333333333333,0
19,380,856,rapido,0,0,263,726,0.9888888888888889,0
19,380,885,rapido,0,0,234,520,3.2777777777777777,0
19,380,933,rapido,0,0,186,201,6.822222222222222,0
19,380,948,rapido,0,0,171,88,6.966666666666667,0
19,381,956,rapido,0,0,254,644,0.0,0
19,381,1008,rapido,0,0,202,194,5.0,0
19,381,1012,rapido,0,0,198,161,5.366666666666666,0
19,381,1022,rapido,0,0,188,55,6.544444444444444,0
19,382,1027,rapido,0,0,231,357,0.0,0
19,382,1030,rapido,0,0,228,325,0.35555555555555557,0
19,382,1037,rapido,0,0,221,269,0.9777777777777777,0
19,382,1055,rapido,0,0,203,127,2.5555555555555554,0
19,383,1065,rapido,0,0,246,568,0.0,0
19,383,1066,rapido,0,0,245,568,0.0,0
19,383,1069,rapido,0,0,242,543,0.2777777777777778,0
19,383,1085,rapido,0,0,226,391,1.9666666666666666,0
19,384,1122,rapido,0,0,278,459,0.0,0
19,384,1155,rapido,0,0,245,272,2.077777777777778,0
19,384,1166,rapido,0,0,234,220,2.6555555555555554,0
19,384,1191,rapido,0,0,209,21,4.866666666666666,0
20,388,130,lento,0,0,592,22,0.022222222222222223,0
20,388,143,lento,0,0,579,20,0.044444444444444446,0
20,388,171,lento,0,0,551,12,0.13333333333333333,0
20,388,177,lento,0,0,545,10,0.15555555555555556,0
20,389,199,lento,0,0,644,11,0.0,0
20,389,235,lento,0,0,608,4,0.07777777777777778,0
20,389,237,lento,0,0,606,4,0.07777777777777778,0
20,389,240,lento,0,0,603,4,0.07777777777777778,0
20,390,337,lento,0,0,480,7,0.17777777777777778,0
20,390,340,lento,0,0,477,6,0.17777777777777778,0
20,390,342,lento,0,0,475,5,0.18888888888888888,0
20,390,343,lento,0,0,474,5,0.18888888888888888,0
20,391,364,lento,0,0,521,10,0.0,0
20,391,366,lento,0,0,519,10,0.0,0
20,391,383,lento,0,0,502,9,0.011111111111111112,0
20,391,432,lento,0,0,453,2,0.08888888888888889,0
20,392,432,lento,0,0,673,22,0.0,0
20,392,482,lento,0,0,623,15,0.07777777777777778,0
20,392,519,lento,0,0,586,11,0.12222222222222222,0
20,392,592,lento,0,0,513,1,0.13333333333333333,0
20,393,571,lento,0,0,530,19,0.0,0
20,393,575,lento,0,0,526,19,0.0,0
20,393,628,lento,0,0,473,6,0.14444444444444443,0
20,393,629,lento,0,0,472,6,0.14444444444444443,0
20,394,679,lento,0,0,660,18,0.044444444444444446,0
20,394,727,lento,0,0,612,11,0.12222222222222222,0
20,394,732,lento,0,0,607,11,0.12222222222222222,0
20,394,781,lento,0,0,558,5,0.14444444444444443,0
20,395,831,lento,0,0,615,18,0.011111111111111112,0
20,395,833,lento,0,0,613,17,0.022222222222222223,0
20,395,895,lento,0,0,551,9,0.1111111111111111,0
20,395,929,lento,0,0,517,3,0.15555555555555556,0
20,396,940,lento,0,0,619,23,0.0,0
20,396,950,lento,0,0,609,20,0.03333333333333333,0
20,396,1019,lento,0,0,540,6,0.18888888888888888,0
20,396,1023,lento,0,0,536,5,0.2,0
21,399,125,lento,0,0,301,21,0.18888888888888888,0
21,399,128,lento,0,0,298,18,0.2222222222222222,0
21,399,153,lento,0,0,273,13,0.2777777777777778,0
21,399,165,lento,0,0,261,8,0.3,0
21,400,226,lento,0,0,413,3,0.2222222222222222,0
21,400,249,lento,0,0,390,3,0.2222222222222222,0
21,400,277,lento,0,0,362,3,0.2222222222222222,0
21,400,317,lento,0,0,322,3,0.0,0
21,401,224,lento,0,0,359,36,0.0,0
21,401,234,lento,0,0,349,28,0.08888888888888889,0
21,401,240,lento,0,0,343,23,0.14444444444444443,0
21,401,247,lento,0,0,336,19,0.18888888888888888,0
21,402,276,lento,0,0,351,18,0.03333333333333333,0
21,402,294,lento,0,0,333,13,0.08888888888888889,0
21,402,302,lento,0,0,325,7,0.15555555555555556,0
21,402,308,lento,0,0,319,4,0.18888888888888888,0
21,403,370,lento,0,0,353,13,0.32222222222222224,0
21,403,372,lento,0,0,351,12,0.3333333333333333,0
21,403,374,lento,0,0,349,9,0.36666666666666664,0
21,403,378,lento,0,0,345,5,0.4111111111111111,0
21,404,392,lento,0,0,447,23,0.044444444444444446,0
21,404,399,lento,0,0,440,20,0.07777777777777778,0
21,404,403,lento,0,0,436,15,0.13333333333333333,0
21,404,409,lento,0,0,430,11,0.17777777777777778,0
21,405,421,lento,0,0,394,18,0.0,0
21,405,433,lento,0,0,382,13,0.05555555555555555,0
21,405,434,lento,0,0,381,12,0.06666666666666667,0
21,405,446,lento,0,0,369,4,0.15555555555555556,0
21,406,453,lento,0,0,363,18,0.011111111111111112,0
21,406,454,lento,0,0,362,16,0.03333333333333333,0
21,406,464,lento,0,0,352,10,0.1,0
21,406,467,lento,0,0,349,7,0.13333333333333333,0
21,407,517,lento,0,0,358,12,0.3333333333333333,0
21,407,520,lento,0,0,355,10,0.35555555555555557,0
21,407,521,lento,0,0,354,10,0.35555555555555557,0
21,407,523,lento,0,0,352,5,0.4111111111111111,0
21,408,528,lento,0,0,408,14,0.0,0
21,408,533,lento,0,0,403,14,0.0,0
21,408,534,lento,0,0,402,11,0.03333333333333333,0
21,408,539,lento,0,0,397,7,0.07777777777777778,0
21,409,550,lento,0,0,400,18,0.0,0
21,409,556,lento,0,0,394,12,0.06666666666666667,0
21,409,557,lento,0,0,393,9,0.1,0
21,409,577,lento,0,0,373,2,0.17777777777777778,0
21,410,573,lento,0,0,381,22,0.0,0
21,410,582,lento,0,0,372,20,0.022222222222222223,0
21,410,585,lento,0,0,369,17,0.05555555555555555,0
21,410,598,lento,0,0,356,13,0.1,0
21,411,626,lento,0,0,363,35,0.06666666666666667,0
21,411,636,lento,0,0,353,26,0.16666666666666666,0
21,411,640,lento,0,0,349,22,0.2111111111111111,0
21,411,647,lento,0,0,342,15,0.28888888888888886,0
21,412,682,lento,0,0,433,39,0.0,0
21,412,707,lento,0,0,408,16,0.25555555555555554,0
21,412,710,lento,0,0,405,10,0.32222222222222224,0
21,412,718,lento,0,0,397,2,0.4111111111111111,0
21,413,721,lento,0,0,414,15,0.0,0
21,413,724,lento,0,0,411,9,0.06666666666666667,0
21,413,727,lento,0,0,408,7,0.08888888888888889,0
21,413,728,lento,0,0,407,7,0.08888888888888889,0
21,414,738,lento,0,0,446,24,0.011111111111111112,0
21,414,739,lento,0,0,445,23,0.022222222222222223,0
21,414,747,lento,0,0,437,21,0.044444444444444446,0
21,414,767,lento,0,0,417,5,0.2222222222222222,0
21,415,773,lento,0,0,457,39,0.0,0
21,415,794,lento,0,0,436,21,0.2,0
21,415,848,lento,0,0,382,1,0.4222222222222222,0
21,415,861,lento,0,0,369,1,0.4222222222222222,0
21,416,836,lento,0,0,357,33,0.06666666666666667,0
21,416,843,lento,0,0,350,27,0.13333333333333333,0
21,416,855,lento,0,0,338,17,0.24444444444444444,0
21,416,871,lento,0,0,322,1,0.4222222222222222,0
21,417,876,lento,0,0,418,20,0.0,0
21,417,883,lento,0,0,411,18,0.022222222222222223,0
21,417,903,lento,0,0,391,8,0.13333333333333333,0
21,417,916,lento,0,0,378,6,0.15555555555555556,0
21,418,936,lento,0,0,463,33,0.0,0
21,418,945,lento,0,0,454,28,0.05555555555555555,0
21,418,958,lento,0,0,441,21,0.13333333333333333,0
21,418,977,lento,0,0,422,11,0.24444444444444444,0
21,419,986,lento,0,0,473,42,0.0,0
21,419,989,lento,0,0,470,39,0.03333333333333333,0
21,419,998,lento,0,0,461,27,0.16666666666666666,0
21,419,1009,lento,0,0,450,16,0.28888888888888886,0
21,420,1044,lento,0,0,394,18,0.2111111111111111,0
21,420,1045,lento,0,0,393,17,0.2222222222222222,0
21,420,1047,lento,0,0,391,15,0.24444444444444444,0
21,420,1056,lento,0,0,382,7,0.3333333333333333,0
21,421,1066,lento,0,0,423,29,0.0,0
21,421,1080,lento,0,0,409,21,0.08888888888888889,0
21,421,1083,lento,0,0,406,19,0.1111111111111111,0
21,421,1094,lento,0,0,395,3,0.28888888888888886,0
21,422,1100,lento,0,0,369,15,0.022222222222222223,0
21,422,1101,lento,0,0,368,15,0.022222222222222223,0
21,422,1109,lento,0,0,360,3,0.15555555555555556,0
21,422,1111,lento,0,0,358,2,0.16666666666666666,0
21,423,1117,lento,0,0,367,14,0.06666666666666667,0
21,423,1120,lento,0,0,364,11,0.1,0
21,423,1121,lento,0,0,363,9,0.12222222222222222,0
21,423,1129,lento,0,0,355,2,0.2,0
21,424,1132,lento,0,0,421,34,0.0,0
21,424,1150,lento,0,0,403,13,0.23333333333333334,0
21,424,1152,lento,0,0,401,12,0.24444444444444444,0
21,424,1162,lento,0,0,391,3,0.34444444444444444,0
21,425,1168,lento,0,0,385,25,0.011111111111111112,0
21,425,1169,lento,0,0,384,24,0.022222222222222223,0
21,425,1183,lento,0,0,370,14,0.13333333333333333,0
21,425,1205,lento,0,0,348,1,0.2777777777777778,0
22,427,129,rapido,0,1,23,435,9.033333333333333,160
22,427,146,rapido,0,1,6,272,8.922222222222222,160
22,427,147,rapido,0,1,5,270,8.855555555555556,160
22,427,152,rapido,0,1,0,178,9.1,160
22,428,191,rapido,0,1,154,594,3.4444444444444446,0
22,428,268,rapido,0,1,77,194,5.711111111111111,0
22,428,272,rapido,0,1,73,173,5.544444444444444,0
22,428,290,rapido,0,1,55,82,5.155555555555556,0
22,429,325,rapido,0,1,111,1269,0.9222222222222223,429
22,429,331,rapido,0,1,105,1247,1.1666666666666667,429
22,429,343,rapido,0,1,93,1138,2.3777777777777778,429
22,429,351,rapido,0,1,85,1065,3.188888888888889,429
22,430,475,rapido,0,1,140,1320,2.3444444444444446,349
22,430,526,rapido,0,1,89,956,6.388888888888889,349
22,430,573,rapido,0,1,42,662,6.955555555555556,349
22,430,578,rapido,0,1,37,609,7.177777777777778,349
22,431,644,rapido,0,1,139,496,1.5333333333333334,0
22,431,651,rapido,0,1,132,463,1.9,0
22,431,661,rapido,0,1,122,399,2.611111111111111,0
22,431,716,rapido,0,1,67,121,5.388888888888889,0
22,432,734,rapido,0,1,136,655,0.022222222222222223,0
22,432,742,rapido,0,1,128,596,0.6777777777777778,0
22,432,749,rapido,0,1,121,559,1.0888888888888888,0
22,432,803,rapido,0,1,67,205,5.022222222222222,0
22,433,842,rapido,0,1,154,1030,0.45555555555555555,0
22,433,856,rapido,0,1,140,913,1.7555555555555555,0
22,433,882,rapido,0,1,114,729,3.8,0
22,433,960,rapido,0,1,36,107,7.7555555555555555,0
22,434,1005,rapido,0,1,109,1182,2.977777777777778,64
22,434,1065,rapido,0,1,49,627,8.688888888888888,64
22,434,1078,rapido,0,1,36,522,8.944444444444445,64
22,434,1092,rapido,0,1,22,348,9.544444444444444,64
23,438,121,medio,1,0,729,13,0.7777777777777778,0
23,438,122,medio,1,0,728,11,0.8,0
23,438,126,medio,1,0,724,8,0.8333333333333334,0
23,438,128,medio,1,0,722,4,0.8777777777777778,0
23,439,190,medio,1,0,741,16,0.5666666666666667,0
23,439,191,medio,1,0,740,16,0.5666666666666667,0
23,439,199,medio,1,0,732,16,0.5666666666666667,0
23,439,211,medio,1,0,720,16,0.5666666666666667,0
23,440,180,medio,1,0,677,49,0.07777777777777778,0
23,440,181,medio,1,0,676,49,0.07777777777777778,0
23,440,188,medio,1,0,669,45,0.12222222222222222,0
23,440,194,medio,1,0,663,42,0.15555555555555556,0
23,441,251,medio,1,0,689,69,0.0,0
23,441,289,medio,1,0,651,69,0.0,0
23,441,328,medio,1,0,612,38,0.34444444444444444,0
23,441,352,medio,1,0,588,6,0.7,0
23,442,417,medio,1,0,550,45,0.5111111111111111,0
23,442,420,medio,1,0,547,45,0.5111111111111111,0
23,442,452,medio,1,0,515,20,0.7888888888888889,0
23,442,453,medio,1,0,514,19,0.8,0
23,443,496,medio,1,0,756,59,0.2222222222222222,0
23,443,604,medio,1,0,648,18,0.3888888888888889,0
23,443,636,medio,1,0,616,8,0.35555555555555557,0
23,443,637,medio,1,0,615,8,0.35555555555555557,0
23,444,626,medio,1,0,635,41,0.0,0
23,444,652,medio,1,0,609,39,0.022222222222222223,0
23,444,680,medio,1,0,581,26,0.16666666666666666,0
23,444,683,medio,1,0,578,26,0.16666666666666666,0
23,445,708,medio,1,0,587,93,0.0,0
23,445,796,medio,1,0,499,70,0.25555555555555554,0
23,445,860,medio,1,0,435,34,0.45555555555555555,0
23,445,938,medio,1,0,357,13,0.25555555555555554,0
23,446,959,medio,1,0,603,100,0.0,0
23,446,1060,medio,1,0,502,78,0.24444444444444444,0
23,446,1121,medio,1,0,441,30,0.6222222222222222,0
23,446,1157,medio,1,0,405,13,0.6555555555555556,0
24,450,126,medio,0,0,514,67,0.45555555555555555,0
24,450,128,medio,0,0,512,65,0.4777777777777778,0
24,450,137,medio,0,0,503,39,0.7666666666666667,0
24,450,145,medio,0,0,495,13,1.0555555555555556,0
24,451,156,medio,0,0,486,112,0.08888888888888889,0
24,451,176,medio,0,0,466,48,0.8,0
24,451,179,medio,0,0,463,34,0.9555555555555556,0
24,451,203,medio,0,0,439,23,1.0777777777777777,0
24,452,190,medio,0,0,432,50,0.37777777777777777,0
24,452,198,medio,0,0,424,24,0.6666666666666666,0
24,452,202,medio,0,0,420,13,0.7888888888888889,0
24,452,203,medio,0,0,419,13,0.7888888888888889,0
24,453,202,medio,0,0,449,79,0.0,0
24,453,210,medio,0,0,441,79,0.0,0
24,453,230,medio,0,0,421,6,0.8111111111111111,0
24,453,232,medio,0,0,419,3,0.8444444444444444,0
24,454,237,medio,0,0,440,101,0.022222222222222223,0
24,454,241,medio,0,0,436,81,0.24444444444444444,0
24,454,268,medio,0,0,409,18,0.9444444444444444,0
24,454,272,medio,0,0,405,9,1.0444444444444445,0
24,455,267,medio,0,0,522,100,0.0,0
24,455,286,medio,0,0,503,50,0.5555555555555556,0
24,455,301,medio,0,0,488,31,0.7666666666666667,0
24,455,314,medio,0,0,475,31,0.7666666666666667,0
24,456,293,medio,0,0,446,91,0.03333333333333333,0
24,456,294,medio,0,0,445,88,0.06666666666666667,0
24,456,300,medio,0,0,439,72,0.24444444444444444,0
24,456,324,medio,0,0,415,1,1.0333333333333334,0
24,457,323,medio,0,0,459,106,0.0,0
24,457,335,medio,0,0,447,73,0.36666666666666664,0
24,457,343,medio,0,0,439,49,0.6333333333333333,0
24,457,344,medio,0,0,438,44,0.6888888888888889,0
24,458,384,medio,0,0,520,30,0.5777777777777777,0
24,458,415,medio,0,0,489,29,0.5888888888888889,0
24,458,423,medio,0,0,481,29,0.5888888888888889,0
24,458,469,medio,0,0,435,29,0.12222222222222222,0
24,459,383,medio,0,0,431,113,0.0,0
24,459,403,medio,0,0,411,41,0.8,0
24,459,404,medio,0,0,410,38,0.8333333333333334,0
24,459,405,medio,0,0,409,36,0.8555555555555555,0
24,460,421,medio,0,0,416,190,0.3111111111111111,0
24,460,429,medio,0,0,408,164,0.6,0
24,460,432,medio,0,0,405,157,0.6777777777777778,0
24,460,465,medio,0,0,372,48,1.8888888888888888,0
24,461,489,medio,0,0,434,115,0.0,0
24,461,509,medio,0,0,414,60,0.6111111111111112,0
24,461,513,medio,0,0,410,49,0.7333333333333333,0
24,461,516,medio,0,0,407,33,0.9111111111111111,0
24,462,526,medio,0,0,480,214,0.1111111111111111,0
24,462,562,medio,0,0,444,99,1.3888888888888888,0
24,462,569,medio,0,0,437,67,1.7444444444444445,0
24,462,586,medio,0,0,420,13,2.3444444444444446,0
24,463,587,medio,0,0,420,122,0.0,0
24,463,588,medio,0,0,419,122,0.0,0
24,463,597,medio,0,0,410,100,0.24444444444444444,0
24,463,601,medio,0,0,406,80,0.4666666666666667,0
24,464,630,medio,0,0,488,126,0.6555555555555556,0
24,464,634,medio,0,0,484,120,0.7222222222222222,0
24,464,656,medio,0,0,462,37,1.6444444444444444,0
24,464,662,medio,0,0,456,16,1.8777777777777778,0
24,465,669,medio,0,0,524,185,0.3,0
24,465,676,medio,0,0,517,153,0.6555555555555556,0
24,465,696,medio,0,0,497,58,1.711111111111111,0
24,465,760,medio,0,0,433,34,1.6444444444444444,0
24,466,724,medio,0,0,464,109,1.011111111111111,0
24,466,737,medio,0,0,451,80,1.3333333333333333,0
24,466,741,medio,0,0,447,67,1.4777777777777779,0
24,466,750,medio,0,0,438,48,1.6888888888888889,0
24,467,786,medio,0,0,537,131,0.4111111111111111,0
24,467,792,medio,0,0,531,116,0.5777777777777777,0
24,467,793,medio,0,0,530,114,0.6,0
24,467,825,medio,0,0,498,2,1.8444444444444446,0
24,468,835,medio,0,0,531,154,0.3888888888888889,0
24,468,851,medio,0,0,515,106,0.9222222222222223,0
24,468,865,medio,0,0,501,49,1.5555555555555556,0
24,468,876,medio,0,0,490,11,1.9777777777777779,0
24,469,889,medio,0,0,488,133,0.5,0
24,469,897,medio,0,0,480,118,0.6666666666666666,0
24,469,904,medio,0,0,473,80,1.0888888888888888,0
24,469,923,medio,0,0,454,11,1.8555555555555556,0
24,470,920,medio,0,0,524,169,0.0,0
24,470,931,medio,0,0,513,159,0.1111111111111111,0
24,470,963,medio,0,0,481,62,1.1888888888888889,0
24,470,986,medio,0,0,458,38,1.4555555555555555,0
24,471,990,medio,0,0,424,77,0.8222222222222222,0
24,471,995,medio,0,0,419,67,0.9333333333333333,0
24,471,998,medio,0,0,416,54,1.0777777777777777,0
24,471,1007,medio,0,0,407,23,1.4222222222222223,0
24,472,1038,medio,0,0,511,187,0.4222222222222222,0
24,472,1056,medio,0,0,493,131,1.0444444444444445,0
24,472,1058,medio,0,0,491,120,1.1666666666666667,0
24,472,1088,medio,0,0,461,31,2.1555555555555554,0
24,473,1140,medio,0,0,417,80,1.3777777777777778,0
24,473,1147,medio,0,0,410,62,1.5777777777777777,0
24,473,1155,medio,0,0,402,56,1.6444444444444444,0
24,473,1176,medio,0,0,381,13,2.1222222222222222,0
24,474,1171,medio,0,0,407,96,0.0,0
24,474,1172,medio,0,0,406,96,0.0,0
24,474,1182,medio,0,0,396,79,0.18888888888888888,0
24,474,1207,medio,0,0,371,3,1.0333333333333334,0
25,477,120,rapido,1,0,384,46,5.011111111111111,0
25,477,121,rapido,1,0,383,35,5.133333333333334,0
25,477,122,rapido,1,0,382,34,5.144444444444445,0
25,477,123,rapido,1,0,381,20,5.3,0
25,478,127,rapido,1,0,454,448,0.2222222222222222,0
25,478,131,rapido,1,0,450,380,0.9777777777777777,0
25,478,144,rapido,1,0,437,224,2.7111111111111112,0
25,478,153,rapido,1,0,428,74,4.377777777777778,0
25,479,157,rapido,1,0,507,491,0.0,0
25,479,162,rapido,1,0,502,453,0.4222222222222222,0
25,479,175,rapido,1,0,489,183,3.422222222222222,0
25,479,179,rapido,1,0,485,97,4.377777777777778,0
25,480,185,rapido,1,0,503,593,0.07777777777777778,0
25,480,196,rapido,1,0,492,329,3.011111111111111,0
25,480,199,rapido,1,0,489,254,3.8444444444444446,0
25,480,206,rapido,1,0,482,156,4.933333333333334,0
25,481,220,rapido,1,0,406,114,1.4111111111111112,0
25,481,221,rapido,1,0,405,99,1.5777777777777777,0
25,481,224,rapido,1,0,402,68,1.9222222222222223,0
25,481,226,rapido,1,0,400,34,2.3,0
25,482,236,rapido,1,0,398,252,1.4555555555555555,0
25,482,238,rapido,1,0,396,232,1.6777777777777778,0
25,482,240,rapido,1,0,394,187,2.1777777777777776,0
25,482,252,rapido,1,0,382,26,3.966666666666667,0
25,483,259,rapido,1,0,429,555,0.8,0
25,483,261,rapido,1,0,427,483,1.6,0
25,483,284,rapido,1,0,404,125,5.5777777777777775,0
25,483,288,rapido,1,0,400,51,6.4,0
25,484,302,rapido,1,0,491,509,1.4333333333333333,0
25,484,318,rapido,1,0,475,326,3.466666666666667,0
25,484,327,rapido,1,0,466,213,4.722222222222222,0
25,484,332,rapido,1,0,461,158,5.333333333333333,0
25,485,370,rapido,1,0,432,426,1.7333333333333334,0
25,485,387,rapido,1,0,415,272,3.4444444444444446,0
25,485,401,rapido,1,0,401,155,4.7444444444444445,0
25,485,409,rapido,1,0,393,58,5.822222222222222,0
25,486,415,rapido,1,0,436,562,0.0,0
25,486,418,rapido,1,0,433,518,0.4888888888888889,0
25,486,452,rapido,1,0,399,96,5.177777777777778,0
25,486,455,rapido,1,0,396,27,5.944444444444445,0
25,487,461,rapido,1,0,408,454,0.7,0
25,487,463,rapido,1,0,406,427,1.0,0
25,487,469,rapido,1,0,400,338,1.988888888888889,0
25,487,491,rapido,1,0,378,4,5.7,0
25,488,490,rapido,1,0,473,688,0.0,0
25,488,519,rapido,1,0,444,339,3.8777777777777778,0
25,488,523,rapido,1,0,440,303,4.277777777777778,0
25,488,545,rapido,1,0,418,29,7.322222222222222,0
25,489,553,rapido,1,0,463,560,1.288888888888889,0
25,489,555,rapido,1,0,461,530,1.6222222222222222,0
25,489,567,rapido,1,0,449,415,2.9,0
25,489,586,rapido,1,0,430,169,5.633333333333334,0
25,490,601,rapido,1,0,434,228,0.3111111111111111,0
25,490,606,rapido,1,0,429,176,0.8888888888888888,0
25,490,635,rapido,1,0,400,22,2.6,0
25,490,636,rapido,1,0,399,22,2.6,0
25,491,617,rapido,1,0,411,334,0.0,0
25,491,620,rapido,1,0,408,315,0.2111111111111111,0
25,491,643,rapido,1,0,385,47,3.188888888888889,0
25,491,647,rapido,1,0,381,5,3.6555555555555554,0
25,492,654,rapido,1,0,452,364,0.4777777777777778,0
25,492,656,rapido,1,0,450,336,0.7888888888888889,0
25,492,668,rapido,1,0,438,261,1.6222222222222222,0
25,492,690,rapido,1,0,416,75,3.688888888888889,0
25,493,702,rapido,1,0,438,694,0.044444444444444446,0
25,493,749,rapido,1,0,391,368,3.6666666666666665,0
25,493,794,rapido,1,0,346,71,6.733333333333333,0
25,493,800,rapido,1,0,340,27,6.7555555555555555,0
25,494,802,rapido,1,0,435,530,0.0,0
25,494,825,rapido,1,0,412,404,1.4,0
25,494,845,rapido,1,0,392,141,4.322222222222222,0
25,494,848,rapido,1,0,389,118,4.5777777777777775,0
25,495,854,rapido,1,0,465,643,0.0,0
25,495,896,rapido,1,0,423,256,4.3,0
25,495,903,rapido,1,0,416,193,5.0,0
25,495,915,rapido,1,0,404,54,6.544444444444444,0
25,496,940,rapido,1,0,457,23,2.966666666666667,0
25,496,945,rapido,1,0,452,23,2.966666666666667,0
25,496,952,rapido,1,0,445,23,2.966666666666667,0
25,496,953,rapido,1,0,444,23,2.966666666666667,0
25,497,939,rapido,1,0,420,435,0.1111111111111111,0
25,497,947,rapido,1,0,412,351,1.0444444444444445,0
25,497,951,rapido,1,0,408,292,1.7,0
25,497,965,rapido,1,0,394,125,3.5555555555555554,0
25,498,1016,rapido,1,0,387,261,3.4444444444444446,0
25,498,1044,rapido,1,0,359,119,5.022222222222222,0
25,498,1046,rapido,1,0,357,110,5.122222222222222,0
25,498,1050,rapido,1,0,353,83,5.4222222222222225,0
25,499,1072,rapido,1,0,430,262,0.25555555555555554,0
25,499,1085,rapido,1,0,417,225,0.6666666666666666,0
25,499,1108,rapido,1,0,394,147,1.5333333333333334,0
25,499,1111,rapido,1,0,391,144,1.5666666666666667,0
25,500,1126,rapido,1,0,400,348,0.0,0
25,500,1131,rapido,1,0,395,348,0.0,0
25,500,1158,rapido,1,0,368,244,1.1555555555555554,0
25,500,1174,rapido,1,0,352,142,2.2888888888888888,0
26,504,124,medio,1,0,640,107,0.14444444444444443,0
26,504,126,medio,1,0,638,106,0.15555555555555556,0
26,504,128,medio,1,0,636,104,0.17777777777777778,0
26,504,173,medio,1,0,591,13,1.1888888888888889,0
26,505,177,medio,1,0,547,69,0.044444444444444446,0
26,505,187,medio,1,0,537,43,0.3333333333333333,0
26,505,194,medio,1,0,530,37,0.4,0
26,505,205,medio,1,0,519,22,0.5666666666666667,0
26,506,225,medio,1,0,562,48,0.0,0
26,506,229,medio,1,0,558,48,0.0,0
26,506,237,medio,1,0,550,35,0.14444444444444443,0
26,506,245,medio,1,0,542,23,0.2777777777777778,0
26,507,254,medio,1,0,625,106,0.0,0
26,507,275,medio,1,0,604,93,0.14444444444444443,0
26,507,278,medio,1,0,601,90,0.17777777777777778,0
26,507,288,medio,1,0,591,84,0.24444444444444444,0
26,508,391,medio,1,0,586,53,0.0,0
26,508,421,medio,1,0,556,49,0.044444444444444446,0
26,508,450,medio,1,0,527,15,0.4222222222222222,0
26,508,473,medio,1,0,504,15,0.4222222222222222,0
26,509,445,medio,1,0,521,110,0.0,0
26,509,452,medio,1,0,514,101,0.1,0
26,509,460,medio,1,0,506,93,0.18888888888888888,0
26,509,479,medio,1,0,487,58,0.5777777777777777,0
26,510,539,medio,1,0,602,20,0.8666666666666667,0
26,510,625,medio,1,0,516,1,0.4,0
26,510,646,medio,1,0,495,1,0.17777777777777778,0
26,510,671,medio,1,0,470,1,0.08888888888888889,0
26,511,542,medio,1,0,561,57,0.1111111111111111,0
26,511,545,medio,1,0,558,48,0.2111111111111111,0
26,511,550,medio,1,0,553,38,0.32222222222222224,0
26,511,555,medio,1,0,548,18,0.5444444444444444,0
26,512,568,medio,1,0,541,100,0.03333333333333333,0
26,512,590,medio,1,0,519,47,0.6222222222222222,0
26,512,594,medio,1,0,515,37,0.7333333333333333,0
26,512,600,medio,1,0,509,27,0.8444444444444444,0
26,513,646,medio,1,0,475,60,0.6,0
26,513,648,medio,1,0,473,58,0.6222222222222222,0
26,513,675,medio,1,0,446,29,0.9444444444444444,0
26,513,689,medio,1,0,432,20,1.0444444444444445,0
26,514,705,medio,1,0,522,126,0.0,0
26,514,707,medio,1,0,520,126,0.0,0
26,514,725,medio,1,0,502,122,0.044444444444444446,0
26,514,730,medio,1,0,497,116,0.1111111111111111,0
26,515,840,medio,1,0,512,61,0.1,0
26,515,864,medio,1,0,488,12,0.6444444444444445,0
26,515,868,medio,1,0,484,11,0.6555555555555556,0
26,515,869,medio,1,0,483,8,0.6888888888888889,0
26,516,870,medio,1,0,546,84,0.0,0
26,516,875,medio,1,0,541,82,0.022222222222222223,0
26,516,881,medio,1,0,535,74,0.1111111111111111,0
26,516,919,medio,1,0,497,7,0.8555555555555555,0
26,517,916,medio,1,0,570,65,0.0,0
26,517,931,medio,1,0,555,50,0.16666666666666666,0
26,517,936,medio,1,0,550,45,0.2222222222222222,0
26,517,944,medio,1,0,542,32,0.36666666666666664,0
26,518,991,medio,1,0,586,81,0.43333333333333335,0
26,518,1009,medio,1,0,568,59,0.6777777777777778,0
26,518,1014,medio,1,0,563,55,0.7222222222222222,0
26,518,1090,medio,1,0,487,6,0.7444444444444445,0
26,519,1095,medio,1,0,620,98,0.0,0
26,519,1144,medio,1,0,571,71,0.3,0
26,519,1197,medio,1,0,518,10,0.9,0
26,519,1204,medio,1,0,511,3,0.9555555555555556,0
27,522,163,medio,0,1,61,80,0.4777777777777778,29
27,522,165,medio,0,1,59,77,0.5111111111111111,29
27,522,170,medio,0,1,54,73,0.5555555555555556,29
27,522,191,medio,0,1,33,57,0.7333333333333333,29
27,523,234,medio,0,1,111,127,0.044444444444444446,10
27,523,243,medio,0,1,102,115,0.17777777777777778,10
27,523,300,medio,0,1,45,74,0.6333333333333333,10
27,523,333,medio,0,1,12,43,0.8,10
27,524,366,medio,0,1,99,102,0.2,0
27,524,377,medio,0,1,88,92,0.3111111111111111,0
27,524,379,medio,0,1,86,92,0.3111111111111111,0
27,524,422,medio,0,1,43,27,1.0333333333333334,0
27,525,475,medio,0,1,82,50,0.7222222222222222,0
27,525,477,medio,0,1,80,49,0.7333333333333333,0
27,525,479,medio,0,1,78,48,0.7444444444444445,0
27,525,502,medio,0,1,55,6,1.211111111111111,0
27,526,506,medio,0,1,114,118,0.03333333333333333,0
27,526,544,medio,0,1,76,53,0.7555555555555555,0
27,526,548,medio,0,1,72,44,0.8555555555555555,0
27,526,558,medio,0,1,62,34,0.9666666666666667,0
27,527,585,medio,0,1,100,98,0.16666666666666666,0
27,527,616,medio,0,1,69,50,0.7,0
27,527,640,medio,0,1,45,14,1.1,0
27,527,648,medio,0,1,37,6,1.1888888888888889,0
27,528,660,medio,0,1,93,127,0.14444444444444443,0
27,528,686,medio,0,1,67,88,0.5777777777777777,0
27,528,697,medio,0,1,56,71,0.7666666666666667,0
27,528,699,medio,0,1,54,68,0.8,0
27,529,753,medio,0,1,87,99,0.16666666666666666,0
27,529,757,medio,0,1,83,95,0.2111111111111111,0
27,529,779,medio,0,1,61,70,0.4888888888888889,0
27,529,823,medio,0,1,17,26,0.9777777777777777,0
27,530,848,medio,0,1,114,125,0.13333333333333333,0
27,530,892,medio,0,1,70,70,0.7444444444444445,0
27,530,898,medio,0,1,64,62,0.8333333333333334,0
27,530,925,medio,0,1,37,20,1.3,0
27,531,954,medio,0,1,98,105,0.14444444444444443,0
27,531,957,medio,0,1,95,102,0.17777777777777778,0
27,531,977,medio,0,1,75,75,0.4777777777777778,0
27,531,994,medio,0,1,58,43,0.8333333333333334,0
27,532,1034,medio,0,1,110,66,0.08888888888888889,0
27,532,1042,medio,0,1,102,53,0.23333333333333334,0
27,532,1071,medio,0,1,73,18,0.6222222222222222,0
27,532,1077,medio,0,1,67,13,0.6777777777777778,0
27,533,1116,medio,0,1,90,101,0.36666666666666664,0
27,533,1122,medio,0,1,84,89,0.5,0
27,533,1130,medio,0,1,76,76,0.6444444444444445,0
27,533,1153,medio,0,1,53,40,1.0444444444444445,0
28,537,134,lento,0,0,314,7,0.011111111111111112,0
28,537,142,lento,0,0,306,6,0.022222222222222223,0
28,537,218,lento,0,0,230,3,0.044444444444444446,0
28,537,261,lento,0,0,187,1,0.022222222222222223,0
28,538,298,lento,0,0,373,3,0.0,0
28,538,299,lento,0,0,372,3,0.0,0
28,538,314,lento,0,0,357,1,0.022222222222222223,0
28,538,316,lento,0,0,355,1,0.022222222222222223,0
28,539,321,lento,0,0,448,5,0.0,0
28,539,338,lento,0,0,431,3,0.022222222222222223,0
28,539,339,lento,0,0,430,3,0.022222222222222223,0
28,539,341,lento,0,0,428,3,0.022222222222222223,0
28,540,473,lento,0,0,319,4,0.011111111111111112,0
28,540,477,lento,0,0,315,4,0.011111111111111112,0
28,540,487,lento,0,0,305,4,0.011111111111111112,0
28,540,505,lento,0,0,287,3,0.022222222222222223,0
28,541,599,lento,0,0,416,5,0.0,0
28,541,618,lento,0,0,397,4,0.011111111111111112,0
28,541,653,lento,0,0,362,4,0.011111111111111112,0
28,541,683,lento,0,0,332,1,0.044444444444444446,0
28,542,758,lento,0,0,414,1,0.022222222222222223,0
28,542,760,lento,0,0,412,1,0.022222222222222223,0
28,542,787,lento,0,0,385,1,0.022222222222222223,0
28,542,790,lento,0,0,382,1,0.022222222222222223,0
28,543,859,lento,0,0,310,7,0.0,0
28,543,939,lento,0,0,230,6,0.011111111111111112,0
28,543,1053,lento,0,0,116,2,0.03333333333333333,0
28,543,1111,lento,0,0,58,1,0.03333333333333333,0
29,546,132,lento,0,0,543,27,0.3333333333333333,0
29,546,133,lento,0,0,542,27,0.3333333333333333,0
29,546,156,lento,0,0,519,9,0.5333333333333333,0
29,546,161,lento,0,0,514,4,0.5888888888888889,0
29,547,171,lento,0,0,559,21,0.03333333333333333,0
29,547,172,lento,0,0,558,21,0.03333333333333333,0
29,547,200,lento,0,0,530,6,0.2,0
29,547,205,lento,0,0,525,1,0.25555555555555554,0
29,548,215,lento,0,0,576,27,0.044444444444444446,0
29,548,226,lento,0,0,565,22,0.1,0
29,548,235,lento,0,0,556,21,0.1111111111111111,0
29,548,260,lento,0,0,531,9,0.24444444444444444,0
29,549,314,lento,0,0,502,24,0.17777777777777778,0
29,549,320,lento,0,0,496,21,0.2111111111111111,0
29,549,324,lento,0,0,492,16,0.26666666666666666,0
29,549,351,lento,0,0,465,2,0.4222222222222222,0
29,550,364,lento,0,0,483,30,0.03333333333333333,0
29,550,379,lento,0,0,468,23,0.1111111111111111,0
29,550,383,lento,0,0,464,19,0.15555555555555556,0
29,550,406,lento,0,0,441,10,0.25555555555555554,0
29,551,428,lento,0,0,571,41,0.0,0
29,551,433,lento,0,0,566,41,0.0,0
29,551,462,lento,0,0,537,31,0.1111111111111111,0
29,551,473,lento,0,0,526,29,0.13333333333333333,0
29,552,559,lento,0,0,549,25,0.044444444444444446,0
29,552,567,lento,0,0,541,25,0.044444444444444446,0
29,552,585,lento,0,0,523,22,0.07777777777777778,0
29,552,595,lento,0,0,513,20,0.1,0
29,553,703,lento,0,0,536,17,0.1,0
29,553,746,lento,0,0,493,6,0.2222222222222222,0
29,553,747,lento,0,0,492,6,0.2222222222222222,0
29,553,752,lento,0,0,487,4,0.24444444444444444,0
29,554,751,lento,0,0,584,28,0.0,0
29,554,759,lento,0,0,576,28,0.0,0
29,554,768,lento,0,0,567,23,0.05555555555555555,0
29,554,784,lento,0,0,551,18,0.1111111111111111,0
29,555,808,lento,0,0,586,49,0.0,0
29,555,831,lento,0,0,563,44,0.05555555555555555,0
29,555,832,lento,0,0,562,44,0.05555555555555555,0
29,555,935,lento,0,0,459,2,0.4222222222222222,0
29,556,933,lento,0,0,567,30,0.0,0
29,556,976,lento,0,0,524,10,0.2222222222222222,0
29,556,981,lento,0,0,519,9,0.23333333333333334,0
29,556,997,lento,0,0,503,2,0.3111111111111111,0
29,557,1060,lento,0,0,462,31,0.2,0
29,557,1088,lento,0,0,434,21,0.3111111111111111,0
29,557,1123,lento,0,0,399,9,0.32222222222222224,0
29,557,1166,lento,0,0,356,4,0.23333333333333334,0
30,560,120,lento,1,0,214,1,0.07777777777777778,0
30,560,121,lento,1,0,213,1,0.07777777777777778,0
30,560,122,lento,1,0,212,1,0.07777777777777778,0
30,560,136,lento,1,0,198,1,0.07777777777777778,0
30,561,120,lento,1,0,208,2,0.06666666666666667,0
30,561,121,lento,1,0,207,2,0.06666666666666667,0
30,561,122,lento,1,0,206,2,0.06666666666666667,0
30,561,123,lento,1,0,205,2,0.06666666666666667,0
30,562,192,lento,1,0,224,1,0.06666666666666667,0
30,562,218,lento,1,0,198,1,0.06666666666666667,0
30,562,229,lento,1,0,187,1,0.06666666666666667,0
30,562,237,lento,1,0,179,1,0.03333333333333333,0
30,563,177,lento,1,0,216,6,0.0,0
30,563,196,lento,1,0,197,4,0.022222222222222223,0
30,563,215,lento,1,0,178,3,0.03333333333333333,0
30,563,236,lento,1,0,157,1,0.05555555555555555,0
30,564,292,lento,1,0,201,10,0.022222222222222223,0
30,564,315,lento,1,0,178,8,0.044444444444444446,0
30,564,338,lento,1,0,155,8,0.044444444444444446,0
30,564,364,lento,1,0,129,8,0.03333333333333333,0
30,565,431,lento,1,0,225,7,0.0,0
30,565,439,lento,1,0,217,7,0.0,0
30,565,449,lento,1,0,207,6,0.011111111111111112,0
30,565,483,lento,1,0,173,1,0.06666666666666667,0
30,566,469,lento,1,0,244,7,0.0,0
30,566,471,lento,1,0,242,7,0.0,0
30,566,495,lento,1,0,218,6,0.011111111111111112,0
30,566,497,lento,1,0,216,6,0.011111111111111112,0
30,567,519,lento,1,0,252,4,0.022222222222222223,0
30,567,521,lento,1,0,250,4,0.022222222222222223,0
30,567,525,lento,1,0,246,4,0.022222222222222223,0
30,567,526,lento,1,0,245,4,0.022222222222222223,0
30,568,538,lento,1,0,289,10,0.0,0
30,568,550,lento,1,0,277,8,0.022222222222222223,0
30,568,552,lento,1,0,275,8,0.022222222222222223,0
30,568,584,lento,1,0,243,2,0.08888888888888889,0
30,569,588,lento,1,0,283,7,0.0,0
30,569,598,lento,1,0,273,6,0.011111111111111112,0
30,569,631,lento,1,0,240,3,0.044444444444444446,0
30,569,663,lento,1,0,208,2,0.05555555555555555,0
30,570,687,lento,1,0,237,12,0.0,0
30,570,719,lento,1,0,205,8,0.044444444444444446,0
30,570,727,lento,1,0,197,8,0.044444444444444446,0
30,570,735,lento,1,0,189,5,0.07777777777777778,0
30,571,764,lento,1,0,222,6,0.0,0
30,571,768,lento,1,0,218,5,0.011111111111111112,0
30,571,769,lento,1,0,217,4,0.022222222222222223,0
30,571,782,lento,1,0,204,1,0.05555555555555555,0
30,572,781,lento,1,0,231,6,0.0,0
30,572,787,lento,1,0,225,5,0.011111111111111112,0
30,572,790,lento,1,0,222,3,0.03333333333333333,0
30,572,798,lento,1,0,214,2,0.044444444444444446,0
30,573,802,lento,1,0,225,8,0.0,0
30,573,809,lento,1,0,218,5,0.03333333333333333,0
30,573,819,lento,1,0,208,1,0.07777777777777778,0
30,573,821,lento,1,0,206,1,0.07777777777777778,0
30,574,830,lento,1,0,217,9,0.011111111111111112,0
30,574,837,lento,1,0,210,6,0.044444444444444446,0
30,574,848,lento,1,0,199,6,0.044444444444444446,0
30,574,851,lento,1,0,196,5,0.05555555555555555,0
30,575,877,lento,1,0,221,7,0.011111111111111112,0
30,575,885,lento,1,0,213,4,0.044444444444444446,0
30,575,886,lento,1,0,212,3,0.05555555555555555,0
30,575,897,lento,1,0,201,1,0.07777777777777778,0
30,576,907,lento,1,0,228,8,0.022222222222222223,0
30,576,909,lento,1,0,226,7,0.03333333333333333,0
30,576,910,lento,1,0,225,7,0.03333333333333333,0
30,576,911,lento,1,0,224,7,0.03333333333333333,0
30,577,929,lento,1,0,243,12,0.0,0
30,577,934,lento,1,0,238,8,0.044444444444444446,0
30,577,938,lento,1,0,234,6,0.06666666666666667,0
30,577,943,lento,1,0,229,1,0.12222222222222222,0
30,578,958,lento,1,0,229,7,0.022222222222222223,0
30,578,964,lento,1,0,223,5,0.044444444444444446,0
30,578,967,lento,1,0,220,3,0.06666666666666667,0
30,578,969,lento,1,0,218,2,0.07777777777777778,0
30,579,986,lento,1,0,280,9,0.03333333333333333,0
30,579,996,lento,1,0,270,5,0.07777777777777778,0
30,579,1001,lento,1,0,265,5,0.07777777777777778,0
30,579,1014,lento,1,0,252,1,0.12222222222222222,0
30,580,1022,lento,1,0,218,7,0.022222222222222223,0
30,580,1040,lento,1,0,200,5,0.044444444444444446,0
30,580,1069,lento,1,0,171,3,0.06666666666666667,0
30,580,1081,lento,1,0,159,3,0.06666666666666667,0
30,581,1124,lento,1,0,290,10,0.0,0
30,581,1133,lento,1,0,281,9,0.011111111111111112,0
30,581,1147,lento,1,0,267,3,0.07777777777777778,0
30,581,1165,lento,1,0,249,1,0.1,0
30,582,1165,lento,1,0,261,6,0.0,0
30,582,1167,lento,1,0,259,6,0.0,0
30,582,1179,lento,1,0,247,5,0.011111111111111112,0
30,582,1180,lento,1,0,246,5,0.011111111111111112,0
30,583,1194,lento,1,0,262,7,0.0,0
30,583,1196,lento,1,0,260,6,0.011111111111111112,0
30,583,1198,lento,1,0,258,5,0.022222222222222223,0
30,583,1200,lento,1,0,256,4,0.03333333333333333,0
31,586,126,rapido,0,0,626,259,2.1,0
31,586,183,rapido,0,0,569,44,3.6777777777777776,0
31,586,187,rapido,0,0,565,29,3.588888888888889,0
31,586,189,rapido,0,0,563,25,3.6,0
31,587,200,rapido,0,0,743,309,0.16666666666666666,0
31,587,268,rapido,0,0,675,34,3.2222222222222223,0
31,587,283,rapido,0,0,660,34,3.2222222222222223,0
31,587,424,rapido,0,0,519,34,0.0,0
31,588,266,rapido,0,0,611,290,0.15555555555555556,0
31,588,286,rapido,0,0,591,236,0.7555555555555555,0
31,588,304,rapido,0,0,573,148,1.7333333333333334,0
31,588,326,rapido,0,0,551,67,2.6333333333333333,0
31,589,348,rapido,0,0,591,332,0.12222222222222222,0
31,589,387,rapido,0,0,552,148,2.1666666666666665,0
31,589,406,rapido,0,0,533,60,3.1444444444444444,0
31,589,411,rapido,0,0,528,45,3.311111111111111,0
31,590,450,rapido,0,0,656,313,0.7888888888888889,0
31,590,462,rapido,0,0,644,247,1.5222222222222221,0
31,590,467,rapido,0,0,639,222,1.8,0
31,590,523,rapido,0,0,583,6,4.2,0
31,591,518,rapido,0,0,614,429,0.0,0
31,591,548,rapido,0,0,584,347,0.9111111111111111,0
31,591,602,rapido,0,0,530,148,3.1222222222222222,0
31,591,612,rapido,0,0,520,120,3.433333333333333,0
31,592,657,rapido,0,0,761,237,0.8777777777777778,0
31,592,672,rapido,0,0,746,178,1.5333333333333334,0
31,592,691,rapido,0,0,727,51,2.9444444444444446,0
31,592,713,rapido,0,0,705,26,3.2222222222222223,0
31,593,701,rapido,0,0,588,189,0.32222222222222224,0
31,593,707,rapido,0,0,582,141,0.8555555555555555,0
31,593,708,rapido,0,0,581,136,0.9111111111111111,0
31,593,712,rapido,0,0,577,117,1.1222222222222222,0
31,594,730,rapido,0,0,702,242,0.18888888888888888,0
31,594,739,rapido,0,0,693,172,0.9666666666666667,0
31,594,743,rapido,0,0,689,133,1.4,0
31,594,746,rapido,0,0,686,109,1.6666666666666667,0
31,595,764,rapido,0,0,600,301,0.3,0
31,595,768,rapido,0,0,596,272,0.6222222222222222,0
31,595,776,rapido,0,0,588,193,1.5,0
31,595,791,rapido,0,0,573,67,2.9,0
31,596,819,rapido,0,0,573,282,1.1,0
31,596,844,rapido,0,0,548,157,2.488888888888889,0
31,596,847,rapido,0,0,545,144,2.6333333333333333,0
31,596,851,rapido,0,0,541,123,2.8666666666666667,0
31,597,891,rapido,0,0,609,250,0.7222222222222222,0
31,597,902,rapido,0,0,598,183,1.4666666666666666,0
31,597,920,rapido,0,0,580,71,2.7111111111111112,0
31,597,932,rapido,0,0,568,12,3.3666666666666667,0
31,598,969,rapido,0,0,557,277,2.0,0
31,598,978,rapido,0,0,548,232,2.5,0
31,598,979,rapido,0,0,547,232,2.5,0
31,598,1008,rapido,0,0,518,104,3.922222222222222,0
31,599,1031,rapido,0,0,638,288,0.2,0
31,599,1033,rapido,0,0,636,274,0.35555555555555557,0
31,599,1090,rapido,0,0,579,46,2.888888888888889,0
31,599,1095,rapido,0,0,574,21,3.1666666666666665,0
31,600,1097,rapido,0,0,708,175,0.0,0
31,600,1102,rapido,0,0,703,160,0.16666666666666666,0
31,600,1120,rapido,0,0,685,55,1.3333333333333333,0
31,600,1129,rapido,0,0,676,7,1.8666666666666667,0
32,604,142,lento,0,1,106,5,0.05555555555555555,0
32,604,147,lento,0,1,101,1,0.1,0
32,604,148,lento,0,1,100,1,0.1,0
32,604,154,lento,0,1,94,1,0.1,0
32,605,178,lento,0,1,128,21,0.0,0
32,605,209,lento,0,1,97,17,0.044444444444444446,0
32,605,233,lento,0,1,73,13,0.08888888888888889,0
32,605,257,lento,0,1,49,8,0.14444444444444443,0
32,606,323,lento,0,1,109,17,0.03333333333333333,0
32,606,331,lento,0,1,101,16,0.044444444444444446,0
32,606,344,lento,0,1,88,14,0.06666666666666667,0
32,606,362,lento,0,1,70,10,0.1111111111111111,0
32,607,420,lento,0,1,118,19,0.044444444444444446,0
32,607,428,lento,0,1,110,17,0.06666666666666667,0
32,607,453,lento,0,1,85,14,0.1,0
32,607,498,lento,0,1,40,9,0.13333333333333333,0
32,608,565,lento,0,1,115,16,0.03333333333333333,0
32,608,606,lento,0,1,74,8,0.12222222222222222,0
32,608,635,lento,0,1,45,5,0.15555555555555556,0
32,608,653,lento,0,1,27,4,0.13333333333333333,0
32,609,678,lento,0,1,138,10,0.0,0
32,609,682,lento,0,1,134,9,0.011111111111111112,0
32,609,695,lento,0,1,121,7,0.03333333333333333,0
32,609,698,lento,0,1,118,5,0.05555555555555555,0
32,610,732,lento,0,1,116,16,0.022222222222222223,0
32,610,748,lento,0,1,100,14,0.044444444444444446,0
32,610,762,lento,0,1,86,13,0.05555555555555555,0
32,610,765,lento,0,1,83,13,0.05555555555555555,0
32,611,809,lento,0,1,108,11,0.0,0
32,611,812,lento,0,1,105,11,0.0,0
32,611,820,lento,0,1,97,10,0.011111111111111112,0
32,611,867,lento,0,1,50,5,0.06666666666666667,0
32,612,925,lento,0,1,103,12,0.022222222222222223,0
32,612,943,lento,0,1,85,9,0.05555555555555555,0
32,612,947,lento,0,1,81,8,0.06666666666666667,0
32,612,970,lento,0,1,58,6,0.08888888888888889,0
32,613,1004,lento,0,1,120,16,0.0,0
32,613,1032,lento,0,1,92,11,0.05555555555555555,0
32,613,1033,lento,0,1,91,11,0.05555555555555555,0
32,613,1038,lento,0,1,86,10,0.06666666666666667,0
33,617,120,rapido,1,0,322,418,1.7222222222222223,0
33,617,122,rapido,1,0,320,397,1.9555555555555555,0
33,617,142,rapido,1,0,300,138,4.833333333333333,0
33,617,147,rapido,1,0,295,68,5.611111111111111,0
33,618,174,rapido,1,0,329,481,2.8333333333333335,0
33,618,207,rapido,1,0,296,49,7.633333333333334,0
33,618,208,rapido,1,0,295,43,7.7,0
33,618,209,rapido,1,0,294,43,7.7,0
33,619,210,rapido,1,0,336,320,0.0,0
33,619,217,rapido,1,0,329,275,0.5,0
33,619,224,rapido,1,0,322,196,1.3777777777777778,0
33,619,226,rapido,1,0,320,188,1.4666666666666666,0
33,620,305,rapido,1,0,292,477,2.4,0
33,620,344,rapido,1,0,253,371,3.3666666666666667,0
33,620,358,rapido,1,0,239,338,3.011111111111111,0
33,620,373,rapido,1,0,224,296,2.7111111111111112,0
33,621,431,rapido,1,0,332,748,0.0,0
33,621,435,rapido,1,0,328,748,0.0,0
33,621,447,rapido,1,0,316,735,0.14444444444444443,0
33,621,510,rapido,1,0,253,192,6.177777777777778,0
33,622,529,rapido,1,0,351,546,0.0,0
33,622,534,rapido,1,0,346,532,0.15555555555555556,0
33,622,540,rapido,1,0,340,452,1.0444444444444445,0
33,622,569,rapido,1,0,311,194,3.911111111111111,0
33,623,635,rapido,1,0,279,298,3.022222222222222,0
33,623,653,rapido,1,0,261,202,4.088888888888889,0
33,623,663,rapido,1,0,251,137,4.811111111111111,0
33,623,702,rapido,1,0,212,18,4.433333333333334,0
33,624,697,rapido,1,0,267,603,0.0,0
33,624,750,rapido,1,0,214,496,1.1888888888888889,0
33,624,762,rapido,1,0,202,434,1.8777777777777778,0
33,624,822,rapido,1,0,142,18,5.7555555555555555,0
33,625,833,rapido,1,0,299,596,1.5222222222222221,0
33,625,848,rapido,1,0,284,374,3.988888888888889,0
33,625,849,rapido,1,0,283,366,4.0777777777777775,0
33,625,852,rapido,1,0,280,315,4.644444444444445,0
33,626,872,rapido,1,0,285,247,0.6111111111111112,0
33,626,878,rapido,1,0,279,170,1.4666666666666666,0
33,626,883,rapido,1,0,274,87,2.388888888888889,0
33,626,890,rapido,1,0,267,13,3.2111111111111112,0
33,627,894,rapido,1,0,351,446,0.5222222222222223,0
33,627,940,rapido,1,0,305,40,5.033333333333333,0
33,627,948,rapido,1,0,297,40,5.033333333333333,0
33,627,960,rapido,1,0,285,40,5.033333333333333,0
33,628,932,rapido,1,0,278,367,1.5222222222222221,0
33,628,943,rapido,1,0,267,247,2.8555555555555556,0
33,628,959,rapido,1,0,251,47,5.0777777777777775,0
33,628,961,rapido,1,0,249,25,5.322222222222222,0
33,629,988,rapido,1,0,290,77,2.3555555555555556,0
33,629,1004,rapido,1,0,274,51,2.6444444444444444,0
33,629,1008,rapido,1,0,270,51,2.6444444444444444,0
33,629,1020,rapido,1,0,258,51,2.6444444444444444,0
33,630,991,rapido,1,0,280,286,0.26666666666666666,0
33,630,1002,rapido,1,0,269,199,1.2333333333333334,0
33,630,1004,rapido,1,0,267,187,1.3666666666666667,0
33,630,1018,rapido,1,0,253,89,2.4555555555555557,0
33,631,1037,rapido,1,0,297,708,0.0,0
33,631,1090,rapido,1,0,244,545,1.8111111111111111,0
33,631,1150,rapido,1,0,184,206,5.211111111111111,0
33,631,1166,rapido,1,0,168,38,6.4222222222222225,0
34,633,136,medio,0,0,562,19,0.3111111111111111,0
34,633,137,medio,0,0,561,18,0.2777777777777778,0
34,633,141,medio,0,0,557,5,0.37777777777777777,0
34,633,142,medio,0,0,556,3,0.4,0
34,634,120,medio,0,0,559,18,1.3,0
34,634,122,medio,0,0,557,13,1.3555555555555556,0
34,634,127,medio,0,0,552,6,1.4333333333333333,0
34,634,129,medio,0,0,550,3,1.4666666666666666,0
34,635,154,medio,0,0,582,122,0.1,0
34,635,215,medio,0,0,521,29,1.1333333333333333,0
34,635,222,medio,0,0,514,4,1.4111111111111112,0
34,635,224,medio,0,0,512,4,1.4111111111111112,0
34,636,229,medio,0,0,604,46,0.15555555555555556,0
34,636,242,medio,0,0,591,19,0.45555555555555555,0
34,636,244,medio,0,0,589,16,0.4888888888888889,0
34,636,245,medio,0,0,588,14,0.5111111111111111,0
34,637,241,medio,0,0,714,136,0.0,0
34,637,264,medio,0,0,691,115,0.23333333333333334,0
34,637,301,medio,0,0,654,42,1.0444444444444445,0
34,637,313,medio,0,0,642,11,1.3888888888888888,0
34,638,323,medio,0,0,633,80,0.05555555555555555,0
34,638,333,medio,0,0,623,60,0.2777777777777778,0
34,638,350,medio,0,0,606,40,0.5,0
34,638,356,medio,0,0,600,37,0.5333333333333333,0
34,639,367,medio,0,0,612,140,0.0,0
34,639,409,medio,0,0,570,55,0.9444444444444444,0
34,639,414,medio,0,0,565,47,1.0333333333333334,0
34,639,421,medio,0,0,558,23,1.3,0
34,640,428,medio,0,0,666,151,0.0,0
34,640,469,medio,0,0,625,97,0.6,0
34,640,482,medio,0,0,612,74,0.8555555555555555,0
34,640,495,medio,0,0,599,54,1.0777777777777777,0
34,641,555,medio,0,0,671,84,0.6888888888888889,0
34,641,605,medio,0,0,621,14,1.4666666666666666,0
34,641,612,medio,0,0,614,14,1.4666666666666666,0
34,641,655,medio,0,0,571,14,0.5333333333333333,0
34,642,602,medio,0,0,552,121,0.37777777777777777,0
34,642,608,medio,0,0,546,106,0.5444444444444444,0
34,642,639,medio,0,0,515,53,1.1333333333333333,0
34,642,646,medio,0,0,508,23,1.4666666666666666,0
34,643,662,medio,0,0,649,135,0.0,0
34,643,679,medio,0,0,632,105,0.3333333333333333,0
34,643,693,medio,0,0,618,82,0.5888888888888889,0
34,643,712,medio,0,0,599,30,1.1666666666666667,0
34,644,727,medio,0,0,655,112,0.0,0
34,644,729,medio,0,0,653,112,0.0,0
34,644,735,medio,0,0,647,92,0.2222222222222222,0
34,644,761,medio,0,0,621,40,0.8,0
34,645,847,medio,0,0,675,8,0.7222222222222222,0
34,645,850,medio,0,0,672,8,0.7222222222222222,0
34,645,863,medio,0,0,659,8,0.7222222222222222,0
34,645,875,medio,0,0,647,8,0.7222222222222222,0
34,646,829,medio,0,0,616,43,0.5666666666666667,0
34,646,831,medio,0,0,614,39,0.6111111111111112,0
34,646,856,medio,0,0,589,8,0.9555555555555556,0
34,646,868,medio,0,0,577,8,0.9555555555555556,0
34,647,864,medio,0,0,578,64,0.6666666666666666,0
34,647,865,medio,0,0,577,64,0.6666666666666666,0
34,647,869,medio,0,0,573,49,0.8333333333333334,0
34,647,879,medio,0,0,563,25,1.1,0
34,648,893,medio,0,0,683,83,0.0,0
34,648,947,medio,0,0,629,13,0.7777777777777778,0
34,648,954,medio,0,0,622,13,0.7777777777777778,0
34,648,967,medio,0,0,609,13,0.7777777777777778,0
34,649,941,medio,0,0,584,68,0.18888888888888888,0
34,649,947,medio,0,0,578,55,0.3333333333333333,0
34,649,955,medio,0,0,570,37,0.5333333333333333,0
34,649,961,medio,0,0,564,29,0.6222222222222222,0
34,650,986,medio,0,0,604,65,0.3,0
34,650,997,medio,0,0,593,43,0.5444444444444444,0
34,650,1004,medio,0,0,586,27,0.7222222222222222,0
34,650,1007,medio,0,0,583,19,0.8111111111111111,0
34,651,1041,medio,0,0,729,37,0.7666666666666667,0
34,651,1055,medio,0,0,715,5,1.1222222222222222,0
34,651,1063,medio,0,0,707,5,1.1222222222222222,0
34,651,1071,medio,0,0,699,5,1.1222222222222222,0
34,652,1052,medio,0,0,633,72,0.05555555555555555,0
34,652,1054,medio,0,0,631,68,0.1,0
34,652,1063,medio,0,0,622,34,0.4777777777777778,0
34,652,1064,medio,0,0,621,32,0.5,0
34,653,1093,medio,0,0,718,125,0.4888888888888889,0
34,653,1106,medio,0,0,705,88,0.9,0
34,653,1124,medio,0,0,687,56,1.2555555555555555,0
34,653,1133,medio,0,0,678,23,1.6222222222222222,0
35,658,120,lento,0,0,352,7,0.15555555555555556,0
35,658,121,lento,0,0,351,7,0.15555555555555556,0
35,658,122,lento,0,0,350,7,0.15555555555555556,0
35,658,124,lento,0,0,348,4,0.18888888888888888,0
35,659,148,lento,0,0,310,42,0.13333333333333333,0
35,659,194,lento,0,0,264,30,0.26666666666666666,0
35,659,204,lento,0,0,254,29,0.2777777777777778,0
35,659,214,lento,0,0,244,23,0.34444444444444444,0
35,660,254,lento,0,0,317,44,0.044444444444444446,0
35,660,259,lento,0,0,312,43,0.05555555555555555,0
35,660,302,lento,0,0,269,31,0.18888888888888888,0
35,660,307,lento,0,0,264,29,0.2111111111111111,0
35,661,349,lento,0,0,397,29,0.0,0
35,661,351,lento,0,0,395,29,0.0,0
35,661,378,lento,0,0,368,15,0.15555555555555556,0
35,661,426,lento,0,0,320,4,0.2777777777777778,0
35,662,394,lento,0,0,328,30,0.0,0
35,662,412,lento,0,0,310,19,0.12222222222222222,0
35,662,414,lento,0,0,308,18,0.13333333333333333,0
35,662,421,lento,0,0,301,16,0.15555555555555556,0
35,663,451,lento,0,0,368,25,0.011111111111111112,0
35,663,460,lento,0,0,359,17,0.1,0
35,663,465,lento,0,0,354,12,0.15555555555555556,0
35,663,472,lento,0,0,347,9,0.18888888888888888,0
35,664,498,lento,0,0,365,19,0.1111111111111111,0
35,664,501,lento,0,0,362,18,0.12222222222222222,0
35,664,507,lento,0,0,356,14,0.16666666666666666,0
35,664,512,lento,0,0,351,13,0.17777777777777778,0
35,665,536,lento,0,0,317,32,0.0,0
35,665,541,lento,0,0,312,26,0.06666666666666667,0
35,665,546,lento,0,0,307,21,0.12222222222222222,0
35,665,553,lento,0,0,300,12,0.2222222222222222,0
35,666,570,lento,0,0,346,46,0.05555555555555555,0
35,666,585,lento,0,0,331,37,0.15555555555555556,0
35,666,620,lento,0,0,296,25,0.28888888888888886,0
35,666,635,lento,0,0,281,17,0.37777777777777777,0
35,667,675,lento,0,0,302,43,0.1,0
35,667,700,lento,0,0,277,30,0.24444444444444444,0
35,667,743,lento,0,0,234,8,0.4888888888888889,0
35,667,745,lento,0,0,232,8,0.4888888888888889,0
35,668,858,lento,0,0,247,12,0.32222222222222224,0
35,668,882,lento,0,0,223,7,0.3111111111111111,0
35,668,891,lento,0,0,214,5,0.2777777777777778,0
35,668,892,lento,0,0,213,4,0.28888888888888886,0
35,669,943,lento,0,0,335,33,0.0,0
35,669,974,lento,0,0,304,24,0.1,0
35,669,1015,lento,0,0,263,14,0.2111111111111111,0
35,669,1016,lento,0,0,262,13,0.2222222222222222,0
35,670,1080,lento,0,0,375,41,0.15555555555555556,0
35,670,1083,lento,0,0,372,41,0.15555555555555556,0
35,670,1090,lento,0,0,365,38,0.18888888888888888,0
35,670,1147,lento,0,0,308,18,0.34444444444444444,0
36,673,133,rapido,1,0,520,80,4.4,0
36,673,151,rapido,1,0,502,80,4.4,0
36,673,204,rapido,1,0,449,64,0.9888888888888889,0
36,673,272,rapido,1,0,381,64,0.0,0
36,674,135,rapido,1,0,457,172,0.37777777777777777,0
36,674,145,rapido,1,0,447,111,1.0555555555555556,0
36,674,146,rapido,1,0,446,106,1.1111111111111112,0
36,674,161,rapido,1,0,431,32,1.9333333333333333,0
36,675,180,rapido,1,0,452,319,0.37777777777777777,0
36,675,210,rapido,1,0,422,227,1.4,0
36,675,220,rapido,1,0,412,199,1.711111111111111,0
36,675,249,rapido,1,0,383,158,2.1666666666666665,0
36,676,336,rapido,1,0,547,430,0.18888888888888888,0
36,676,369,rapido,1,0,514,301,1.6222222222222222,0
36,676,393,rapido,1,0,490,201,2.7333333333333334,0
36,676,425,rapido,1,0,458,35,4.4,0
36,677,528,rapido,1,0,459,66,1.4666666666666666,0
36,677,540,rapido,1,0,447,66,1.0222222222222221,0
36,677,565,rapido,1,0,422,66,0.0,0
36,677,580,rapido,1,0,407,66,0.0,0
36,678,550,rapido,1,0,373,151,2.8555555555555556,0
36,678,573,rapido,1,0,350,122,2.3333333333333335,0
36,678,575,rapido,1,0,348,122,2.1333333333333333,0
36,678,599,rapido,1,0,324,85,1.8555555555555556,0
36,679,692,rapido,1,0,550,150,0.2777777777777778,0
36,679,710,rapido,1,0,532,87,0.9777777777777777,0
36,679,716,rapido,1,0,526,61,1.2666666666666666,0
36,679,732,rapido,1,0,510,13,1.8,0
36,680,715,rapido,1,0,552,176,0.0,0
36,680,725,rapido,1,0,542,176,0.0,0
36,680,741,rapido,1,0,526,151,0.2777777777777778,0
36,680,775,rapido,1,0,492,47,1.4333333333333333,0
36,681,792,rapido,1,0,523,219,0.1,0
36,681,809,rapido,1,0,506,159,0.7666666666666667,0
36,681,812,rapido,1,0,503,151,0.8555555555555555,0
36,681,843,rapido,1,0,472,74,1.711111111111111,0
36,682,931,rapido,1,0,473,376,0.6555555555555556,0
36,682,937,rapido,1,0,467,371,0.7111111111111111,0
36,682,1038,rapido,1,0,366,248,1.2222222222222223,0
36,682,1126,rapido,1,0,278,10,2.7444444444444445,0
37,687,135,medio,1,0,257,84,0.4444444444444444,0
37,687,166,medio,1,0,226,45,0.8777777777777778,0
37,687,179,medio,1,0,213,29,1.0555555555555556,0
37,687,204,medio,1,0,188,4,1.3222222222222222,0
37,688,210,medio,1,0,240,126,0.0,0
37,688,223,medio,1,0,227,117,0.1,0
37,688,230,medio,1,0,220,110,0.17777777777777778,0
37,688,267,medio,1,0,183,75,0.5666666666666667,0
37,689,334,medio,1,0,250,70,0.0,0
37,689,353,medio,1,0,231,50,0.2222222222222222,0
37,689,354,medio,1,0,230,50,0.2222222222222222,0
37,689,367,medio,1,0,217,20,0.5555555555555556,0
37,690,375,medio,1,0,274,97,0.0,0
37,690,382,medio,1,0,267,79,0.2,0
37,690,386,medio,1,0,263,69,0.3111111111111111,0
37,690,390,medio,1,0,259,50,0.5222222222222223,0
37,691,413,medio,1,0,281,61,0.13333333333333333,0
37,691,423,medio,1,0,271,39,0.37777777777777777,0
37,691,428,medio,1,0,266,29,0.4888888888888889,0
37,691,431,medio,1,0,263,11,0.6888888888888889,0
37,692,444,medio,1,0,283,89,0.37777777777777777,0
37,692,455,medio,1,0,272,52,0.7888888888888889,0
37,692,456,medio,1,0,271,49,0.8222222222222222,0
37,692,461,medio,1,0,266,31,1.0222222222222221,0
37,693,474,medio,1,0,245,89,0.08888888888888889,0
37,693,476,medio,1,0,243,83,0.15555555555555556,0
37,693,490,medio,1,0,229,44,0.5888888888888889,0
37,693,496,medio,1,0,223,30,0.7444444444444445,0
37,694,524,medio,1,0,280,84,0.5555555555555556,0
37,694,528,medio,1,0,276,76,0.6444444444444445,0
37,694,545,medio,1,0,259,39,1.0555555555555556,0
37,694,553,medio,1,0,251,31,1.1444444444444444,0
37,695,564,medio,1,0,311,77,0.0,0
37,695,584,medio,1,0,291,46,0.34444444444444444,0
37,695,600,medio,1,0,275,15,0.6888888888888889,0
37,695,602,medio,1,0,273,13,0.7111111111111111,0
37,696,606,medio,1,0,332,60,0.0,0
37,696,663,medio,1,0,275,16,0.4888888888888889,0
37,696,669,medio,1,0,269,14,0.5111111111111111,0
37,696,674,medio,1,0,264,4,0.6222222222222222,0
37,697,643,medio,1,0,244,65,0.06666666666666667,0
37,697,648,medio,1,0,239,57,0.15555555555555556,0
37,697,660,medio,1,0,227,29,0.4666666666666667,0
37,697,667,medio,1,0,220,10,0.6777777777777778,0
37,698,676,medio,1,0,293,55,0.0,0
37,698,680,medio,1,0,289,49,0.06666666666666667,0
37,698,683,medio,1,0,286,42,0.14444444444444443,0
37,698,691,medio,1,0,278,23,0.35555555555555557,0
37,699,707,medio,1,0,276,64,0.23333333333333334,0
37,699,718,medio,1,0,265,15,0.7777777777777778,0
37,699,719,medio,1,0,264,13,0.8,0
37,699,722,medio,1,0,261,5,0.8888888888888888,0
37,700,725,medio,1,0,279,53,0.0,0
37,700,729,medio,1,0,275,33,0.2222222222222222,0
37,700,737,medio,1,0,267,3,0.5555555555555556,0
37,700,738,medio,1,0,266,1,0.5777777777777777,0
37,701,746,medio,1,0,321,59,0.17777777777777778,0
37,701,757,medio,1,0,310,19,0.6222222222222222,0
37,701,758,medio,1,0,309,8,0.7444444444444445,0
37,701,759,medio,1,0,308,5,0.7777777777777778,0
37,702,765,medio,1,0,269,132,0.03333333333333333,0
37,702,769,medio,1,0,265,118,0.18888888888888888,0
37,702,779,medio,1,0,255,58,0.8555555555555555,0
37,702,789,medio,1,0,245,2,1.4777777777777779,0
37,703,796,medio,1,0,330,70,0.011111111111111112,0
37,703,798,medio,1,0,328,60,0.12222222222222222,0
37,703,803,medio,1,0,323,49,0.24444444444444444,0
37,703,807,medio,1,0,319,23,0.5333333333333333,0
37,704,817,medio,1,0,293,86,0.044444444444444446,0
37,704,819,medio,1,0,291,75,0.16666666666666666,0
37,704,826,medio,1,0,284,48,0.4666666666666667,0
37,704,831,medio,1,0,279,14,0.8444444444444444,0
37,705,839,medio,1,0,336,66,0.03333333333333333,0
37,705,846,medio,1,0,329,31,0.4222222222222222,0
37,705,847,medio,1,0,328,28,0.45555555555555555,0
37,705,848,medio,1,0,327,20,0.5444444444444444,0
37,706,860,medio,1,0,275,67,0.16666666666666666,0
37,706,863,medio,1,0,272,57,0.2777777777777778,0
37,706,865,medio,1,0,270,52,0.3333333333333333,0
37,706,874,medio,1,0,261,11,0.7888888888888889,0
37,707,884,medio,1,0,305,51,0.13333333333333333,0
37,707,888,medio,1,0,301,34,0.32222222222222224,0
37,707,890,medio,1,0,299,28,0.3888888888888889,0
37,707,892,medio,1,0,297,23,0.4444444444444444,0
37,708,906,medio,1,0,269,104,0.14444444444444443,0
37,708,907,medio,1,0,268,103,0.15555555555555556,0
37,708,920,medio,1,0,255,56,0.6777777777777778,0
37,708,941,medio,1,0,234,11,1.1777777777777778,0
37,709,948,medio,1,0,302,118,0.13333333333333333,0
37,709,969,medio,1,0,281,81,0.5444444444444444,0
37,709,998,medio,1,0,252,33,1.0777777777777777,0
37,709,1008,medio,1,0,242,15,1.2777777777777777,0
37,710,1026,medio,1,0,287,98,0.3333333333333333,0
37,710,1028,medio,1,0,285,98,0.3333333333333333,0
37,710,1055,medio,1,0,258,10,1.3111111111111111,0
37,710,1057,medio,1,0,256,5,1.3666666666666667,0
37,711,1061,medio,1,0,306,76,0.07777777777777778,0
37,711,1069,medio,1,0,298,46,0.4111111111111111,0
37,711,1076,medio,1,0,291,16,0.7444444444444445,0
37,711,1078,medio,1,0,289,4,0.8777777777777778,0
37,712,1082,medio,1,0,275,83,0.1111111111111111,0
37,712,1088,medio,1,0,269,50,0.4777777777777778,0
37,712,1093,medio,1,0,264,21,0.8,0
37,712,1095,medio,1,0,262,13,0.8888888888888888,0
37,713,1104,medio,1,0,276,71,0.14444444444444443,0
37,713,1109,medio,1,0,271,48,0.4,0
37,713,1110,medio,1,0,270,48,0.4,0
37,713,1121,medio,1,0,259,8,0.8444444444444444,0
37,714,1129,medio,1,0,274,37,0.15555555555555556,0
37,714,1131,medio,1,0,272,25,0.28888888888888886,0
37,714,1132,medio,1,0,271,19,0.35555555555555557,0
37,714,1134,medio,1,0,269,8,0.4777777777777778,0
37,715,1139,medio,1,0,302,114,0.0,0
37,715,1140,medio,1,0,301,111,0.03333333333333333,0
37,715,1148,medio,1,0,293,68,0.5111111111111111,0
37,715,1153,medio,1,0,288,53,0.6777777777777778,0
37,716,1177,medio,1,0,273,61,0.5666666666666667,0
37,716,1179,medio,1,0,271,58,0.6,0
37,716,1187,medio,1,0,263,32,0.8888888888888888,0
37,716,1192,medio,1,0,258,6,1.1777777777777778,0
38,719,121,medio,1,0,467,3,0.24444444444444444,0
38,719,124,medio,1,0,464,2,0.25555555555555554,0
38,719,125,medio,1,0,463,1,0.26666666666666666,0
38,719,126,medio,1,0,462,1,0.26666666666666666,0
38,720,121,medio,1,0,547,65,0.0,0
38,720,141,medio,1,0,527,55,0.1111111111111111,0
38,720,194,medio,1,0,474,3,0.6888888888888889,0
38,720,221,medio,1,0,447,3,0.6666666666666666,0
38,721,192,medio,1,0,472,41,0.0,0
38,721,232,medio,1,0,432,11,0.3333333333333333,0
38,721,238,medio,1,0,426,8,0.36666666666666664,0
38,721,245,medio,1,0,419,3,0.4222222222222222,0
38,722,250,medio,1,0,463,66,0.0,0
38,722,284,medio,1,0,429,30,0.4,0
38,722,300,medio,1,0,413,23,0.4777777777777778,0
38,722,328,medio,1,0,385,4,0.6888888888888889,0
38,723,333,medio,1,0,493,59,0.0,0
38,723,349,medio,1,0,477,55,0.044444444444444446,0
38,723,383,medio,1,0,443,35,0.26666666666666666,0
38,723,401,medio,1,0,425,24,0.3888888888888889,0
38,724,438,medio,1,0,479,24,0.08888888888888889,0
38,724,448,medio,1,0,469,16,0.17777777777777778,0
38,724,453,medio,1,0,464,7,0.2777777777777778,0
38,724,457,medio,1,0,460,1,0.34444444444444444,0
38,725,481,medio,1,0,453,20,0.17777777777777778,0
38,725,494,medio,1,0,440,11,0.2777777777777778,0
38,725,497,medio,1,0,437,6,0.3333333333333333,0
38,725,502,medio,1,0,432,2,0.37777777777777777,0
38,726,510,medio,1,0,583,22,0.06666666666666667,0
38,726,511,medio,1,0,582,20,0.08888888888888889,0
38,726,512,medio,1,0,581,17,0.12222222222222222,0
38,726,514,medio,1,0,579,15,0.14444444444444443,0
38,727,529,medio,1,0,566,50,0.03333333333333333,0
38,727,533,medio,1,0,562,48,0.05555555555555555,0
38,727,534,medio,1,0,561,46,0.07777777777777778,0
38,727,542,medio,1,0,553,33,0.2222222222222222,0
38,728,573,medio,1,0,565,66,0.0,0
38,728,574,medio,1,0,564,66,0.0,0
38,728,602,medio,1,0,536,25,0.45555555555555555,0
38,728,615,medio,1,0,523,12,0.6,0
38,729,670,medio,1,0,549,6,0.34444444444444444,0
38,729,680,medio,1,0,539,6,0.34444444444444444,0
38,729,744,medio,1,0,475,6,0.08888888888888889,0
38,729,768,medio,1,0,451,5,0.011111111111111112,0
38,730,680,medio,1,0,513,53,0.16666666666666666,0
38,730,695,medio,1,0,498,48,0.2222222222222222,0
38,730,763,medio,1,0,430,3,0.6444444444444445,0
38,730,765,medio,1,0,428,2,0.6111111111111112,0
38,731,778,medio,1,0,568,53,0.044444444444444446,0
38,731,780,medio,1,0,566,51,0.06666666666666667,0
38,731,846,medio,1,0,500,4,0.5888888888888889,0
38,731,873,medio,1,0,473,4,0.5,0
38,732,829,medio,1,0,466,52,0.044444444444444446,0
38,732,830,medio,1,0,465,51,0.05555555555555555,0
38,732,835,medio,1,0,460,44,0.13333333333333333,0
38,732,860,medio,1,0,435,27,0.32222222222222224,0
38,733,913,medio,1,0,433,62,0.08888888888888889,0
38,733,955,medio,1,0,391,33,0.4111111111111111,0
38,733,971,medio,1,0,375,22,0.5333333333333333,0
38,733,989,medio,1,0,357,11,0.6555555555555556,0
38,734,1006,medio,1,0,513,32,0.0,0
38,734,1015,medio,1,0,504,23,0.1,0
38,734,1033,medio,1,0,486,18,0.15555555555555556,0
38,734,1060,medio,1,0,459,5,0.3,0
38,735,1074,medio,1,0,465,60,0.03333333333333333,0
38,735,1109,medio,1,0,430,52,0.12222222222222222,0
38,735,1158,medio,1,0,381,25,0.4111111111111111,0
38,735,1190,medio,1,0,349,3,0.5444444444444444,0
39,738,122,medio,0,1,121,380,0.5222222222222223,0
39,738,125,medio,0,1,118,357,0.7777777777777778,0
39,738,173,medio,0,1,70,193,2.6,0
39,738,213,medio,0,1,30,53,3.611111111111111,0
39,739,239,medio,0,1,133,526,0.43333333333333335,210
39,739,243,medio,0,1,129,513,0.5777777777777777,210
39,739,295,medio,0,1,77,392,1.9222222222222223,210
39,739,333,medio,0,1,39,301,2.3555555555555556,210
39,740,398,medio,0,1,110,481,0.6666666666666666,131
39,740,405,medio,0,1,103,456,0.9444444444444444,131
39,740,447,medio,0,1,61,322,2.433333333333333,131
39,740,506,medio,0,1,2,136,3.3444444444444446,131
39,741,521,medio,0,1,120,233,0.2222222222222222,0
39,741,553,medio,0,1,88,125,1.4222222222222223,0
39,741,573,medio,0,1,68,50,2.2555555555555555,0
39,741,589,medio,0,1,52,3,2.7777777777777777,0
39,742,584,medio,0,1,129,224,0.0,0
39,742,588,medio,0,1,125,224,0.0,0
39,742,604,medio,0,1,109,187,0.4111111111111111,0
39,742,618,medio,0,1,95,152,0.8,0
39,743,669,medio,0,1,132,399,0.2222222222222222,0
39,743,721,medio,0,1,80,220,2.2111111111111112,0
39,743,739,medio,0,1,62,169,2.7777777777777777,0
39,743,747,medio,0,1,54,136,3.1444444444444444,0
39,744,775,medio,0,1,117,474,0.0,6
39,744,778,medio,0,1,114,474,0.0,6
39,744,782,medio,0,1,110,463,0.12222222222222222,6
39,744,838,medio,0,1,54,238,2.6222222222222222,6
39,745,894,medio,0,1,139,298,0.03333333333333333,0
39,745,903,medio,0,1,130,264,0.4111111111111111,0
39,745,914,medio,0,1,119,220,0.9,0
39,745,928,medio,0,1,105,171,1.4444444444444444,0
39,746,1047,medio,0,1,43,234,3.6777777777777776,56
39,746,1049,medio,0,1,41,228,3.7444444444444445,56
39,746,1057,medio,0,1,33,198,4.0777777777777775,56
39,746,1076,medio,0,1,14,127,4.066666666666666,56
39,747,1102,medio,0,1,107,341,0.2,0
39,747,1140,medio,0,1,69,144,2.388888888888889,0
39,747,1145,medio,0,1,64,122,2.6333333333333333,0
39,747,1158,medio,0,1,51,77,3.1333333333333333,0
40,750,120,medio,1,1,31,490,0.8222222222222222,441
40,750,124,medio,1,1,27,487,0.8555555555555555,441
40,750,139,medio,1,1,12,465,1.1,441
40,750,142,medio,1,1,9,461,1.1444444444444444,441
40,751,172,medio,1,1,50,536,0.1,453
40,751,180,medio,1,1,42,526,0.2111111111111111,453
40,751,183,medio,1,1,39,522,0.25555555555555554,453
40,751,196,medio,1,1,26,506,0.43333333333333335,453
40,752,244,medio,1,1,66,288,0.5333333333333333,78
40,752,273,medio,1,1,37,224,1.2444444444444445,78
40,752,286,medio,1,1,24,183,1.7,78
40,752,287,medio,1,1,23,182,1.711111111111111,78
40,753,328,medio,1,1,72,539,0.3888888888888889,331
40,753,338,medio,1,1,62,512,0.6888888888888889,331
40,753,345,medio,1,1,55,485,0.9888888888888889,331
40,753,395,medio,1,1,5,344,2.5555555555555554,331
40,754,415,medio,1,1,56,310,0.1111111111111111,187
40,754,419,medio,1,1,52,279,0.45555555555555555,187
40,754,465,medio,1,1,6,197,1.3666666666666667,187
40,754,466,medio,1,1,5,196,1.3777777777777778,187
40,755,480,medio,1,1,66,637,0.022222222222222223,506
40,755,524,medio,1,1,22,546,1.0333333333333334,506
40,755,527,medio,1,1,19,545,1.0444444444444445,506
40,755,534,medio,1,1,12,530,1.211111111111111,506
40,756,563,medio,1,1,55,380,0.37777777777777777,222
40,756,580,medio,1,1,38,336,0.8666666666666667,222
40,756,581,medio,1,1,37,335,0.8777777777777778,222
40,756,596,medio,1,1,22,291,1.3666666666666667,222
40,757,628,medio,1,1,60,421,0.08888888888888889,260
40,757,644,medio,1,1,44,373,0.6222222222222222,260
40,757,651,medio,1,1,37,362,0.7444444444444445,260
40,757,686,medio,1,1,2,262,1.8555555555555556,260
40,758,722,medio,1,1,46,308,1.0333333333333334,149
40,758,742,medio,1,1,26,223,1.9777777777777779,149
40,758,752,medio,1,1,16,203,2.2,149
40,758,766,medio,1,1,2,162,2.6555555555555554,149
40,759,791,medio,1,1,49,342,0.4666666666666667,193
40,759,795,medio,1,1,45,320,0.7111111111111111,193
40,759,818,medio,1,1,22,264,1.3333333333333333,193
40,759,831,medio,1,1,9,219,1.8333333333333333,193
40,760,866,medio,1,1,60,571,0.5111111111111111,354
40,760,869,medio,1,1,57,560,0.6333333333333333,354
40,760,870,medio,1,1,56,559,0.6444444444444445,354
40,760,883,medio,1,1,43,499,1.3111111111111111,354
40,761,934,medio,1,1,68,322,0.0,0
40,761,947,medio,1,1,55,267,0.6111111111111112,0
40,761,962,medio,1,1,40,193,1.4333333333333333,0
40,761,980,medio,1,1,22,99,2.477777777777778,0
40,762,1016,medio,1,1,58,262,1.8555555555555556,0
40,762,1026,medio,1,1,48,203,2.511111111111111,0
40,762,1027,medio,1,1,47,203,2.511111111111111,0
40,762,1048,medio,1,1,26,69,4.0,0
40,763,1067,medio,1,1,73,257,0.6111111111111112,0
40,763,1071,medio,1,1,69,227,0.9444444444444444,0
40,763,1084,medio,1,1,56,145,1.8555555555555556,0
40,763,1086,medio,1,1,54,139,1.9222222222222223,0
40,764,1127,medio,1,1,52,206,0.9777777777777777,0
40,764,1140,medio,1,1,39,139,1.7222222222222223,0
40,764,1160,medio,1,1,19,42,2.8,0
40,764,1161,medio,1,1,18,39,2.8333333333333335,0
41,767,145,medio,0,0,591,16,0.8888888888888888,0
41,767,149,medio,0,0,587,16,0.8222222222222222,0
41,767,218,medio,0,0,518,16,0.0,0
41,767,224,medio,0,0,512,14,0.022222222222222223,0
41,768,144,medio,0,0,552,75,0.26666666666666666,0
41,768,159,medio,0,0,537,55,0.4888888888888889,0
41,768,176,medio,0,0,520,48,0.5666666666666667,0
41,768,192,medio,0,0,504,30,0.7666666666666667,0
41,769,223,medio,0,0,719,112,0.0,0
41,769,276,medio,0,0,666,86,0.28888888888888886,0
41,769,321,medio,0,0,621,57,0.6111111111111112,0
41,769,365,medio,0,0,577,25,0.6888888888888889,0
41,770,407,medio,0,0,693,73,0.16666666666666666,0
41,770,433,medio,0,0,667,58,0.3333333333333333,0
41,770,452,medio,0,0,648,41,0.5222222222222223,0
41,770,459,medio,0,0,641,38,0.5555555555555556,0
41,771,495,medio,0,0,656,51,0.0,0
41,771,500,medio,0,0,651,49,0.022222222222222223,0
41,771,513,medio,0,0,638,36,0.16666666666666666,0
41,771,526,medio,0,0,625,20,0.34444444444444444,0
41,772,529,medio,0,0,693,42,0.0,0
41,772,577,medio,0,0,645,20,0.24444444444444444,0
41,772,670,medio,0,0,552,20,0.0,0
41,772,671,medio,0,0,551,20,0.0,0
41,773,614,medio,0,0,560,39,0.2222222222222222,0
41,773,632,medio,0,0,542,25,0.37777777777777777,0
41,773,640,medio,0,0,534,22,0.4111111111111111,0
41,773,643,medio,0,0,531,19,0.4444444444444444,0
41,774,760,medio,0,0,579,59,0.5888888888888889,0
41,774,761,medio,0,0,578,58,0.6,0
41,774,774,medio,0,0,565,45,0.7444444444444445,0
41,774,776,medio,0,0,563,41,0.7888888888888889,0
41,775,799,medio,0,0,717,49,0.0,0
41,775,812,medio,0,0,704,49,0.0,0
41,775,819,medio,0,0,697,49,0.0,0
41,775,829,medio,0,0,687,41,0.08888888888888889,0
41,776,866,medio,0,0,669,48,0.0,0
41,776,871,medio,0,0,664,48,0.0,0
41,776,879,medio,0,0,656,43,0.05555555555555555,0
41,776,913,medio,0,0,622,16,0.35555555555555557,0
41,777,905,medio,0,0,613,76,0.06666666666666667,0
41,777,934,medio,0,0,584,42,0.4444444444444444,0
41,777,941,medio,0,0,577,33,0.5444444444444444,0
41,777,944,medio,0,0,574,28,0.6,0
41,778,988,medio,0,0,621,47,0.25555555555555554,0
41,778,1027,medio,0,0,582,12,0.6444444444444445,0
41,778,1030,medio,0,0,579,9,0.6777777777777778,0
41,778,1032,medio,0,0,577,7,0.7,0
41,779,1022,medio,0,0,617,82,0.0,0
41,779,1079,medio,0,0,560,25,0.6333333333333333,0
41,779,1083,medio,0,0,556,19,0.7,0
41,779,1098,medio,0,0,541,9,0.8111111111111111,0
41,780,1088,medio,0,0,680,45,0.0,0
41,780,1104,medio,0,0,664,45,0.0,0
41,780,1109,medio,0,0,659,43,0.022222222222222223,0
41,780,1115,medio,0,0,653,32,0.14444444444444443,0
41,781,1130,medio,0,0,547,70,0.0,0
41,781,1141,medio,0,0,536,56,0.15555555555555556,0
41,781,1157,medio,0,0,520,43,0.3,0
41,781,1161,medio,0,0,516,39,0.34444444444444444,0
42,785,120,medio,0,0,544,56,0.1,0
42,785,148,medio,0,0,516,28,0.4111111111111111,0
42,785,166,medio,0,0,498,15,0.5555555555555556,0
42,785,168,medio,0,0,496,15,0.5555555555555556,0
42,786,190,medio,0,0,502,31,0.0,0
42,786,211,medio,0,0,481,21,0.1111111111111111,0
42,786,241,medio,0,0,451,3,0.3111111111111111,0
42,786,243,medio,0,0,449,1,0.3333333333333333,0
42,787,328,medio,0,0,425,50,0.3,0
42,787,379,medio,0,0,374,30,0.35555555555555557,0
42,787,391,medio,0,0,362,20,0.43333333333333335,0
42,787,425,medio,0,0,328,11,0.4,0
42,788,434,medio,0,0,575,30,0.0,0
42,788,465,medio,0,0,544,25,0.05555555555555555,0
42,788,476,medio,0,0,533,21,0.1,0
42,788,517,medio,0,0,492,9,0.23333333333333334,0
42,789,592,medio,0,0,478,45,0.17777777777777778,0
42,789,594,medio,0,0,476,44,0.18888888888888888,0
42,789,688,medio,0,0,382,10,0.36666666666666664,0
42,789,691,medio,0,0,379,9,0.35555555555555557,0
42,790,711,medio,0,0,497,46,0.0,0
42,790,721,medio,0,0,487,44,0.022222222222222223,0
42,790,754,medio,0,0,454,37,0.1,0
42,790,851,medio,0,0,357,15,0.23333333333333334,0
42,791,933,medio,0,0,490,58,0.15555555555555556,0
42,791,944,medio,0,0,479,49,0.25555555555555554,0
42,791,984,medio,0,0,439,43,0.28888888888888886,0
42,791,1064,medio,0,0,359,14,0.3333333333333333,0
43,794,122,rapido,0,0,568,44,3.422222222222222,0
43,794,124,rapido,0,0,566,37,3.5,0
43,794,125,rapido,0,0,565,36,3.511111111111111,0
43,794,130,rapido,0,0,560,11,3.7888888888888888,0
43,795,144,rapido,0,0,626,162,0.4,0
43,795,146,rapido,0,0,624,156,0.4666666666666667,0
43,795,177,rapido,0,0,593,55,1.5888888888888888,0
43,795,178,rapido,0,0,592,54,1.6,0
43,796,200,rapido,0,0,639,226,0.17777777777777778,0
43,796,242,rapido,0,0,597,110,1.4666666666666666,0
43,796,244,rapido,0,0,595,102,1.5555555555555556,0
43,796,259,rapido,0,0,580,30,2.3555555555555556,0
43,797,313,rapido,0,0,597,189,1.4,0
43,797,314,rapido,0,0,596,186,1.4333333333333333,0
43,797,324,rapido,0,0,586,155,1.7777777777777777,0
43,797,327,rapido,0,0,583,152,1.8111111111111111,0
43,798,414,rapido,0,0,547,160,1.1222222222222222,0
43,798,441,rapido,0,0,520,87,1.9333333333333333,0
43,798,451,rapido,0,0,510,58,2.2555555555555555,0
43,798,459,rapido,0,0,502,21,2.6666666666666665,0
43,799,453,rapido,0,0,606,356,0.0,0
43,799,454,rapido,0,0,605,356,0.0,0
43,799,510,rapido,0,0,549,207,1.6555555555555554,0
43,799,537,rapido,0,0,522,106,2.7777777777777777,0
43,800,577,rapido,0,0,548,209,0.37777777777777777,0
43,800,598,rapido,0,0,527,129,1.2666666666666666,0
43,800,602,rapido,0,0,523,117,1.4,0
43,800,616,rapido,0,0,509,63,2.0,0
43,801,629,rapido,0,0,599,241,0.16666666666666666,0
43,801,672,rapido,0,0,556,99,1.7444444444444445,0
43,801,714,rapido,0,0,514,44,2.3555555555555556,0
43,801,726,rapido,0,0,502,19,2.188888888888889,0
43,802,684,rapido,0,0,542,158,0.0,0
43,802,688,rapido,0,0,538,130,0.3111111111111111,0
43,802,698,rapido,0,0,528,90,0.7555555555555555,0
43,802,712,rapido,0,0,514,33,1.3888888888888888,0
43,803,741,rapido,0,0,556,264,0.24444444444444444,0
43,803,750,rapido,0,0,547,201,0.9444444444444444,0
43,803,776,rapido,0,0,521,90,2.1777777777777776,0
43,803,781,rapido,0,0,516,72,2.3777777777777778,0
43,804,792,rapido,0,0,617,392,0.0,0
43,804,812,rapido,0,0,597,291,1.1222222222222222,0
43,804,820,rapido,0,0,589,244,1.6444444444444444,0
43,804,823,rapido,0,0,586,224,1.8666666666666667,0
43,805,859,rapido,0,0,640,282,0.0,0
43,805,874,rapido,0,0,625,237,0.5,0
43,805,884,rapido,0,0,615,192,1.0,0
43,805,904,rapido,0,0,595,44,2.6444444444444444,0
43,806,905,rapido,0,0,647,206,0.0,0
43,806,911,rapido,0,0,641,206,0.0,0
43,806,916,rapido,0,0,636,182,0.26666666666666666,0
43,806,935,rapido,0,0,617,52,1.711111111111111,0
43,807,956,rapido,0,0,597,371,0.43333333333333335,0
43,807,971,rapido,0,0,582,297,1.2555555555555555,0
43,807,983,rapido,0,0,570,241,1.8777777777777778,0
43,807,990,rapido,0,0,563,195,2.388888888888889,0
43,808,1034,rapido,0,0,640,284,0.45555555555555555,0
43,808,1067,rapido,0,0,607,100,2.5,0
43,808,1074,rapido,0,0,600,71,2.8222222222222224,0
43,808,1108,rapido,0,0,566,46,3.1,0
43,809,1080,rapido,0,0,544,350,0.08888888888888889,0
43,809,1110,rapido,0,0,514,199,1.7666666666666666,0
43,809,1112,rapido,0,0,512,190,1.8666666666666667,0
43,809,1137,rapido,0,0,487,72,3.1777777777777776,0
44,812,120,lento,0,1,32,2,0.022222222222222223,1
44,812,126,lento,0,1,26,2,0.022222222222222223,1
44,812,138,lento,0,1,14,2,0.022222222222222223,1
44,812,141,lento,0,1,11,2,0.022222222222222223,1
44,813,161,lento,0,1,72,7,0.011111111111111112,3
44,813,197,lento,0,1,36,5,0.03333333333333333,3
44,813,198,lento,0,1,35,5,0.03333333333333333,3
44,813,210,lento,0,1,23,4,0.044444444444444446,3
44,814,257,lento,0,1,48,3,0.022222222222222223,1
44,814,276,lento,0,1,29,2,0.03333333333333333,1
44,814,286,lento,0,1,19,2,0.03333333333333333,1
44,814,294,lento,0,1,11,2,0.03333333333333333,1
44,815,317,lento,0,1,72,6,0.03333333333333333,0
44,815,318,lento,0,1,71,6,0.03333333333333333,0
44,815,331,lento,0,1,58,5,0.044444444444444446,0
44,815,347,lento,0,1,42,4,0.05555555555555555,0
44,816,399,lento,0,1,41,1,0.044444444444444446,0
44,816,401,lento,0,1,39,1,0.044444444444444446,0
44,816,411,lento,0,1,29,1,0.044444444444444446,0
44,816,415,lento,0,1,25,1,0.044444444444444446,0
44,817,442,lento,0,1,70,6,0.011111111111111112,3
44,817,465,lento,0,1,47,5,0.022222222222222223,3
44,817,471,lento,0,1,41,5,0.022222222222222223,3
44,817,504,lento,0,1,8,3,0.044444444444444446,3
44,818,522,lento,0,1,69,7,0.0,4
44,818,532,lento,0,1,59,7,0.0,4
44,818,537,lento,0,1,54,7,0.0,4
44,818,556,lento,0,1,35,6,0.011111111111111112,4
44,819,626,lento,0,1,33,4,0.0,3
44,819,644,lento,0,1,15,4,0.0,3
44,819,645,lento,0,1,14,4,0.0,3
44,819,650,lento,0,1,9,4,0.0,3
44,820,676,lento,0,1,69,4,0.0,0
44,820,713,lento,0,1,32,3,0.011111111111111112,0
44,820,728,lento,0,1,17,1,0.03333333333333333,0
44,820,742,lento,0,1,3,1,0.03333333333333333,0
44,821,763,lento,0,1,50,4,0.011111111111111112,0
44,821,765,lento,0,1,48,4,0.011111111111111112,0
44,821,778,lento,0,1,35,2,0.03333333333333333,0
44,821,791,lento,0,1,22,2,0.03333333333333333,0
44,822,802,lento,0,1,61,2,0.011111111111111112,0
44,822,803,lento,0,1,60,2,0.011111111111111112,0
44,822,804,lento,0,1,59,2,0.011111111111111112,0
44,822,812,lento,0,1,51,2,0.011111111111111112,0
44,823,818,lento,0,1,63,6,0.0,0
44,823,832,lento,0,1,49,4,0.022222222222222223,0
44,823,835,lento,0,1,46,4,0.022222222222222223,0
44,823,842,lento,0,1,39,3,0.03333333333333333,0
44,824,854,lento,0,1,67,8,0.0,3
44,824,857,lento,0,1,64,7,0.011111111111111112,3
44,824,901,lento,0,1,20,5,0.03333333333333333,3
44,824,917,lento,0,1,4,4,0.044444444444444446,3
44,825,943,lento,0,1,51,2,0.011111111111111112,0
44,825,950,lento,0,1,44,2,0.011111111111111112,0
44,825,952,lento,0,1,42,1,0.022222222222222223,0
44,825,953,lento,0,1,41,1,0.022222222222222223,0
44,826,958,lento,0,1,64,3,0.0,0
44,826,959,lento,0,1,63,3,0.0,0
44,826,960,lento,0,1,62,3,0.0,0
44,826,970,lento,0,1,52,2,0.011111111111111112,0
44,827,982,lento,0,1,60,7,0.0,0
44,827,984,lento,0,1,58,7,0.0,0
44,827,1011,lento,0,1,31,4,0.03333333333333333,0
44,827,1022,lento,0,1,20,4,0.03333333333333333,0
44,828,1048,lento,0,1,62,4,0.0,0
44,828,1050,lento,0,1,60,4,0.0,0
44,828,1056,lento,0,1,54,4,0.0,0
44,828,1057,lento,0,1,53,4,0.0,0
44,829,1088,lento,0,1,72,3,0.011111111111111112,0
44,829,1121,lento,0,1,39,1,0.03333333333333333,0
44,829,1127,lento,0,1,33,1,0.03333333333333333,0
44,829,1128,lento,0,1,32,1,0.03333333333333333,0
44,830,1144,lento,0,1,64,6,0.0,1
44,830,1151,lento,0,1,57,5,0.011111111111111112,1
44,830,1165,lento,0,1,43,4,0.022222222222222223,1
44,830,1178,lento,0,1,30,4,0.022222222222222223,1
45,833,133,rapido,1,1,54,597,0.7,450
45,833,145,rapido,1,1,42,576,0.9333333333333333,450
45,833,159,rapido,1,1,28,531,1.4333333333333333,450
45,833,170,rapido,1,1,17,505,1.7222222222222223,450
45,834,207,rapido,1,1,105,337,0.7555555555555555,0
45,834,212,rapido,1,1,100,323,0.9111111111111111,0
45,834,260,rapido,1,1,52,118,3.188888888888889,0
45,834,281,rapido,1,1,31,7,4.4222222222222225,0
45,835,282,rapido,1,1,103,727,0.0,186
45,835,299,rapido,1,1,86,648,0.8777777777777778,186
45,835,310,rapido,1,1,75,581,1.6222222222222222,186
45,835,346,rapido,1,1,39,364,4.033333333333333,186
45,836,418,rapido,1,1,82,412,0.8,274
45,836,437,rapido,1,1,63,374,1.2222222222222223,274
45,836,452,rapido,1,1,48,338,1.6222222222222222,274
45,836,468,rapido,1,1,32,305,1.988888888888889,274
45,837,538,rapido,1,1,89,315,0.5666666666666667,50
45,837,562,rapido,1,1,65,246,1.3333333333333333,50
45,837,567,rapido,1,1,60,225,1.5666666666666667,50
45,837,612,rapido,1,1,15,94,2.811111111111111,50
45,838,682,rapido,1,1,54,234,2.0,112
45,838,689,rapido,1,1,47,218,2.1777777777777776,112
45,838,714,rapido,1,1,22,166,2.7555555555555555,112
45,838,716,rapido,1,1,20,157,2.8555555555555556,112
45,839,759,rapido,1,1,76,259,0.6555555555555556,189
45,839,773,rapido,1,1,62,232,0.9555555555555556,189
45,839,804,rapido,1,1,31,209,1.211111111111111,189
45,839,816,rapido,1,1,19,199,1.3222222222222222,189
45,840,846,rapido,1,1,117,717,0.044444444444444446,586
45,840,862,rapido,1,1,101,702,0.2111111111111111,586
45,840,865,rapido,1,1,98,702,0.2111111111111111,586
45,840,925,rapido,1,1,38,638,0.9222222222222223,586
45,841,978,rapido,1,1,93,625,0.2222222222222222,474
45,841,979,rapido,1,1,92,625,0.2222222222222222,474
45,841,980,rapido,1,1,91,623,0.24444444444444444,474
45,841,1025,rapido,1,1,46,554,1.011111111111111,474
45,842,1078,rapido,1,1,91,537,0.03333333333333333,433
45,842,1116,rapido,1,1,53,481,0.6555555555555556,433
45,842,1129,rapido,1,1,40,473,0.7444444444444445,433
45,842,1162,rapido,1,1,7,443,1.0777777777777777,433
46,844,120,lento,0,1,52,4,0.4111111111111111,0
46,844,123,lento,0,1,49,4,0.4,0
46,844,125,lento,0,1,47,4,0.36666666666666664,0
46,844,127,lento,0,1,45,4,0.36666666666666664,0
46,845,166,lento,0,1,125,46,0.16666666666666666,0
46,845,212,lento,0,1,79,34,0.3,0
46,845,238,lento,0,1,53,24,0.3333333333333333,0
46,845,239,lento,0,1,52,24,0.3333333333333333,0
46,846,290,lento,0,1,153,33,0.03333333333333333,0
46,846,294,lento,0,1,149,33,0.03333333333333333,0
46,846,312,lento,0,1,131,25,0.12222222222222222,0
46,846,352,lento,0,1,91,5,0.34444444444444444,0
46,847,356,lento,0,1,146,36,0.0,0
46,847,384,lento,0,1,118,23,0.14444444444444443,0
46,847,392,lento,0,1,110,22,0.15555555555555556,0
46,847,428,lento,0,1,74,9,0.3,0
46,848,446,lento,0,1,137,27,0.0,0
46,848,454,lento,0,1,129,21,0.06666666666666667,0
46,848,468,lento,0,1,115,9,0.2,0
46,848,493,lento,0,1,90,4,0.25555555555555554,0
46,849,504,lento,0,1,158,59,0.011111111111111112,0
46,849,506,lento,0,1,156,58,0.022222222222222223,0
46,849,532,lento,0,1,130,34,0.28888888888888886,0
46,849,572,lento,0,1,90,9,0.5666666666666667,0
46,850,592,lento,0,1,144,32,0.13333333333333333,0
46,850,608,lento,0,1,128,20,0.26666666666666666,0
46,850,620,lento,0,1,116,13,0.34444444444444444,0
46,850,633,lento,0,1,103,7,0.4111111111111111,0
46,851,641,lento,0,1,136,57,0.0,1
46,851,689,lento,0,1,88,46,0.12222222222222222,1
46,851,704,lento,0,1,73,40,0.18888888888888888,1
46,851,738,lento,0,1,39,21,0.4,1
46,852,781,lento,0,1,158,52,0.022222222222222223,0
46,852,782,lento,0,1,157,51,0.03333333333333333,0
46,852,791,lento,0,1,148,49,0.05555555555555555,0
46,852,860,lento,0,1,79,10,0.4888888888888889,0
46,853,917,lento,0,1,112,39,0.13333333333333333,0
46,853,935,lento,0,1,94,27,0.26666666666666666,0
46,853,940,lento,0,1,89,26,0.2777777777777778,0
46,853,951,lento,0,1,78,17,0.37777777777777777,0
46,854,1017,lento,0,1,130,15,0.35555555555555557,0
46,854,1027,lento,0,1,120,11,0.4,0
46,854,1030,lento,0,1,117,11,0.4,0
46,854,1045,lento,0,1,102,6,0.45555555555555555,0
46,855,1074,lento,0,1,156,34,0.13333333333333333,0
46,855,1077,lento,0,1,153,33,0.14444444444444443,0
46,855,1106,lento,0,1,124,4,0.4666666666666667,0
46,855,1110,lento,0,1,120,2,0.4888888888888889,0
46,856,1108,lento,0,1,181,61,0.0,0
46,856,1150,lento,0,1,139,30,0.34444444444444444,0
46,856,1156,lento,0,1,133,23,0.4222222222222222,0
46,856,1171,lento,0,1,118,10,0.5666666666666667,0
47,859,125,medio,0,0,627,6,0.0,0
47,859,176,medio,0,0,576,6,0.0,0
47,859,177,medio,0,0,575,6,0.0,0
47,859,190,medio,0,0,562,5,0.011111111111111112,0
47,861,132,medio,0,0,579,7,0.2,0
47,861,143,medio,0,0,568,7,0.2,0
47,861,145,medio,0,0,566,7,0.2,0
47,861,154,medio,0,0,557,7,0.2,0
47,862,128,medio,0,0,566,40,0.07777777777777778,0
47,862,131,medio,0,0,563,36,0.12222222222222222,0
47,862,164,medio,0,0,530,8,0.43333333333333335,0
47,862,174,medio,0,0,520,5,0.4666666666666667,0
47,863,184,medio,0,0,590,53,0.0,0
47,863,194,medio,0,0,580,53,0.0,0
47,863,200,medio,0,0,574,49,0.044444444444444446,0
47,863,223,medio,0,0,551,9,0.4888888888888889,0
47,864,227,medio,0,0,578,27,0.0,0
47,864,229,medio,0,0,576,27,0.0,0
47,864,234,medio,0,0,571,24,0.03333333333333333,0
47,864,236,medio,0,0,569,23,0.044444444444444446,0
47,865,254,medio,0,0,648,56,0.0,0
47,865,272,medio,0,0,630,48,0.08888888888888889,0
47,865,292,medio,0,0,610,25,0.34444444444444444,0
47,865,298,medio,0,0,604,22,0.37777777777777777,0
47,866,347,medio,0,0,645,50,0.13333333333333333,0
47,866,349,medio,0,0,643,46,0.17777777777777778,0
47,866,372,medio,0,0,620,22,0.4444444444444444,0
47,866,388,medio,0,0,604,2,0.6666666666666666,0
47,867,385,medio,0,0,655,41,0.0,0
47,867,400,medio,0,0,640,27,0.15555555555555556,0
47,867,405,medio,0,0,635,21,0.2222222222222222,0
47,867,406,medio,0,0,634,18,0.25555555555555554,0
47,868,432,medio,0,0,739,52,0.12222222222222222,0
47,868,434,medio,0,0,737,51,0.13333333333333333,0
47,868,491,medio,0,0,680,3,0.6666666666666666,0
47,868,518,medio,0,0,653,3,0.6,0
47,869,460,medio,0,0,636,63,0.0,0
47,869,467,medio,0,0,629,60,0.03333333333333333,0
47,869,491,medio,0,0,605,31,0.35555555555555557,0
47,869,501,medio,0,0,595,24,0.43333333333333335,0
47,870,548,medio,0,0,650,9,0.15555555555555556,0
47,870,557,medio,0,0,641,6,0.18888888888888888,0
47,870,561,medio,0,0,637,6,0.18888888888888888,0
47,870,567,medio,0,0,631,6,0.18888888888888888,0
47,871,537,medio,0,0,622,24,0.0,0
47,871,541,medio,0,0,618,21,0.03333333333333333,0
47,871,544,medio,0,0,615,12,0.13333333333333333,0
47,871,547,medio,0,0,612,10,0.15555555555555556,0
47,872,558,medio,0,0,602,45,0.044444444444444446,0
47,872,570,medio,0,0,590,31,0.2,0
47,872,584,medio,0,0,576,16,0.36666666666666664,0
47,872,590,medio,0,0,570,14,0.3888888888888889,0
47,873,605,medio,0,0,700,64,0.0,0
47,873,607,medio,0,0,698,56,0.08888888888888889,0
47,873,611,medio,0,0,694,50,0.15555555555555556,0
47,873,633,medio,0,0,672,19,0.5,0
47,874,652,medio,0,0,614,45,0.2,0
47,874,664,medio,0,0,602,25,0.4222222222222222,0
47,874,674,medio,0,0,592,9,0.6,0
47,874,676,medio,0,0,590,3,0.6666666666666666,0
47,875,687,medio,0,0,727,14,0.14444444444444443,0
47,875,700,medio,0,0,714,12,0.16666666666666666,0
47,875,707,medio,0,0,707,12,0.16666666666666666,0
47,875,709,medio,0,0,705,6,0.23333333333333334,0
47,876,694,medio,0,0,694,29,0.044444444444444446,0
47,876,701,medio,0,0,687,16,0.18888888888888888,0
47,876,703,medio,0,0,685,11,0.24444444444444444,0
47,876,706,medio,0,0,682,3,0.3333333333333333,0
47,877,723,medio,0,0,653,37,0.15555555555555556,0
47,877,743,medio,0,0,633,12,0.43333333333333335,0
47,877,776,medio,0,0,600,10,0.45555555555555555,0
47,877,779,medio,0,0,597,10,0.45555555555555555,0
47,878,762,medio,0,0,593,38,0.25555555555555554,0
47,878,771,medio,0,0,584,24,0.4111111111111111,0
47,878,773,medio,0,0,582,18,0.4777777777777778,0
47,878,780,medio,0,0,575,2,0.6555555555555556,0
47,879,794,medio,0,0,648,48,0.07777777777777778,0
47,879,804,medio,0,0,638,42,0.14444444444444443,0
47,879,822,medio,0,0,620,21,0.37777777777777777,0
47,879,827,medio,0,0,615,16,0.43333333333333335,0
47,880,841,medio,0,0,635,37,0.0,0
47,880,852,medio,0,0,624,37,0.0,0
47,880,871,medio,0,0,605,24,0.14444444444444443,0
47,880,883,medio,0,0,593,14,0.25555555555555554,0
47,881,912,medio,0,0,622,27,0.17777777777777778,0
47,881,940,medio,0,0,594,7,0.4,0
47,881,966,medio,0,0,568,7,0.4,0
47,881,990,medio,0,0,544,6,0.3888888888888889,0
47,882,941,medio,0,0,585,59,0.06666666666666667,0
47,882,957,medio,0,0,569,42,0.25555555555555554,0
47,882,964,medio,0,0,562,37,0.3111111111111111,0
47,882,970,medio,0,0,556,34,0.34444444444444444,0
47,883,995,medio,0,0,660,23,0.022222222222222223,0
47,883,998,medio,0,0,657,20,0.05555555555555555,0
47,883,1001,medio,0,0,654,19,0.06666666666666667,0
47,883,1026,medio,0,0,629,3,0.24444444444444444,0
47,884,1037,medio,0,0,677,31,0.17777777777777778,0
47,884,1040,medio,0,0,674,30,0.18888888888888888,0
47,884,1047,medio,0,0,667,20,0.3,0
47,884,1048,medio,0,0,666,19,0.3111111111111111,0
47,885,1055,medio,0,0,703,58,0.0,0
47,885,1073,medio,0,0,685,44,0.15555555555555556,0
47,885,1131,medio,0,0,627,5,0.5888888888888889,0
47,885,1150,medio,0,0,608,5,0.5888888888888889,0
47,886,1114,medio,0,0,578,29,0.1111111111111111,0
47,886,1116,medio,0,0,576,29,0.1111111111111111,0
47,886,1126,medio,0,0,566,19,0.2222222222222222,0
47,886,1145,medio,0,0,547,6,0.36666666666666664,0
47,887,1157,medio,0,0,601,22,0.07777777777777778,0
47,887,1159,medio,0,0,599,21,0.08888888888888889,0
47,887,1166,medio,0,0,592,18,0.12222222222222222,0
47,887,1169,medio,0,0,589,16,0.14444444444444443,0
48,891,139,lento,0,0,261,14,0.34444444444444444,0
48,891,145,lento,0,0,255,13,0.35555555555555557,0
48,891,172,lento,0,0,228,6,0.4111111111111111,0
48,891,178,lento,0,0,222,1,0.4444444444444444,0
48,892,156,lento,0,0,300,26,0.0,0
48,892,161,lento,0,0,295,26,0.0,0
48,892,185,lento,0,0,271,24,0.022222222222222223,0
48,892,214,lento,0,0,242,12,0.15555555555555556,0
48,893,240,lento,0,0,353,17,0.011111111111111112,0
48,893,271,lento,0,0,322,5,0.14444444444444443,0
48,893,298,lento,0,0,295,5,0.14444444444444443,0
48,893,314,lento,0,0,279,5,0.14444444444444443,0
48,894,293,lento,0,0,296,12,0.1111111111111111,0
48,894,296,lento,0,0,293,11,0.12222222222222222,0
48,894,316,lento,0,0,273,5,0.18888888888888888,0
48,894,319,lento,0,0,270,4,0.2,0
48,895,325,lento,0,0,325,19,0.0,0
48,895,366,lento,0,0,284,14,0.05555555555555555,0
48,895,399,lento,0,0,251,4,0.16666666666666666,0
48,895,400,lento,0,0,250,4,0.16666666666666666,0
48,896,399,lento,0,0,305,42,0.0,0
48,896,483,lento,0,0,221,26,0.17777777777777778,0
48,896,507,lento,0,0,197,23,0.2111111111111111,0
48,896,595,lento,0,0,109,5,0.2,0
48,897,606,lento,0,0,310,37,0.0,0
48,897,636,lento,0,0,280,37,0.0,0
48,897,753,lento,0,0,163,10,0.28888888888888886,0
48,897,766,lento,0,0,150,6,0.3333333333333333,0
48,898,833,lento,0,0,252,40,0.05555555555555555,0
48,898,865,lento,0,0,220,35,0.1111111111111111,0
48,898,877,lento,0,0,208,33,0.13333333333333333,0
48,898,997,lento,0,0,88,6,0.23333333333333334,0
48,899,1003,lento,0,0,340,29,0.0,0
48,899,1008,lento,0,0,335,29,0.0,0
48,899,1015,lento,0,0,328,29,0.0,0
48,899,1084,lento,0,0,259,21,0.08888888888888889,0
49,901,120,lento,0,0,291,1,0.16666666666666666,0
49,902,136,lento,0,0,423,6,0.06666666666666667,0
49,902,154,lento,0,0,405,3,0.1,0
49,902,157,lento,0,0,402,3,0.1,0
49,902,164,lento,0,0,395,2,0.1111111111111111,0
49,903,155,lento,0,0,482,10,0.0,0
49,903,156,lento,0,0,481,10,0.0,0
49,903,157,lento,0,0,480,10,0.0,0
49,903,166,lento,0,0,471,10,0.0,0
49,904,203,lento,0,0,491,13,0.0,0
49,904,207,lento,0,0,487,11,0.022222222222222223,0
49,904,214,lento,0,0,480,11,0.022222222222222223,0
49,904,232,lento,0,0,462,5,0.08888888888888889,0
49,905,246,lento,0,0,523,12,0.0,0
49,905,265,lento,0,0,504,11,0.011111111111111112,0
49,905,269,lento,0,0,500,11,0.011111111111111112,0
49,905,283,lento,0,0,486,6,0.06666666666666667,0
49,906,339,lento,0,0,436,17,0.044444444444444446,0
49,906,343,lento,0,0,432,16,0.05555555555555555,0
49,906,347,lento,0,0,428,15,0.06666666666666667,0
49,906,352,lento,0,0,423,14,0.07777777777777778,0
49,907,397,lento,0,0,452,19,0.03333333333333333,0
49,907,441,lento,0,0,408,7,0.16666666666666666,0
49,907,444,lento,0,0,405,7,0.16666666666666666,0
49,907,473,lento,0,0,376,1,0.23333333333333334,0
49,908,509,lento,0,0,429,14,0.1111111111111111,0
49,908,511,lento,0,0,427,14,0.1111111111111111,0
49,908,523,lento,0,0,415,14,0.1111111111111111,0
49,908,558,lento,0,0,380,7,0.18888888888888888,0
49,909,575,lento,0,0,407,15,0.0,0
49,909,577,lento,0,0,405,15,0.0,0
49,909,590,lento,0,0,392,11,0.044444444444444446,0
49,909,598,lento,0,0,384,9,0.06666666666666667,0
49,910,656,lento,0,0,383,13,0.03333333333333333,0
49,910,668,lento,0,0,371,12,0.044444444444444446,0
49,910,679,lento,0,0,360,10,0.06666666666666667,0
49,910,698,lento,0,0,341,7,0.1,0
49,911,756,lento,0,0,408,19,0.05555555555555555,0
49,911,776,lento,0,0,388,16,0.08888888888888889,0
49,911,781,lento,0,0,383,14,0.1111111111111111,0
49,911,839,lento,0,0,325,1,0.2111111111111111,0
49,912,889,lento,0,0,467,12,0.044444444444444446,0
49,912,894,lento,0,0,462,10,0.06666666666666667,0
49,912,905,lento,0,0,451,9,0.07777777777777778,0
49,912,962,lento,0,0,394,2,0.15555555555555556,0
49,913,983,lento,0,0,432,22,0.022222222222222223,0
49,913,1072,lento,0,0,343,10,0.14444444444444443,0
49,913,1093,lento,0,0,322,7,0.14444444444444443,0
49,913,1119,lento,0,0,296,2,0.18888888888888888,0
49,914,1121,lento,0,0,389,14,0.0,0
49,914,1140,lento,0,0,370,10,0.044444444444444446,0
49,914,1172,lento,0,0,338,1,0.14444444444444443,0
49,914,1181,lento,0,0,329,1,0.14444444444444443,0
50,916,120,rapido,0,0,560,19,0.18888888888888888,0
50,916,124,rapido,0,0,556,19,0.0,0
50,916,125,rapido,0,0,555,14,0.05555555555555555,0
50,916,126,rapido,0,0,554,7,0.13333333333333333,0
50,917,120,rapido,0,0,436,16,4.688888888888889,0
50,917,121,rapido,0,0,435,13,4.722222222222222,0
50,917,122,rapido,0,0,434,9,4.7444444444444445,0
50,917,124,rapido,0,0,432,3,4.7444444444444445,0
50,918,120,rapido,0,0,604,185,0.0,0
50,918,124,rapido,0,0,600,185,0.0,0
50,918,132,rapido,0,0,592,154,0.34444444444444444,0
50,918,134,rapido,0,0,590,136,0.5444444444444444,0
50,919,176,rapido,0,0,635,372,0.9444444444444444,0
50,919,201,rapido,0,0,610,223,2.6,0
50,919,236,rapido,0,0,575,49,4.533333333333333,0
50,919,238,rapido,0,0,573,38,4.655555555555556,0
50,920,260,rapido,0,0,598,285,0.5777777777777777,0
50,920,272,rapido,0,0,586,226,1.2333333333333334,0
50,920,285,rapido,0,0,573,150,2.077777777777778,0
50,920,300,rapido,0,0,558,79,2.8666666666666667,0
50,921,322,rapido,0,0,644,368,0.24444444444444444,0
50,921,391,rapido,0,0,575,61,3.6555555555555554,0
50,921,395,rapido,0,0,571,26,4.044444444444444,0
50,921,400,rapido,0,0,566,2,4.311111111111111,0
50,922,410,rapido,0,0,664,263,0.4888888888888889,0
50,922,411,rapido,0,0,663,258,0.5444444444444444,0
50,922,418,rapido,0,0,656,230,0.8555555555555555,0
50,922,430,rapido,0,0,644,181,1.4,0
50,923,455,rapido,0,0,651,192,0.0,0
50,923,468,rapido,0,0,638,140,0.5777777777777777,0
50,923,472,rapido,0,0,634,124,0.7555555555555555,0
50,923,482,rapido,0,0,624,36,1.7333333333333334,0
50,924,486,rapido,0,0,666,364,0.0,0
50,924,499,rapido,0,0,653,273,1.011111111111111,0
50,924,501,rapido,0,0,651,259,1.1666666666666667,0
50,924,504,rapido,0,0,648,244,1.3333333333333333,0
50,925,548,rapido,0,0,657,425,0.0,0
50,925,571,rapido,0,0,634,289,1.511111111111111,0
50,925,572,rapido,0,0,633,282,1.5888888888888888,0
50,925,607,rapido,0,0,598,90,3.7222222222222223,0
50,926,687,rapido,0,0,606,21,4.977777777777778,0
50,926,712,rapido,0,0,581,21,4.855555555555555,0
50,926,754,rapido,0,0,539,21,1.8,0
50,926,755,rapido,0,0,538,21,1.6111111111111112,0
50,927,694,rapido,0,0,527,417,0.8666666666666667,0
50,927,698,rapido,0,0,523,389,1.1777777777777778,0
50,927,729,rapido,0,0,492,212,3.1444444444444444,0
50,927,739,rapido,0,0,482,151,3.8222222222222224,0
50,928,771,rapido,0,0,673,217,0.2111111111111111,0
50,928,780,rapido,0,0,664,165,0.7888888888888889,0
50,928,834,rapido,0,0,610,41,2.1666666666666665,0
50,928,885,rapido,0,0,559,34,0.4888888888888889,0
50,929,817,rapido,0,0,520,238,1.3666666666666667,0
50,929,821,rapido,0,0,516,217,1.6,0
50,929,835,rapido,0,0,502,125,2.6222222222222222,0
50,929,852,rapido,0,0,485,11,3.888888888888889,0
50,930,869,rapido,0,0,509,183,2.1222222222222222,0
50,930,876,rapido,0,0,502,128,2.7333333333333334,0
50,930,879,rapido,0,0,499,85,3.2111111111111112,0
50,930,880,rapido,0,0,498,82,3.2444444444444445,0
50,931,903,rapido,0,0,674,376,0.5666666666666667,0
50,931,912,rapido,0,0,665,305,1.3555555555555556,0
50,931,938,rapido,0,0,639,104,3.588888888888889,0
50,931,943,rapido,0,0,634,65,4.022222222222222,0
50,932,972,rapido,0,0,546,150,1.9444444444444444,0
50,932,975,rapido,0,0,543,128,2.188888888888889,0
50,932,1009,rapido,0,0,509,23,3.3555555555555556,0
50,932,1034,rapido,0,0,484,23,3.3555555555555556,0
50,933,1002,rapido,0,0,515,414,1.1222222222222222,0
50,933,1011,rapido,0,0,506,313,2.2444444444444445,0
50,933,1017,rapido,0,0,500,263,2.8,0
50,933,1034,rapido,0,0,483,100,4.611111111111111,0
50,934,1052,rapido,0,0,534,411,0.7333333333333333,0
50,934,1058,rapido,0,0,528,342,1.5,0
50,934,1081,rapido,0,0,505,90,4.3,0
50,934,1082,rapido,0,0,504,82,4.388888888888889,0
50,935,1104,rapido,0,0,634,250,1.4777777777777779,0
50,935,1144,rapido,0,0,594,7,4.177777777777778,0
50,935,1152,rapido,0,0,586,7,4.177777777777778,0
50,935,1160,rapido,0,0,578,7,4.177777777777778,0
50,936,1143,rapido,0,0,575,281,2.3333333333333335,0
50,936,1156,rapido,0,0,562,94,4.411111111111111,0
50,936,1161,rapido,0,0,557,37,5.044444444444444,0
50,936,1162,rapido,0,0,556,16,5.277777777777778,0
50,937,1179,rapido,0,0,669,221,1.5555555555555556,0
50,937,1180,rapido,0,0,668,213,1.6444444444444444,0
50,937,1183,rapido,0,0,665,192,1.8777777777777778,0
50,937,1189,rapido,0,0,659,105,2.8444444444444446,0
50,938,1201,rapido,0,0,610,207,0.011111111111111112,0
50,938,1205,rapido,0,0,606,130,0.8666666666666667,0
50,938,1210,rapido,0,0,601,51,1.7444444444444445,0
50,938,1212,rapido,0,0,599,16,2.1333333333333333,0
51,939,121,medio,0,1,25,11,0.6,0
51,939,122,medio,0,1,24,11,0.6,0
51,939,125,medio,0,1,21,10,0.5888888888888889,0
51,939,141,medio,0,1,5,2,0.5666666666666667,0
51,940,144,medio,0,1,129,127,0.0,42
51,940,203,medio,0,1,70,87,0.4444444444444444,42
51,940,204,medio,0,1,69,87,0.4444444444444444,42
51,940,224,medio,0,1,49,77,0.5555555555555556,42
51,941,282,medio,0,1,138,76,0.0,0
51,941,300,medio,0,1,120,68,0.08888888888888889,0
51,941,313,medio,0,1,107,53,0.25555555555555554,0
51,941,368,medio,0,1,52,11,0.7222222222222222,0
51,942,380,medio,0,1,158,70,0.0,0
51,942,415,medio,0,1,123,55,0.16666666666666666,0
51,942,474,medio,0,1,64,36,0.37777777777777777,0
51,942,513,medio,0,1,25,12,0.4444444444444444,0
51,943,554,medio,0,1,107,71,0.23333333333333334,0
51,943,568,medio,0,1,93,64,0.3111111111111111,0
51,943,585,medio,0,1,76,54,0.4222222222222222,0
51,943,605,medio,0,1,56,45,0.5222222222222223,0
51,944,662,medio,0,1,131,126,0.022222222222222223,42
51,944,723,medio,0,1,70,85,0.4777777777777778,42
51,944,767,medio,0,1,26,58,0.6444444444444445,42
51,944,774,medio,0,1,19,53,0.6666666666666666,42
51,945,834,medio,0,1,135,43,0.24444444444444444,0
51,945,838,medio,0,1,131,42,0.25555555555555554,0
51,945,868,medio,0,1,101,21,0.4888888888888889,0
51,945,872,medio,0,1,97,18,0.5222222222222223,0
51,946,891,medio,0,1,152,100,0.0,0
51,946,904,medio,0,1,139,95,0.05555555555555555,0
51,946,948,medio,0,1,95,52,0.5333333333333333,0
51,946,967,medio,0,1,76,38,0.6888888888888889,0
51,947,1009,medio,0,1,173,52,0.0,0
51,947,1043,medio,0,1,139,15,0.4111111111111111,0
51,947,1047,medio,0,1,135,6,0.5111111111111111,0
51,947,1051,medio,0,1,131,4,0.5333333333333333,0
51,948,1054,medio,0,1,150,57,0.022222222222222223,0
51,948,1065,medio,0,1,139,48,0.12222222222222222,0
51,948,1069,medio,0,1,135,44,0.16666666666666666,0
51,948,1078,medio,0,1,126,39,0.2222222222222222,0
52,951,122,medio,0,0,212,11,1.4444444444444444,0
52,951,124,medio,0,0,210,10,1.4555555555555555,0
52,951,126,medio,0,0,208,7,1.488888888888889,0
52,951,128,medio,0,0,206,2,1.5444444444444445,0
52,952,145,medio,0,0,288,52,0.23333333333333334,0
52,952,153,medio,0,0,280,41,0.35555555555555557,0
52,952,174,medio,0,0,259,16,0.6333333333333333,0
52,952,235,medio,0,0,198,16,0.4,0
52,953,167,medio,0,0,263,128,0.044444444444444446,0
52,953,217,medio,0,0,213,81,0.5666666666666667,0
52,953,285,medio,0,0,145,14,0.9666666666666667,0
52,953,298,medio,0,0,132,6,0.9555555555555556,0
52,954,354,medio,0,0,212,103,0.4222222222222222,0
52,954,450,medio,0,0,116,23,0.8666666666666667,0
52,954,460,medio,0,0,106,9,0.9555555555555556,0
52,954,466,medio,0,0,100,6,0.8888888888888888,0
52,955,452,medio,0,0,278,163,0.0,0
52,955,525,medio,0,0,205,113,0.5555555555555556,0
52,955,600,medio,0,0,130,49,0.8333333333333334,0
52,955,609,medio,0,0,121,43,0.8333333333333334,0
52,956,730,medio,0,0,226,128,0.4222222222222222,0
52,956,732,medio,0,0,224,127,0.43333333333333335,0
52,956,753,medio,0,0,203,106,0.6666666666666666,0
52,956,863,medio,0,0,93,14,0.7777777777777778,0
52,957,913,medio,0,0,194,146,0.16666666666666666,1
52,957,956,medio,0,0,151,119,0.4666666666666667,1
52,957,964,medio,0,0,143,110,0.5666666666666667,1
52,957,980,medio,0,0,127,101,0.6666666666666666,1
53,961,135,rapido,1,0,597,87,2.2222222222222223,0
53,961,204,rapido,1,0,528,70,0.18888888888888888,0
53,961,205,rapido,1,0,527,70,0.18888888888888888,0
53,961,241,rapido,1,0,491,70,0.18888888888888888,0
53,962,126,rapido,1,0,482,376,1.9666666666666666,0
53,962,147,rapido,1,0,461,255,3.311111111111111,0
53,962,150,rapido,1,0,458,241,3.466666666666667,0
53,962,179,rapido,1,0,429,101,5.022222222222222,0
53,963,204,rapido,1,0,509,381,0.36666666666666664,0
53,963,209,rapido,1,0,504,361,0.5888888888888889,0
53,963,240,rapido,1,0,473,213,2.2333333333333334,0
53,963,255,rapido,1,0,458,106,3.422222222222222,0
53,964,308,rapido,1,0,535,409,2.1555555555555554,0
53,964,321,rapido,1,0,522,288,3.5,0
53,964,329,rapido,1,0,514,228,4.166666666666667,0
53,964,351,rapido,1,0,492,24,6.433333333333334,0
53,965,343,rapido,1,0,596,526,0.0,0
53,965,360,rapido,1,0,579,446,0.8888888888888888,0
53,965,384,rapido,1,0,555,198,3.6444444444444444,0
53,965,405,rapido,1,0,534,54,5.2444444444444445,0
53,966,427,rapido,1,0,514,583,1.2444444444444445,0
53,966,469,rapido,1,0,472,307,4.311111111111111,0
53,966,486,rapido,1,0,455,168,5.855555555555555,0
53,966,496,rapido,1,0,445,121,6.377777777777778,0
53,967,598,rapido,1,0,489,284,2.466666666666667,0
53,967,607,rapido,1,0,480,260,2.7333333333333334,0
53,967,610,rapido,1,0,477,252,2.7777777777777777,0
53,967,669,rapido,1,0,418,29,3.1777777777777776,0
53,968,677,rapido,1,0,567,327,0.0,0
53,968,690,rapido,1,0,554,286,0.45555555555555555,0
53,968,719,rapido,1,0,525,158,1.8777777777777778,0
53,968,733,rapido,1,0,511,83,2.7111111111111112,0
53,969,732,rapido,1,0,569,378,0.0,0
53,969,744,rapido,1,0,557,378,0.0,0
53,969,806,rapido,1,0,495,141,2.6333333333333333,0
53,969,833,rapido,1,0,468,16,4.022222222222222,0
53,970,829,rapido,1,0,586,259,0.0,0
53,970,835,rapido,1,0,580,259,0.0,0
53,970,1024,rapido,1,0,391,112,0.0,0
53,970,1123,rapido,1,0,292,82,0.3333333333333333,0
53,971,982,rapido,1,0,408,390,2.8,0
53,971,1056,rapido,1,0,334,211,2.4444444444444446,0
53,971,1087,rapido,1,0,303,101,2.8666666666666667,0
53,971,1090,rapido,1,0,300,99,2.7444444444444445,0
54,974,146,lento,0,0,613,9,0.4111111111111111,0
54,974,152,lento,0,0,607,9,0.4111111111111111,0
54,974,178,lento,0,0,581,9,0.3888888888888889,0
54,974,183,lento,0,0,576,9,0.36666666666666664,0
54,975,155,lento,0,0,538,27,0.044444444444444446,0
54,975,166,lento,0,0,527,20,0.12222222222222222,0
54,975,173,lento,0,0,520,18,0.14444444444444443,0
54,975,176,lento,0,0,517,17,0.15555555555555556,0
54,976,249,lento,0,0,586,36,0.17777777777777778,0
54,976,250,lento,0,0,585,36,0.17777777777777778,0
54,976,265,lento,0,0,570,30,0.24444444444444444,0
54,976,276,lento,0,0,559,17,0.3888888888888889,0
54,977,300,lento,0,0,563,54,0.011111111111111112,0
54,977,344,lento,0,0,519,43,0.13333333333333333,0
54,977,383,lento,0,0,480,27,0.3111111111111111,0
54,977,395,lento,0,0,468,23,0.34444444444444444,0
54,978,465,lento,0,0,503,40,0.1,0
54,978,476,lento,0,0,492,35,0.15555555555555556,0
54,978,480,lento,0,0,488,34,0.16666666666666666,0
54,978,509,lento,0,0,459,25,0.26666666666666666,0
54,979,578,lento,0,0,673,37,0.0,0
54,979,674,lento,0,0,577,18,0.2111111111111111,0
54,979,683,lento,0,0,568,14,0.25555555555555554,0
54,979,711,lento,0,0,540,8,0.25555555555555554,0
55,983,120,lento,0,0,296,8,0.05555555555555555,0
55,983,135,lento,0,0,281,5,0.08888888888888889,0
55,983,144,lento,0,0,272,5,0.08888888888888889,0
55,983,148,lento,0,0,268,4,0.1,0
55,984,185,lento,0,0,325,10,0.0,0
55,984,188,lento,0,0,322,10,0.0,0
55,984,224,lento,0,0,286,6,0.044444444444444446,0
55,984,247,lento,0,0,263,2,0.08888888888888889,0
55,985,280,lento,0,0,323,12,0.011111111111111112,0
55,985,310,lento,0,0,293,7,0.06666666666666667,0
55,985,315,lento,0,0,288,7,0.06666666666666667,0
55,985,330,lento,0,0,273,6,0.07777777777777778,0
55,986,351,lento,0,0,341,5,0.044444444444444446,0
55,986,362,lento,0,0,330,2,0.07777777777777778,0
55,986,363,lento,0,0,329,2,0.07777777777777778,0
55,986,367,lento,0,0,325,2,0.07777777777777778,0
55,987,367,lento,0,0,338,5,0.0,0
55,987,378,lento,0,0,327,4,0.011111111111111112,0
55,987,384,lento,0,0,321,4,0.011111111111111112,0
55,987,393,lento,0,0,312,1,0.044444444444444446,0
55,988,409,lento,0,0,315,6,0.044444444444444446,0
55,988,429,lento,0,0,295,3,0.07777777777777778,0
55,988,433,lento,0,0,291,2,0.08888888888888889,0
55,988,443,lento,0,0,281,1,0.1,0
55,989,449,lento,0,0,335,8,0.011111111111111112,0
55,989,484,lento,0,0,300,3,0.06666666666666667,0
55,989,485,lento,0,0,299,3,0.06666666666666667,0
55,989,498,lento,0,0,286,2,0.07777777777777778,0
55,990,503,lento,0,0,313,10,0.0,0
55,990,510,lento,0,0,306,10,0.0,0
55,990,517,lento,0,0,299,9,0.011111111111111112,0
55,990,519,lento,0,0,297,9,0.011111111111111112,0
55,991,582,lento,0,0,366,5,0.08888888888888889,0
55,991,590,lento,0,0,358,4,0.1,0
55,991,601,lento,0,0,347,3,0.1111111111111111,0
55,991,616,lento,0,0,332,2,0.12222222222222222,0
55,992,652,lento,0,0,350,5,0.07777777777777778,0
55,992,657,lento,0,0,345,5,0.07777777777777778,0
55,992,664,lento,0,0,338,4,0.08888888888888889,0
55,992,674,lento,0,0,328,1,0.12222222222222222,0
55,993,721,lento,0,0,304,13,0.022222222222222223,0
55,993,735,lento,0,0,290,13,0.022222222222222223,0
55,993,764,lento,0,0,261,11,0.044444444444444446,0
55,993,822,lento,0,0,203,9,0.044444444444444446,0
55,994,853,lento,0,0,322,6,0.0,0
55,994,881,lento,0,0,294,4,0.022222222222222223,0
55,994,897,lento,0,0,278,4,0.022222222222222223,0
55,994,912,lento,0,0,263,3,0.03333333333333333,0
55,995,933,lento,0,0,318,7,0.0,0
55,995,952,lento,0,0,299,4,0.03333333333333333,0
55,995,968,lento,0,0,283,4,0.03333333333333333,0
55,995,969,lento,0,0,282,4,0.03333333333333333,0
55,996,1003,lento,0,0,391,3,0.05555555555555555,0
55,996,1015,lento,0,0,379,3,0.05555555555555555,0
55,996,1020,lento,0,0,374,2,0.06666666666666667,0
55,996,1098,lento,0,0,296,2,0.011111111111111112,0
55,997,1080,lento,0,0,256,4,0.06666666666666667,0
55,997,1094,lento,0,0,242,3,0.07777777777777778,0
55,997,1096,lento,0,0,240,2,0.08888888888888889,0
55,997,1115,lento,0,0,221,2,0.08888888888888889,0
55,998,1134,lento,0,0,387,9,0.0,0
55,998,1162,lento,0,0,359,7,0.022222222222222223,0
55,998,1165,lento,0,0,356,6,0.03333333333333333,0
55,998,1174,lento,0,0,347,3,0.06666666666666667,0
56,1001,121,medio,0,0,240,51,0.7,0
56,1001,133,medio,0,0,228,35,0.8777777777777778,0
56,1001,136,medio,0,0,225,32,0.9111111111111111,0
56,1001,142,medio,0,0,219,20,1.0444444444444445,0
56,1002,154,medio,0,0,244,190,0.06666666666666667,0
56,1002,158,medio,0,0,240,186,0.1111111111111111,0
56,1002,216,medio,0,0,182,70,1.4,0
56,1002,220,medio,0,0,178,55,1.5666666666666667,0
56,1003,244,medio,0,0,260,141,0.0,0
56,1003,249,medio,0,0,255,122,0.2111111111111111,0
56,1003,267,medio,0,0,237,69,0.8,0
56,1003,290,medio,0,0,214,7,1.488888888888889,0
56,1004,307,medio,0,0,239,158,0.32222222222222224,0
56,1004,327,medio,0,0,219,116,0.7888888888888889,0
56,1004,371,medio,0,0,175,12,1.9444444444444444,0
56,1004,376,medio,0,0,170,4,2.033333333333333,0
56,1005,378,medio,0,0,283,97,0.011111111111111112,0
56,1005,382,medio,0,0,279,86,0.13333333333333333,0
56,1005,394,medio,0,0,267,45,0.5888888888888889,0
56,1005,396,medio,0,0,265,36,0.6888888888888889,0
56,1006,422,medio,0,0,262,70,0.6222222222222222,0
56,1006,428,medio,0,0,256,54,0.8,0
56,1006,440,medio,0,0,244,21,1.1666666666666667,0
56,1006,441,medio,0,0,243,18,1.2,0
56,1007,448,medio,0,0,255,139,0.1,0
56,1007,464,medio,0,0,239,98,0.5555555555555556,0
56,1007,470,medio,0,0,233,85,0.7,0
56,1007,473,medio,0,0,230,72,0.8444444444444444,0
56,1008,501,medio,0,0,287,130,0.1111111111111111,0
56,1008,506,medio,0,0,282,115,0.2777777777777778,0
56,1008,516,medio,0,0,272,35,1.1666666666666667,0
56,1008,521,medio,0,0,267,18,1.3555555555555556,0
56,1009,532,medio,0,0,292,178,0.32222222222222224,0
56,1009,550,medio,0,0,274,78,1.4333333333333333,0
56,1009,563,medio,0,0,261,28,1.988888888888889,0
56,1009,565,medio,0,0,259,19,2.088888888888889,0
56,1010,586,medio,0,0,255,109,0.7222222222222222,0
56,1010,600,medio,0,0,241,60,1.2666666666666666,0
56,1010,605,medio,0,0,236,44,1.4444444444444444,0
56,1010,612,medio,0,0,229,11,1.8111111111111111,0
56,1011,630,medio,0,0,307,81,0.7888888888888889,0
56,1011,633,medio,0,0,304,67,0.9444444444444444,0
56,1011,639,medio,0,0,298,44,1.2,0
56,1011,643,medio,0,0,294,24,1.4222222222222223,0
56,1012,668,medio,0,0,271,95,1.0777777777777777,0
56,1012,673,medio,0,0,266,64,1.4222222222222223,0
56,1012,674,medio,0,0,265,56,1.511111111111111,0
56,1012,675,medio,0,0,264,54,1.5333333333333334,0
56,1013,694,medio,0,0,250,99,0.43333333333333335,0
56,1013,702,medio,0,0,242,63,0.8333333333333334,0
56,1013,705,medio,0,0,239,49,0.9888888888888889,0
56,1013,714,medio,0,0,230,18,1.3333333333333333,0
56,1014,722,medio,0,0,305,87,0.07777777777777778,0
56,1014,737,medio,0,0,290,31,0.7,0
56,1014,739,medio,0,0,288,17,0.8555555555555555,0
56,1014,743,medio,0,0,284,8,0.9555555555555556,0
56,1015,743,medio,0,0,288,80,0.0,0
56,1015,749,medio,0,0,282,49,0.34444444444444444,0
56,1015,750,medio,0,0,281,34,0.5111111111111111,0
56,1015,751,medio,0,0,280,26,0.6,0
56,1016,762,medio,0,0,320,105,0.25555555555555554,0
56,1016,764,medio,0,0,318,95,0.36666666666666664,0
56,1016,771,medio,0,0,311,69,0.6555555555555556,0
56,1016,783,medio,0,0,299,9,1.3222222222222222,0
56,1017,791,medio,0,0,280,106,0.28888888888888886,0
56,1017,801,medio,0,0,270,74,0.6444444444444445,0
56,1017,805,medio,0,0,266,44,0.9777777777777777,0
56,1017,809,medio,0,0,262,16,1.288888888888889,0
56,1018,813,medio,0,0,331,181,0.0,0
56,1018,826,medio,0,0,318,109,0.8,0
56,1018,845,medio,0,0,299,36,1.6111111111111112,0
56,1018,847,medio,0,0,297,25,1.7333333333333334,0
56,1019,854,medio,0,0,304,78,0.044444444444444446,0
56,1019,860,medio,0,0,298,49,0.36666666666666664,0
56,1019,872,medio,0,0,286,5,0.8555555555555555,0
56,1019,888,medio,0,0,270,5,0.8555555555555555,0
56,1020,876,medio,0,0,275,94,0.34444444444444444,0
56,1020,883,medio,0,0,268,41,0.9333333333333333,0
56,1020,884,medio,0,0,267,34,1.011111111111111,0
56,1020,890,medio,0,0,261,15,1.2222222222222223,0
56,1021,899,medio,0,0,303,96,0.23333333333333334,0
56,1021,907,medio,0,0,295,44,0.8111111111111111,0
56,1021,908,medio,0,0,294,40,0.8555555555555555,0
56,1021,912,medio,0,0,290,24,1.0333333333333334,0
56,1022,917,medio,0,0,312,87,0.08888888888888889,0
56,1022,919,medio,0,0,310,82,0.14444444444444443,0
56,1022,921,medio,0,0,308,72,0.25555555555555554,0
56,1022,927,medio,0,0,302,46,0.5444444444444444,0
56,1023,946,medio,0,0,318,60,0.4666666666666667,0
56,1023,947,medio,0,0,317,58,0.4888888888888889,0
56,1023,953,medio,0,0,311,22,0.8888888888888888,0
56,1023,959,medio,0,0,305,3,1.1,0
56,1024,959,medio,0,0,307,134,0.0,0
56,1024,976,medio,0,0,290,64,0.7777777777777778,0
56,1024,980,medio,0,0,286,53,0.9,0
56,1024,988,medio,0,0,278,23,1.2333333333333334,0
56,1025,996,medio,0,0,251,47,0.4111111111111111,0
56,1025,997,medio,0,0,250,36,0.5333333333333333,0
56,1025,998,medio,0,0,249,17,0.7444444444444445,0
56,1025,1001,medio,0,0,246,2,0.9111111111111111,0
56,1026,1020,medio,0,0,317,41,1.4555555555555555,0
56,1026,1022,medio,0,0,315,30,1.5777777777777777,0
56,1026,1025,medio,0,0,312,14,1.7555555555555555,0
56,1026,1026,medio,0,0,311,3,1.8777777777777778,0
56,1027,1029,medio,0,0,334,86,0.08888888888888889,0
56,1027,1031,medio,0,0,332,76,0.2,0
56,1027,1033,medio,0,0,330,60,0.37777777777777777,0
56,1027,1038,medio,0,0,325,1,1.0333333333333334,0
56,1028,1044,medio,0,0,285,153,0.06666666666666667,0
56,1028,1047,medio,0,0,282,129,0.3333333333333333,0
56,1028,1055,medio,0,0,274,35,1.3777777777777778,0
56,1028,1057,medio,0,0,272,15,1.6,0
56,1029,1063,medio,0,0,308,203,0.0,0
56,1029,1072,medio,0,0,299,140,0.7,0
56,1029,1079,medio,0,0,292,91,1.2444444444444445,0
56,1029,1081,medio,0,0,290,62,1.5666666666666667,0
56,1030,1094,medio,0,0,262,95,0.1,0
56,1030,1096,medio,0,0,260,81,0.25555555555555554,0
56,1030,1103,medio,0,0,253,15,0.9888888888888889,0
56,1030,1104,medio,0,0,252,8,1.0666666666666667,0
56,1031,1112,medio,0,0,329,65,0.17777777777777778,0
56,1031,1113,medio,0,0,328,57,0.26666666666666666,0
56,1031,1117,medio,0,0,324,47,0.37777777777777777,0
56,1031,1118,medio,0,0,323,38,0.4777777777777778,0
56,1032,1126,medio,0,0,265,166,0.0,0
56,1032,1132,medio,0,0,259,118,0.5333333333333333,0
56,1032,1135,medio,0,0,256,93,0.8111111111111111,0
56,1032,1147,medio,0,0,244,11,1.7222222222222223,0
56,1033,1155,medio,0,0,288,54,0.23333333333333334,0
56,1033,1156,medio,0,0,287,44,0.34444444444444444,0
56,1033,1159,medio,0,0,284,25,0.5555555555555556,0
56,1033,1160,medio,0,0,283,19,0.6222222222222222,0
56,1034,1166,medio,0,0,257,101,0.0,0
56,1034,1169,medio,0,0,254,54,0.5222222222222223,0
56,1034,1170,medio,0,0,253,37,0.7111111111111111,0
56,1034,1171,medio,0,0,252,29,0.8,0
56,1035,1185,medio,0,0,258,94,0.43333333333333335,0
56,1035,1188,medio,0,0,255,75,0.6444444444444445,0
56,1035,1189,medio,0,0,254,62,0.7888888888888889,0
56,1035,1192,medio,0,0,251,42,1.011111111111111,0
57,1038,122,medio,0,0,478,7,0.5777777777777777,0
57,1038,123,medio,0,0,477,7,0.5777777777777777,0
57,1038,127,medio,0,0,473,7,0.5777777777777777,0
57,1038,131,medio,0,0,469,5,0.5444444444444444,0
57,1039,121,medio,0,0,469,12,0.7555555555555555,0
57,1039,122,medio,0,0,468,11,0.7666666666666667,0
57,1039,123,medio,0,0,467,10,0.7777777777777778,0
57,1039,128,medio,0,0,462,7,0.8111111111111111,0
57,1040,128,medio,0,0,526,46,0.0,0
57,1040,134,medio,0,0,520,46,0.0,0
57,1040,144,medio,0,0,510,36,0.1111111111111111,0
57,1040,169,medio,0,0,485,3,0.4777777777777778,0
57,1041,162,medio,0,0,504,113,0.0,0
57,1041,173,medio,0,0,493,112,0.011111111111111112,0
57,1041,211,medio,0,0,455,85,0.3111111111111111,0
57,1041,214,medio,0,0,452,81,0.35555555555555557,0
57,1042,279,medio,0,0,539,46,0.0,0
57,1042,295,medio,0,0,523,30,0.17777777777777778,0
57,1042,308,medio,0,0,510,21,0.2777777777777778,0
57,1042,324,medio,0,0,494,2,0.4888888888888889,0
57,1043,322,medio,0,0,560,92,0.0,0
57,1043,344,medio,0,0,538,70,0.24444444444444444,0
57,1043,394,medio,0,0,488,24,0.7555555555555555,0
57,1043,402,medio,0,0,480,18,0.8222222222222222,0
57,1044,442,medio,0,0,524,61,0.16666666666666666,0
57,1044,446,medio,0,0,520,59,0.18888888888888888,0
57,1044,495,medio,0,0,471,12,0.7111111111111111,0
57,1044,497,medio,0,0,469,11,0.7222222222222222,0
57,1045,522,medio,0,0,541,44,0.1111111111111111,0
57,1045,542,medio,0,0,521,30,0.26666666666666666,0
57,1045,607,medio,0,0,456,16,0.3333333333333333,0
57,1045,630,medio,0,0,433,16,0.16666666666666666,0
57,1046,583,medio,0,0,454,49,0.16666666666666666,0
57,1046,586,medio,0,0,451,47,0.18888888888888888,0
57,1046,619,medio,0,0,418,9,0.6111111111111112,0
57,1046,630,medio,0,0,407,3,0.6777777777777778,0
57,1047,635,medio,0,0,518,39,0.0,0
57,1047,662,medio,0,0,491,39,0.0,0
57,1047,671,medio,0,0,482,25,0.15555555555555556,0
57,1047,689,medio,0,0,464,3,0.4,0
57,1048,700,medio,0,0,510,47,0.2111111111111111,0
57,1048,725,medio,0,0,485,24,0.4666666666666667,0
57,1048,727,medio,0,0,483,23,0.4777777777777778,0
57,1048,748,medio,0,0,462,4,0.6888888888888889,0
57,1049,738,medio,0,0,532,82,0.0,0
57,1049,739,medio,0,0,531,82,0.0,0
57,1049,743,medio,0,0,527,82,0.0,0
57,1049,801,medio,0,0,469,19,0.7,0
57,1050,844,medio,0,0,457,48,0.5111111111111111,0
57,1050,870,medio,0,0,431,23,0.7888888888888889,0
57,1050,874,medio,0,0,427,20,0.8222222222222222,0
57,1050,877,medio,0,0,424,15,0.8777777777777778,0
57,1051,890,medio,0,0,501,54,0.0,0
57,1051,892,medio,0,0,499,54,0.0,0
57,1051,931,medio,0,0,460,15,0.43333333333333335,0
57,1051,947,medio,0,0,444,2,0.5777777777777777,0
57,1052,941,medio,0,0,506,45,0.0,0
57,1052,943,medio,0,0,504,45,0.0,0
57,1052,980,medio,0,0,467,17,0.3111111111111111,0
57,1052,1002,medio,0,0,445,2,0.4777777777777778,0
57,1053,1006,medio,0,0,609,44,0.06666666666666667,0
57,1053,1034,medio,0,0,581,12,0.4222222222222222,0
57,1053,1065,medio,0,0,550,12,0.4222222222222222,0
57,1053,1130,medio,0,0,485,9,0.03333333333333333,0
57,1054,1049,medio,0,0,558,86,0.24444444444444444,0
57,1054,1085,medio,0,0,522,52,0.6222222222222222,0
57,1054,1088,medio,0,0,519,47,0.6777777777777778,0
57,1054,1121,medio,0,0,486,2,1.1777777777777778,0
58,1059,136,medio,1,0,277,125,1.3777777777777778,0
58,1059,137,medio,1,0,276,120,1.4333333333333333,0
58,1059,142,medio,1,0,271,95,1.711111111111111,0
58,1059,148,medio,1,0,265,63,2.066666666666667,0
58,1060,172,medio,1,0,303,203,0.011111111111111112,0
58,1060,185,medio,1,0,290,172,0.35555555555555557,0
58,1060,195,medio,1,0,280,147,0.6333333333333333,0
58,1060,219,medio,1,0,256,93,1.2333333333333334,0
58,1061,254,medio,1,0,275,199,0.0,0
58,1061,257,medio,1,0,272,199,0.0,0
58,1061,300,medio,1,0,229,121,0.8666666666666667,0
58,1061,336,medio,1,0,193,17,2.022222222222222,0
58,1062,346,medio,1,0,253,146,0.16666666666666666,0
58,1062,352,medio,1,0,247,120,0.45555555555555555,0
58,1062,357,medio,1,0,242,103,0.6444444444444445,0
58,1062,385,medio,1,0,214,17,1.6,0
58,1063,380,medio,1,0,348,88,0.0,0
58,1063,399,medio,1,0,329,56,0.35555555555555557,0
58,1063,451,medio,1,0,277,35,0.5888888888888889,0
58,1063,470,medio,1,0,258,16,0.8,0
58,1064,430,medio,1,0,261,108,0.8888888888888888,0
58,1064,433,medio,1,0,258,98,1.0,0
58,1064,435,medio,1,0,256,92,1.0666666666666667,0
58,1064,458,medio,1,0,233,23,1.8333333333333333,0
58,1065,485,medio,1,0,244,219,0.26666666666666666,0
58,1065,487,medio,1,0,242,216,0.3,0
58,1065,495,medio,1,0,234,183,0.6666666666666666,0
58,1065,516,medio,1,0,213,138,1.1666666666666667,0
58,1066,556,medio,1,0,342,99,0.0,0
58,1066,565,medio,1,0,333,99,0.0,0
58,1066,572,medio,1,0,326,97,0.022222222222222223,0
58,1066,582,medio,1,0,316,69,0.3333333333333333,0
58,1067,658,medio,1,0,279,167,0.5888888888888889,0
58,1067,703,medio,1,0,234,87,1.4777777777777779,0
58,1067,708,medio,1,0,229,76,1.6,0
58,1067,710,medio,1,0,227,74,1.6222222222222222,0
58,1068,737,medio,1,0,332,86,0.0,0
58,1068,738,medio,1,0,331,86,0.0,0
58,1068,842,medio,1,0,227,38,0.23333333333333334,0
58,1068,853,medio,1,0,216,38,0.0,0
58,1069,794,medio,1,0,259,169,0.8333333333333334,0
58,1069,840,medio,1,0,213,80,1.8222222222222222,0
58,1069,851,medio,1,0,202,54,2.111111111111111,0
58,1069,877,medio,1,0,176,4,1.8777777777777778,0
58,1070,888,medio,1,0,246,221,0.0,0
58,1070,902,medio,1,0,232,199,0.24444444444444444,0
58,1070,926,medio,1,0,208,159,0.6888888888888889,0
58,1070,1007,medio,1,0,127,69,1.1333333333333333,0
58,1071,1033,medio,1,0,273,91,0.0,0
58,1071,1081,medio,1,0,225,55,0.4,0
58,1071,1092,medio,1,0,214,39,0.5777777777777777,0
58,1071,1109,medio,1,0,197,4,0.9666666666666667,0
58,1072,1153,medio,1,0,255,53,0.9777777777777777,0
58,1072,1164,medio,1,0,244,26,1.2777777777777777,0
58,1072,1168,medio,1,0,240,10,1.4555555555555555,0
58,1072,1172,medio,1,0,236,3,1.5333333333333334,0
59,1077,121,lento,0,0,324,18,0.0,0
59,1077,122,lento,0,0,323,18,0.0,0
59,1077,139,lento,0,0,306,9,0.1,0
59,1077,171,lento,0,0,274,1,0.18888888888888888,0
59,1078,167,lento,0,0,293,23,0.0,0
59,1078,177,lento,0,0,283,23,0.0,0
59,1078,189,lento,0,0,271,20,0.03333333333333333,0
59,1078,210,lento,0,0,250,14,0.1,0
59,1079,267,lento,0,0,339,5,0.16666666666666666,0
59,1079,272,lento,0,0,334,5,0.16666666666666666,0
59,1079,274,lento,0,0,332,5,0.16666666666666666,0
59,1079,300,lento,0,0,306,5,0.16666666666666666,0
59,1080,276,lento,0,0,288,24,0.07777777777777778,0
59,1080,292,lento,0,0,272,9,0.24444444444444444,0
59,1080,296,lento,0,0,268,6,0.2777777777777778,0
59,1080,297,lento,0,0,267,6,0.2777777777777778,0
59,1081,318,lento,0,0,393,14,0.06666666666666667,0
59,1081,324,lento,0,0,387,9,0.12222222222222222,0
59,1081,330,lento,0,0,381,5,0.16666666666666666,0
59,1081,335,lento,0,0,376,1,0.2111111111111111,0
59,1082,339,lento,0,0,330,16,0.03333333333333333,0
59,1082,363,lento,0,0,306,8,0.12222222222222222,0
59,1082,365,lento,0,0,304,7,0.13333333333333333,0
59,1082,367,lento,0,0,302,2,0.18888888888888888,0
59,1083,377,lento,0,0,375,28,0.03333333333333333,0
59,1083,391,lento,0,0,361,23,0.08888888888888889,0
59,1083,404,lento,0,0,348,20,0.12222222222222222,0
59,1083,418,lento,0,0,334,10,0.23333333333333334,0
59,1084,433,lento,0,0,355,19,0.0,0
59,1084,456,lento,0,0,332,12,0.07777777777777778,0
59,1084,484,lento,0,0,304,4,0.16666666666666666,0
59,1084,489,lento,0,0,299,4,0.16666666666666666,0
59,1085,475,lento,0,0,401,16,0.0,0
59,1085,487,lento,0,0,389,16,0.0,0
59,1085,514,lento,0,0,362,8,0.08888888888888889,0
59,1085,524,lento,0,0,352,2,0.15555555555555556,0
59,1086,530,lento,0,0,358,18,0.011111111111111112,0
59,1086,539,lento,0,0,349,14,0.05555555555555555,0
59,1086,544,lento,0,0,344,9,0.1111111111111111,0
59,1086,548,lento,0,0,340,5,0.15555555555555556,0
59,1087,557,lento,0,0,380,22,0.0,0
59,1087,558,lento,0,0,379,22,0.0,0
59,1087,568,lento,0,0,369,19,0.03333333333333333,0
59,1087,593,lento,0,0,344,3,0.2111111111111111,0
59,1088,600,lento,0,0,338,21,0.0,0
59,1088,610,lento,0,0,328,17,0.044444444444444446,0
59,1088,634,lento,0,0,304,4,0.18888888888888888,0
59,1088,642,lento,0,0,296,3,0.2,0
59,1089,656,lento,0,0,311,9,0.07777777777777778,0
59,1089,657,lento,0,0,310,9,0.07777777777777778,0
59,1089,661,lento,0,0,306,5,0.12222222222222222,0
59,1089,669,lento,0,0,298,3,0.14444444444444443,0
59,1090,672,lento,0,0,353,21,0.011111111111111112,0
59,1090,689,lento,0,0,336,13,0.1,0
59,1090,699,lento,0,0,326,4,0.2,0
59,1090,702,lento,0,0,323,2,0.2222222222222222,0
59,1091,709,lento,0,0,395,16,0.0,0
59,1091,712,lento,0,0,392,15,0.011111111111111112,0
59,1091,719,lento,0,0,385,11,0.05555555555555555,0
59,1091,728,lento,0,0,376,2,0.15555555555555556,0
59,1092,751,lento,0,0,294,16,0.07777777777777778,0
59,1092,761,lento,0,0,284,12,0.12222222222222222,0
59,1092,773,lento,0,0,272,5,0.2,0
59,1092,780,lento,0,0,265,1,0.24444444444444444,0
59,1093,791,lento,0,0,389,24,0.03333333333333333,0
59,1093,808,lento,0,0,372,16,0.12222222222222222,0
59,1093,813,lento,0,0,367,14,0.14444444444444443,0
59,1093,848,lento,0,0,332,1,0.28888888888888886,0
59,1094,832,lento,0,0,314,19,0.0,0
59,1094,833,lento,0,0,313,19,0.0,0
59,1094,844,lento,0,0,302,4,0.16666666666666666,0
59,1094,848,lento,0,0,298,2,0.18888888888888888,0
59,1095,855,lento,0,0,336,20,0.1,0
59,1095,861,lento,0,0,330,17,0.13333333333333333,0
59,1095,863,lento,0,0,328,12,0.18888888888888888,0
59,1095,866,lento,0,0,325,9,0.2222222222222222,0
59,1096,891,lento,0,0,343,22,0.1111111111111111,0
59,1096,906,lento,0,0,328,14,0.2,0
59,1096,908,lento,0,0,326,14,0.2,0
59,1096,925,lento,0,0,309,3,0.32222222222222224,0
59,1097,937,lento,0,0,380,20,0.044444444444444446,0
59,1097,943,lento,0,0,374,17,0.07777777777777778,0
59,1097,973,lento,0,0,344,2,0.24444444444444444,0
59,1097,983,lento,0,0,334,2,0.24444444444444444,0
59,1098,976,lento,0,0,329,27,0.0,0
59,1098,986,lento,0,0,319,21,0.06666666666666667,0
59,1098,998,lento,0,0,307,11,0.17777777777777778,0
59,1098,1006,lento,0,0,299,8,0.2111111111111111,0
59,1099,1033,lento,0,0,332,19,0.022222222222222223,0
59,1099,1041,lento,0,0,324,11,0.1111111111111111,0
59,1099,1043,lento,0,0,322,8,0.14444444444444443,0
59,1099,1093,lento,0,0,272,5,0.17777777777777778,0
59,1100,1052,lento,0,0,303,23,0.0,0
59,1100,1055,lento,0,0,300,23,0.0,0
59,1100,1064,lento,0,0,291,23,0.0,0
59,1100,1093,lento,0,0,262,1,0.24444444444444444,0
59,1101,1111,lento,0,0,299,26,0.022222222222222223,0
59,1101,1129,lento,0,0,281,22,0.06666666666666667,0
59,1101,1194,lento,0,0,216,4,0.26666666666666666,0
59,1101,1200,lento,0,0,210,2,0.28888888888888886,0
60,1104,140,medio,0,0,709,22,0.7111111111111111,0
60,1104,170,medio,0,0,679,12,0.7555555555555555,0
60,1104,178,medio,0,0,671,12,0.6777777777777778,0
60,1104,187,medio,0,0,662,7,0.6333333333333333,0
60,1105,149,medio,0,0,603,35,0.011111111111111112,0
60,1105,161,medio,0,0,591,23,0.14444444444444443,0
60,1105,166,medio,0,0,586,20,0.17777777777777778,0
60,1105,175,medio,0,0,577,11,0.2777777777777778,0
60,1106,188,medio,0,0,760,38,0.0,0
60,1106,201,medio,0,0,747,33,0.05555555555555555,0
60,1106,217,medio,0,0,731,4,0.37777777777777777,0
60,1106,230,medio,0,0,718,4,0.37777777777777777,0
60,1107,220,medio,0,0,609,32,0.022222222222222223,0
60,1107,233,medio,0,0,596,22,0.13333333333333333,0
60,1107,234,medio,0,0,595,18,0.17777777777777778,0
60,1107,239,medio,0,0,590,5,0.32222222222222224,0
60,1108,268,medio,0,0,704,42,0.34444444444444444,0
60,1108,330,medio,0,0,642,14,0.6555555555555556,0
60,1108,355,medio,0,0,617,14,0.3333333333333333,0
60,1108,366,medio,0,0,606,2,0.3333333333333333,0
60,1109,320,medio,0,0,617,56,0.4444444444444444,0
60,1109,326,medio,0,0,611,53,0.4777777777777778,0
60,1109,334,medio,0,0,603,46,0.5555555555555556,0
60,1109,356,medio,0,0,581,4,1.0222222222222221,0
60,1110,376,medio,0,0,658,31,0.07777777777777778,0
60,1110,377,medio,0,0,657,30,0.08888888888888889,0
60,1110,389,medio,0,0,645,22,0.17777777777777778,0
60,1110,425,medio,0,0,609,11,0.3,0
60,1111,397,medio,0,0,634,77,0.0,0
60,1111,416,medio,0,0,615,55,0.24444444444444444,0
60,1111,422,medio,0,0,609,38,0.43333333333333335,0
60,1111,443,medio,0,0,588,4,0.8111111111111111,0
60,1112,445,medio,0,0,631,82,0.0,0
60,1112,446,medio,0,0,630,82,0.0,0
60,1112,468,medio,0,0,608,66,0.17777777777777778,0
60,1112,525,medio,0,0,551,5,0.8555555555555555,0
60,1113,534,medio,0,0,701,91,0.05555555555555555,0
60,1113,546,medio,0,0,689,79,0.18888888888888888,0
60,1113,554,medio,0,0,681,68,0.3111111111111111,0
60,1113,571,medio,0,0,664,42,0.6,0
60,1114,607,medio,0,0,697,27,0.12222222222222222,0
60,1114,608,medio,0,0,696,26,0.13333333333333333,0
60,1114,612,medio,0,0,692,17,0.23333333333333334,0
60,1114,614,medio,0,0,690,13,0.2777777777777778,0
60,1115,637,medio,0,0,675,52,0.3888888888888889,0
60,1115,641,medio,0,0,671,50,0.4111111111111111,0
60,1115,642,medio,0,0,670,48,0.43333333333333335,0
60,1115,649,medio,0,0,663,39,0.5333333333333333,0
60,1116,668,medio,0,0,674,60,0.0,0
60,1116,672,medio,0,0,670,48,0.13333333333333333,0
60,1116,691,medio,0,0,651,10,0.5555555555555556,0
60,1116,696,medio,0,0,646,10,0.5555555555555556,0
60,1117,700,medio,0,0,583,56,0.17777777777777778,0
60,1117,704,medio,0,0,579,50,0.24444444444444444,0
60,1117,706,medio,0,0,577,49,0.25555555555555554,0
60,1117,710,medio,0,0,573,38,0.37777777777777777,0
60,1118,739,medio,0,0,689,46,0.0,0
60,1118,757,medio,0,0,671,31,0.16666666666666666,0
60,1118,759,medio,0,0,669,30,0.17777777777777778,0
60,1118,780,medio,0,0,648,2,0.4888888888888889,0
60,1119,784,medio,0,0,600,54,0.2222222222222222,0
60,1119,793,medio,0,0,591,45,0.32222222222222224,0
60,1119,796,medio,0,0,588,40,0.37777777777777777,0
60,1119,824,medio,0,0,560,1,0.8111111111111111,0
60,1120,855,medio,0,0,750,13,0.6444444444444445,0
60,1120,876,medio,0,0,729,10,0.6777777777777778,0
60,1120,912,medio,0,0,693,10,0.6777777777777778,0
60,1120,993,medio,0,0,612,8,0.022222222222222223,0
60,1121,868,medio,0,0,627,28,0.06666666666666667,0
60,1121,871,medio,0,0,624,24,0.1111111111111111,0
60,1121,874,medio,0,0,621,18,0.17777777777777778,0
60,1121,886,medio,0,0,609,4,0.3333333333333333,0
60,1122,891,medio,0,0,623,91,0.03333333333333333,0
60,1122,920,medio,0,0,594,51,0.4777777777777778,0
60,1122,958,medio,0,0,556,15,0.8777777777777778,0
60,1122,959,medio,0,0,555,13,0.9,0
60,1123,976,medio,0,0,609,73,0.2111111111111111,0
60,1123,995,medio,0,0,590,44,0.5333333333333333,0
60,1123,996,medio,0,0,589,40,0.5777777777777777,0
60,1123,1007,medio,0,0,578,25,0.7444444444444445,0
60,1124,1029,medio,0,0,654,56,0.011111111111111112,0
60,1124,1032,medio,0,0,651,53,0.044444444444444446,0
60,1124,1047,medio,0,0,636,40,0.18888888888888888,0
60,1124,1059,medio,0,0,624,25,0.35555555555555557,0
60,1125,1076,medio,0,0,643,36,0.14444444444444443,0
60,1125,1082,medio,0,0,637,23,0.28888888888888886,0
60,1125,1096,medio,0,0,623,4,0.5,0
60,1125,1101,medio,0,0,618,1,0.5333333333333333,0
61,1130,126,lento,0,0,374,5,0.15555555555555556,0
61,1130,134,lento,0,0,366,5,0.15555555555555556,0
61,1130,135,lento,0,0,365,5,0.15555555555555556,0
61,1130,136,lento,0,0,364,4,0.16666666666666666,0
61,1131,127,lento,0,0,502,54,0.0,0
61,1131,160,lento,0,0,469,47,0.07777777777777778,0
61,1131,168,lento,0,0,461,45,0.1,0
61,1131,224,lento,0,0,405,7,0.5222222222222223,0
61,1132,261,lento,0,0,474,16,0.1111111111111111,0
61,1132,267,lento,0,0,468,13,0.14444444444444443,0
61,1132,272,lento,0,0,463,7,0.2111111111111111,0
61,1132,280,lento,0,0,455,2,0.26666666666666666,0
61,1133,278,lento,0,0,487,38,0.0,0
61,1133,290,lento,0,0,475,34,0.044444444444444446,0
61,1133,293,lento,0,0,472,32,0.06666666666666667,0
61,1133,307,lento,0,0,458,18,0.2222222222222222,0
61,1134,332,lento,0,0,452,35,0.07777777777777778,0
61,1134,341,lento,0,0,443,30,0.13333333333333333,0
61,1134,354,lento,0,0,430,12,0.3333333333333333,0
61,1134,361,lento,0,0,423,5,0.4111111111111111,0
61,1135,363,lento,0,0,495,44,0.0,0
61,1135,405,lento,0,0,453,21,0.25555555555555554,0
61,1135,415,lento,0,0,443,15,0.32222222222222224,0
61,1135,425,lento,0,0,433,9,0.3888888888888889,0
61,1136,440,lento,0,0,466,52,0.0,0
61,1136,451,lento,0,0,455,45,0.07777777777777778,0
61,1136,459,lento,0,0,447,43,0.1,0
61,1136,467,lento,0,0,439,36,0.17777777777777778,0
61,1137,517,lento,0,0,414,42,0.1,0
61,1137,550,lento,0,0,381,26,0.2777777777777778,0
61,1137,589,lento,0,0,342,11,0.4444444444444444,0
61,1137,592,lento,0,0,339,8,0.4777777777777778,0
61,1138,620,lento,0,0,387,31,0.06666666666666667,0
61,1138,641,lento,0,0,366,22,0.16666666666666666,0
61,1138,651,lento,0,0,356,11,0.28888888888888886,0
61,1138,662,lento,0,0,345,4,0.36666666666666664,0
61,1139,666,lento,0,0,444,29,0.0,0
61,1139,682,lento,0,0,428,22,0.07777777777777778,0
61,1139,695,lento,0,0,415,15,0.15555555555555556,0
61,1139,710,lento,0,0,400,7,0.24444444444444444,0
61,1140,733,lento,0,0,409,42,0.12222222222222222,0
61,1140,750,lento,0,0,392,33,0.2222222222222222,0
61,1140,756,lento,0,0,386,29,0.26666666666666666,0
61,1140,767,lento,0,0,375,23,0.3333333333333333,0
61,1141,794,lento,0,0,420,30,0.0,0
61,1141,798,lento,0,0,416,29,0.011111111111111112,0
61,1141,804,lento,0,0,410,26,0.044444444444444446,0
61,1141,839,lento,0,0,375,5,0.2777777777777778,0
61,1142,841,lento,0,0,523,22,0.0,0
61,1142,855,lento,0,0,509,19,0.03333333333333333,0
61,1142,859,lento,0,0,505,15,0.07777777777777778,0
61,1142,860,lento,0,0,504,15,0.07777777777777778,0
61,1143,897,lento,0,0,489,40,0.03333333333333333,0
61,1143,924,lento,0,0,462,30,0.14444444444444443,0
61,1143,949,lento,0,0,437,20,0.25555555555555554,0
61,1143,968,lento,0,0,418,10,0.36666666666666664,0
61,1144,980,lento,0,0,534,35,0.0,0
61,1144,1038,lento,0,0,476,10,0.2777777777777778,0
61,1144,1039,lento,0,0,475,10,0.2777777777777778,0
61,1144,1051,lento,0,0,463,9,0.28888888888888886,0
62,1147,121,rapido,0,0,569,198,1.9333333333333333,0
62,1147,143,rapido,0,0,547,109,2.922222222222222,0
62,1147,152,rapido,0,0,538,67,3.388888888888889,0
62,1147,160,rapido,0,0,530,14,3.977777777777778,0
62,1148,179,rapido,0,0,562,270,0.9555555555555556,0
62,1148,188,rapido,0,0,553,242,1.2666666666666666,0
62,1148,195,rapido,0,0,546,214,1.5777777777777777,0
62,1148,202,rapido,0,0,539,178,1.9777777777777779,0
62,1149,230,rapido,0,0,695,168,0.0,0
62,1149,236,rapido,0,0,689,143,0.2777777777777778,0
62,1149,240,rapido,0,0,685,127,0.45555555555555555,0
62,1149,255,rapido,0,0,670,28,1.5555555555555556,0
62,1150,311,rapido,0,0,638,22,1.5888888888888888,0
62,1150,325,rapido,0,0,624,22,1.5888888888888888,0
62,1150,341,rapido,0,0,608,22,1.5888888888888888,0
62,1150,348,rapido,0,0,601,22,1.5888888888888888,0
62,1151,280,rapido,0,0,522,185,0.0,0
62,1151,288,rapido,0,0,514,121,0.7111111111111111,0
62,1151,293,rapido,0,0,509,94,1.011111111111111,0
62,1151,302,rapido,0,0,500,48,1.5222222222222221,0
62,1152,325,rapido,0,0,592,165,0.9222222222222223,0
62,1152,326,rapido,0,0,591,162,0.9555555555555556,0
62,1152,328,rapido,0,0,589,155,1.0333333333333334,0
62,1152,329,rapido,0,0,588,148,1.1111111111111112,0
62,1153,355,rapido,0,0,663,145,0.0,0
62,1153,401,rapido,0,0,617,16,1.4333333333333333,0
62,1153,403,rapido,0,0,615,16,1.4333333333333333,0
62,1153,413,rapido,0,0,605,16,1.4333333333333333,0
62,1154,398,rapido,0,0,599,243,1.3333333333333333,0
62,1154,420,rapido,0,0,577,78,3.1666666666666665,0
62,1154,421,rapido,0,0,576,62,3.3444444444444446,0
62,1154,431,rapido,0,0,566,2,4.011111111111111,0
62,1155,436,rapido,0,0,554,114,0.6777777777777778,0
62,1155,438,rapido,0,0,552,100,0.8333333333333334,0
62,1155,449,rapido,0,0,541,33,1.5777777777777777,0
62,1155,452,rapido,0,0,538,11,1.8222222222222222,0
62,1156,462,rapido,0,0,578,122,0.26666666666666666,0
62,1156,465,rapido,0,0,575,114,0.35555555555555557,0
62,1156,469,rapido,0,0,571,91,0.6111111111111112,0
62,1156,471,rapido,0,0,569,78,0.7555555555555555,0
62,1157,480,rapido,0,0,647,358,0.0,0
62,1157,509,rapido,0,0,618,171,2.077777777777778,0
62,1157,519,rapido,0,0,608,88,3.0,0
62,1157,520,rapido,0,0,607,81,3.077777777777778,0
62,1158,531,rapido,0,0,639,283,0.2222222222222222,0
62,1158,532,rapido,0,0,638,277,0.28888888888888886,0
62,1158,541,rapido,0,0,629,225,0.8666666666666667,0
62,1158,570,rapido,0,0,600,70,2.588888888888889,0
62,1159,603,rapido,0,0,672,95,1.6111111111111112,0
62,1159,615,rapido,0,0,660,37,2.2555555555555555,0
62,1159,640,rapido,0,0,635,21,2.433333333333333,0
62,1159,652,rapido,0,0,623,21,2.433333333333333,0
62,1160,625,rapido,0,0,602,245,0.4777777777777778,0
62,1160,626,rapido,0,0,601,239,0.5444444444444444,0
62,1160,631,rapido,0,0,596,211,0.8555555555555555,0
62,1160,635,rapido,0,0,592,190,1.0888888888888888,0
62,1161,694,rapido,0,0,614,106,2.7666666666666666,0
62,1161,705,rapido,0,0,603,30,3.611111111111111,0
62,1161,709,rapido,0,0,599,30,3.611111111111111,0
62,1161,721,rapido,0,0,587,30,3.611111111111111,0
62,1162,721,rapido,0,0,537,179,1.0555555555555556,0
62,1162,741,rapido,0,0,517,69,2.2777777777777777,0
62,1162,746,rapido,0,0,512,27,2.7444444444444445,0
62,1162,748,rapido,0,0,510,11,2.922222222222222,0
62,1163,757,rapido,0,0,586,329,0.2222222222222222,0
62,1163,774,rapido,0,0,569,216,1.4777777777777779,0
62,1163,780,rapido,0,0,563,175,1.9333333333333333,0
62,1163,781,rapido,0,0,562,166,2.033333333333333,0
62,1164,799,rapido,0,0,609,172,0.0,0
62,1164,808,rapido,0,0,600,133,0.43333333333333335,0
62,1164,809,rapido,0,0,599,128,0.4888888888888889,0
62,1164,815,rapido,0,0,593,55,1.3,0
62,1165,820,rapido,0,0,693,359,0.0,0
62,1165,837,rapido,0,0,676,255,1.1555555555555554,0
62,1165,840,rapido,0,0,673,240,1.3222222222222222,0
62,1165,866,rapido,0,0,647,47,3.466666666666667,0
62,1166,901,rapido,0,0,627,27,1.5555555555555556,0
62,1166,904,rapido,0,0,624,27,1.5555555555555556,0
62,1166,918,rapido,0,0,610,27,1.5555555555555556,0
62,1166,921,rapido,0,0,607,27,1.5555555555555556,0
62,1167,895,rapido,0,0,600,250,0.4666666666666667,0
62,1167,907,rapido,0,0,588,168,1.3777777777777778,0
62,1167,913,rapido,0,0,582,130,1.8,0
62,1167,919,rapido,0,0,576,59,2.588888888888889,0
62,1168,931,rapido,0,0,556,268,0.2111111111111111,0
62,1168,941,rapido,0,0,546,195,1.0222222222222221,0
62,1168,956,rapido,0,0,531,121,1.8444444444444446,0
62,1168,963,rapido,0,0,524,77,2.3333333333333335,0
62,1169,976,rapido,0,0,671,160,0.0,0
62,1169,1007,rapido,0,0,640,22,1.5333333333333334,0
62,1169,1009,rapido,0,0,638,22,1.5333333333333334,0
62,1169,1030,rapido,0,0,617,22,1.5333333333333334,0
62,1170,998,rapido,0,0,576,135,0.2,0
62,1170,1006,rapido,0,0,568,93,0.6666666666666666,0
62,1170,1014,rapido,0,0,560,28,1.3888888888888888,0
62,1170,1017,rapido,0,0,557,10,1.5888888888888888,0
62,1171,1028,rapido,0,0,509,278,0.7222222222222222,0
62,1171,1038,rapido,0,0,499,203,1.5555555555555556,0
62,1171,1040,rapido,0,0,497,186,1.7444444444444445,0
62,1171,1058,rapido,0,0,479,77,2.9555555555555557,0
62,1172,1076,rapido,0,0,630,218,0.6333333333333333,0
62,1172,1078,rapido,0,0,628,203,0.8,0
62,1172,1082,rapido,0,0,624,171,1.1555555555555554,0
62,1172,1092,rapido,0,0,614,97,1.9777777777777779,0
62,1173,1106,rapido,0,0,624,296,0.0,0
62,1173,1114,rapido,0,0,616,260,0.4,0
62,1173,1118,rapido,0,0,612,246,0.5555555555555556,0
62,1173,1123,rapido,0,0,607,188,1.2,0
63,1177,121,lento,0,1,41,51,0.18888888888888888,33
63,1177,123,lento,0,1,39,51,0.18888888888888888,33
63,1177,126,lento,0,1,36,49,0.2111111111111111,33
63,1177,148,lento,0,1,14,38,0.3333333333333333,33
63,1178,183,lento,0,1,52,48,0.13333333333333333,25
63,1178,200,lento,0,1,35,38,0.24444444444444444,25
63,1178,230,lento,0,1,5,29,0.34444444444444444,25
63,1178,232,lento,0,1,3,26,0.37777777777777777,25
63,1179,265,lento,0,1,47,30,0.07777777777777778,17
63,1179,275,lento,0,1,37,28,0.1,17
63,1179,287,lento,0,1,25,25,0.13333333333333333,17
63,1179,302,lento,0,1,10,19,0.2,17
63,1180,320,lento,0,1,77,55,0.0,32
63,1180,336,lento,0,1,61,47,0.08888888888888889,32
63,1180,362,lento,0,1,35,38,0.18888888888888888,32
63,1180,367,lento,0,1,30,36,0.2111111111111111,32
63,1181,406,lento,0,1,78,60,0.0,42
63,1181,449,lento,0,1,35,52,0.08888888888888889,42
63,1181,469,lento,0,1,15,50,0.1111111111111111,42
63,1181,476,lento,0,1,8,46,0.15555555555555556,42
63,1182,514,lento,0,1,54,48,0.011111111111111112,39
63,1182,520,lento,0,1,48,47,0.022222222222222223,39
63,1182,521,lento,0,1,47,47,0.022222222222222223,39
63,1182,545,lento,0,1,23,42,0.07777777777777778,39
63,1183,590,lento,0,1,50,69,0.03333333333333333,55
63,1183,618,lento,0,1,22,57,0.16666666666666666,55
63,1183,626,lento,0,1,14,56,0.17777777777777778,55
63,1183,628,lento,0,1,12,56,0.17777777777777778,55
63,1184,649,lento,0,1,77,53,0.0,37
63,1184,651,lento,0,1,75,52,0.011111111111111112,37
63,1184,682,lento,0,1,44,45,0.08888888888888889,37
63,1184,695,lento,0,1,31,40,0.14444444444444443,37
63,1185,744,lento,0,1,71,54,0.011111111111111112,38
63,1185,759,lento,0,1,56,50,0.05555555555555555,38
63,1185,804,lento,0,1,11,40,0.16666666666666666,38
63,1185,809,lento,0,1,6,39,0.17777777777777778,38
63,1186,866,lento,0,1,31,68,0.08888888888888889,60
63,1186,874,lento,0,1,23,64,0.13333333333333333,60
63,1186,875,lento,0,1,22,64,0.13333333333333333,60
63,1186,896,lento,0,1,1,60,0.17777777777777778,60
63,1187,907,lento,0,1,64,72,0.011111111111111112,58
63,1187,929,lento,0,1,42,66,0.07777777777777778,58
63,1187,938,lento,0,1,33,61,0.13333333333333333,58
63,1187,952,lento,0,1,19,60,0.14444444444444443,58
63,1188,994,lento,0,1,51,65,0.05555555555555555,51
63,1188,1015,lento,0,1,30,59,0.12222222222222222,51
63,1188,1023,lento,0,1,22,58,0.13333333333333333,51
63,1188,1028,lento,0,1,17,56,0.15555555555555556,51
63,1189,1072,lento,0,1,54,45,0.06666666666666667,35
63,1189,1075,lento,0,1,51,45,0.06666666666666667,35
63,1189,1116,lento,0,1,10,37,0.15555555555555556,35
63,1189,1121,lento,0,1,5,36,0.16666666666666666,35
63,1190,1147,lento,0,1,63,32,0.03333333333333333,20
63,1190,1152,lento,0,1,58,30,0.05555555555555555,20
63,1190,1167,lento,0,1,43,26,0.1,20
63,1190,1177,lento,0,1,33,23,0.13333333333333333,20
64,1192,128,medio,0,0,407,18,0.8222222222222222,0
64,1192,130,medio,0,0,405,15,0.8555555555555555,0
64,1192,141,medio,0,0,394,6,0.9555555555555556,0
64,1192,146,medio,0,0,389,3,0.9888888888888889,0
64,1193,152,medio,0,0,574,96,0.044444444444444446,0
64,1193,164,medio,0,0,562,79,0.23333333333333334,0
64,1193,176,medio,0,0,550,63,0.4111111111111111,0
64,1193,275,medio,0,0,451,8,0.4222222222222222,0
64,1194,235,medio,0,0,473,45,0.23333333333333334,0
64,1194,252,medio,0,0,456,20,0.5111111111111111,0
64,1194,254,medio,0,0,454,16,0.5555555555555556,0
64,1194,258,medio,0,0,450,10,0.6222222222222222,0
64,1195,300,medio,0,0,466,65,0.3,0
64,1195,322,medio,0,0,444,43,0.5444444444444444,0
64,1195,335,medio,0,0,431,21,0.7888888888888889,0
64,1195,357,medio,0,0,409,8,0.9333333333333333,0
64,1196,380,medio,0,0,573,55,0.17777777777777778,0
64,1196,479,medio,0,0,474,9,0.4222222222222222,0
64,1196,513,medio,0,0,440,9,0.011111111111111112,0
64,1196,579,medio,0,0,374,2,0.07777777777777778,0
64,1197,460,medio,0,0,439,43,0.4,0
64,1197,468,medio,0,0,431,39,0.4444444444444444,0
64,1197,475,medio,0,0,424,33,0.5111111111111111,0
64,1197,509,medio,0,0,390,20,0.6555555555555556,0
64,1198,589,medio,0,0,493,41,0.06666666666666667,0
64,1198,600,medio,0,0,482,35,0.13333333333333333,0
64,1198,642,medio,0,0,440,18,0.32222222222222224,0
64,1198,645,medio,0,0,437,18,0.32222222222222224,0
64,1199,654,medio,0,0,514,46,0.0,0
64,1199,662,medio,0,0,506,46,0.0,0
64,1199,710,medio,0,0,458,32,0.15555555555555556,0
64,1199,720,medio,0,0,448,26,0.2222222222222222,0
64,1200,766,medio,0,0,456,31,0.08888888888888889,0
64,1200,777,medio,0,0,445,24,0.16666666666666666,0
64,1200,786,medio,0,0,436,22,0.18888888888888888,0
64,1200,797,medio,0,0,425,15,0.26666666666666666,0
64,1201,844,medio,0,0,442,62,0.14444444444444443,0
64,1201,893,medio,0,0,393,37,0.4222222222222222,0
64,1201,901,medio,0,0,385,33,0.4666666666666667,0
64,1201,914,medio,0,0,372,32,0.4111111111111111,0
64,1202,938,medio,0,0,535,43,0.0,0
64,1202,951,medio,0,0,522,43,0.0,0
64,1202,971,medio,0,0,502,32,0.12222222222222222,0
64,1202,989,medio,0,0,484,18,0.2777777777777778,0
65,1206,145,lento,1,1,66,8,0.011111111111111112,2
65,1206,151,lento,1,1,60,8,0.011111111111111112,2
65,1206,166,lento,1,1,45,7,0.022222222222222223,2
65,1206,204,lento,1,1,7,2,0.07777777777777778,2
65,1207,222,lento,1,1,113,5,0.044444444444444446,0
65,1207,240,lento,1,1,95,4,0.05555555555555555,0
65,1207,254,lento,1,1,81,3,0.06666666666666667,0
65,1207,281,lento,1,1,54,1,0.08888888888888889,0
65,1208,311,lento,1,1,70,3,0.03333333333333333,0
65,1208,315,lento,1,1,66,3,0.03333333333333333,0
65,1208,322,lento,1,1,59,3,0.03333333333333333,0
65,1208,338,lento,1,1,43,2,0.044444444444444446,0
65,1209,352,lento,1,1,100,9,0.0,1
65,1209,409,lento,1,1,43,6,0.03333333333333333,1
65,1209,411,lento,1,1,41,6,0.03333333333333333,1
65,1209,415,lento,1,1,37,6,0.03333333333333333,1
65,1210,454,lento,1,1,86,5,0.0,1
65,1210,466,lento,1,1,74,5,0.0,1
65,1210,505,lento,1,1,35,2,0.03333333333333333,1
65,1210,531,lento,1,1,9,1,0.044444444444444446,1
65,1211,531,lento,1,1,83,5,0.0,0
65,1211,545,lento,1,1,69,5,0.0,0
65,1211,548,lento,1,1,66,5,0.0,0
65,1211,560,lento,1,1,54,4,0.011111111111111112,0
65,1212,601,lento,1,1,69,9,0.0,7
65,1212,602,lento,1,1,68,9,0.0,7
65,1212,644,lento,1,1,26,8,0.011111111111111112,7
65,1212,656,lento,1,1,14,7,0.022222222222222223,7
65,1213,688,lento,1,1,90,5,0.0,4
65,1213,717,lento,1,1,61,5,0.0,4
65,1213,739,lento,1,1,39,5,0.0,4
65,1213,742,lento,1,1,36,5,0.0,4
65,1214,786,lento,1,1,115,10,0.0,10
65,1214,841,lento,1,1,60,10,0.0,10
65,1214,852,lento,1,1,49,10,0.0,10
65,1214,885,lento,1,1,16,10,0.0,10
65,1215,921,lento,1,1,90,6,0.011111111111111112,4
65,1215,941,lento,1,1,70,5,0.022222222222222223,4
65,1215,946,lento,1,1,65,5,0.022222222222222223,4
65,1215,973,lento,1,1,38,5,0.022222222222222223,4
65,1216,1041,lento,1,1,83,7,0.0,6
65,1216,1053,lento,1,1,71,6,0.011111111111111112,6
65,1216,1070,lento,1,1,54,6,0.011111111111111112,6
65,1216,1083,lento,1,1,41,6,0.011111111111111112,6
66,1220,158,lento,1,0,524,6,0.35555555555555557,0
66,1220,164,lento,1,0,518,6,0.35555555555555557,0
66,1220,169,lento,1,0,513,6,0.35555555555555557,0
66,1220,188,lento,1,0,494,6,0.25555555555555554,0
66,1221,143,lento,1,0,504,35,0.03333333333333333,0
66,1221,179,lento,1,0,468,16,0.24444444444444444,0
66,1221,190,lento,1,0,457,10,0.3111111111111111,0
66,1221,196,lento,1,0,451,7,0.34444444444444444,0
66,1222,213,lento,1,0,551,17,0.0,0
66,1222,219,lento,1,0,545,15,0.022222222222222223,0
66,1222,229,lento,1,0,535,6,0.12222222222222222,0
66,1222,230,lento,1,0,534,5,0.13333333333333333,0
66,1223,237,lento,1,0,598,30,0.0,0
66,1223,238,lento,1,0,597,28,0.022222222222222223,0
66,1223,252,lento,1,0,583,23,0.07777777777777778,0
66,1223,257,lento,1,0,578,16,0.15555555555555556,0
66,1224,280,lento,1,0,571,34,0.0,0
66,1224,291,lento,1,0,560,33,0.011111111111111112,0
66,1224,347,lento,1,0,504,14,0.2222222222222222,0
66,1224,371,lento,1,0,480,8,0.28888888888888886,0
66,1225,446,lento,1,0,524,8,0.3111111111111111,0
66,1225,485,lento,1,0,485,5,0.28888888888888886,0
66,1225,487,lento,1,0,483,5,0.28888888888888886,0
66,1225,499,lento,1,0,471,5,0.24444444444444444,0
66,1226,473,lento,1,0,464,21,0.14444444444444443,0
66,1226,478,lento,1,0,459,18,0.17777777777777778,0
66,1226,491,lento,1,0,446,7,0.3,0
66,1226,495,lento,1,0,442,2,0.35555555555555557,0
66,1227,509,lento,1,0,580,35,0.03333333333333333,0
66,1227,520,lento,1,0,569,22,0.17777777777777778,0
66,1227,531,lento,1,0,558,14,0.26666666666666666,0
66,1227,543,lento,1,0,546,12,0.28888888888888886,0
66,1228,569,lento,1,0,569,20,0.07777777777777778,0
66,1228,625,lento,1,0,513,3,0.26666666666666666,0
66,1228,662,lento,1,0,476,3,0.14444444444444443,0
66,1228,705,lento,1,0,433,3,0.0,0
66,1229,620,lento,1,0,453,31,0.044444444444444446,0
66,1229,647,lento,1,0,426,20,0.16666666666666666,0
66,1229,657,lento,1,0,416,20,0.16666666666666666,0
66,1229,731,lento,1,0,342,4,0.2,0
66,1230,766,lento,1,0,586,28,0.12222222222222222,0
66,1230,775,lento,1,0,577,25,0.15555555555555556,0
66,1230,800,lento,1,0,552,10,0.32222222222222224,0
66,1230,806,lento,1,0,546,4,0.3888888888888889,0
66,1231,812,lento,1,0,552,39,0.0,0
66,1231,829,lento,1,0,535,36,0.03333333333333333,0
66,1231,844,lento,1,0,520,19,0.2222222222222222,0
66,1231,865,lento,1,0,499,4,0.3888888888888889,0
66,1232,879,lento,1,0,579,19,0.1111111111111111,0
66,1232,886,lento,1,0,572,11,0.2,0
66,1232,891,lento,1,0,567,7,0.24444444444444444,0
66,1232,901,lento,1,0,557,5,0.26666666666666666,0
66,1233,902,lento,1,0,530,12,0.044444444444444446,0
66,1233,908,lento,1,0,524,10,0.06666666666666667,0
66,1233,917,lento,1,0,515,4,0.13333333333333333,0
66,1233,919,lento,1,0,513,3,0.14444444444444443,0
66,1234,933,lento,1,0,545,15,0.03333333333333333,0
66,1234,965,lento,1,0,513,3,0.16666666666666666,0
66,1234,970,lento,1,0,508,3,0.16666666666666666,0
66,1234,983,lento,1,0,495,3,0.16666666666666666,0
66,1235,951,lento,1,0,480,23,0.03333333333333333,0
66,1235,956,lento,1,0,475,19,0.07777777777777778,0
66,1235,971,lento,1,0,460,9,0.18888888888888888,0
66,1235,974,lento,1,0,457,8,0.2,0
66,1236,1037,lento,1,0,576,20,0.12222222222222222,0
66,1236,1048,lento,1,0,565,12,0.2111111111111111,0
66,1236,1097,lento,1,0,516,7,0.26666666666666666,0
66,1236,1102,lento,1,0,511,7,0.25555555555555554,0
66,1237,1091,lento,1,0,448,14,0.13333333333333333,0
66,1237,1093,lento,1,0,446,14,0.13333333333333333,0
66,1237,1098,lento,1,0,441,12,0.15555555555555556,0
66,1237,1114,lento,1,0,425,7,0.2111111111111111,0
66,1238,1152,lento,1,0,472,26,0.0,0
66,1238,1156,lento,1,0,468,25,0.011111111111111112,0
66,1238,1204,lento,1,0,420,7,0.2111111111111111,0
66,1238,1210,lento,1,0,414,6,0.2222222222222222,0
67,1241,125,medio,0,0,281,63,1.4555555555555555,0
67,1241,137,medio,0,0,269,40,1.711111111111111,0
67,1241,139,medio,0,0,267,39,1.7222222222222223,0
67,1241,153,medio,0,0,253,2,2.1333333333333333,0
67,1242,186,medio,0,0,268,70,0.9222222222222223,0
67,1242,201,medio,0,0,253,39,1.2666666666666666,0
67,1242,209,medio,0,0,245,13,1.5555555555555556,0
67,1242,215,medio,0,0,239,3,1.6666666666666667,0
67,1243,213,medio,0,0,339,94,0.0,0
67,1243,241,medio,0,0,311,50,0.4888888888888889,0
67,1243,246,medio,0,0,306,30,0.7111111111111111,0
67,1243,259,medio,0,0,293,9,0.9444444444444444,0
67,1244,280,medio,0,0,281,53,0.5222222222222223,0
67,1244,287,medio,0,0,274,39,0.6777777777777778,0
67,1244,301,medio,0,0,260,8,1.0222222222222221,0
67,1244,302,medio,0,0,259,8,1.0222222222222221,0
67,1245,311,medio,0,0,342,184,0.1,0
67,1245,357,medio,0,0,296,78,1.2777777777777777,0
67,1245,375,medio,0,0,278,39,1.711111111111111,0
67,1245,390,medio,0,0,263,9,2.0444444444444443,0
67,1246,398,medio,0,0,344,137,0.06666666666666667,0
67,1246,405,medio,0,0,337,121,0.24444444444444444,0
67,1246,428,medio,0,0,314,81,0.6888888888888889,0
67,1246,445,medio,0,0,297,36,1.1888888888888889,0
67,1247,456,medio,0,0,307,88,0.0,0
67,1247,472,medio,0,0,291,50,0.4222222222222222,0
67,1247,477,medio,0,0,286,42,0.5111111111111111,0
67,1247,479,medio,0,0,284,41,0.5222222222222223,0
67,1248,496,medio,0,0,274,119,0.1,0
67,1248,501,medio,0,0,269,105,0.25555555555555554,0
67,1248,516,medio,0,0,254,55,0.8111111111111111,0
67,1248,525,medio,0,0,245,17,1.2333333333333334,0
67,1249,532,medio,0,0,299,114,0.07777777777777778,0
67,1249,545,medio,0,0,286,94,0.3,0
67,1249,559,medio,0,0,272,62,0.6555555555555556,0
67,1249,567,medio,0,0,264,35,0.9555555555555556,0
67,1250,579,medio,0,0,334,143,0.06666666666666667,0
67,1250,592,medio,0,0,321,118,0.34444444444444444,0
67,1250,605,medio,0,0,308,66,0.9222222222222223,0
67,1250,615,medio,0,0,298,34,1.2777777777777777,0
67,1251,637,medio,0,0,344,86,0.5111111111111111,0
67,1251,654,medio,0,0,327,27,1.1666666666666667,0
67,1251,659,medio,0,0,322,14,1.3111111111111111,0
67,1251,664,medio,0,0,317,14,1.3111111111111111,0
67,1252,673,medio,0,0,294,75,0.5777777777777777,0
67,1252,675,medio,0,0,292,68,0.6555555555555556,0
67,1252,693,medio,0,0,274,16,1.2333333333333334,0
67,1252,696,medio,0,0,271,9,1.3111111111111111,0
67,1253,708,medio,0,0,321,219,0.06666666666666667,0
67,1253,713,medio,0,0,316,203,0.24444444444444444,0
67,1253,735,medio,0,0,294,143,0.9111111111111111,0
67,1253,748,medio,0,0,281,100,1.3888888888888888,0
67,1254,785,medio,0,0,312,105,0.011111111111111112,0
67,1254,797,medio,0,0,300,84,0.24444444444444444,0
67,1254,819,medio,0,0,278,36,0.7777777777777778,0
67,1254,820,medio,0,0,277,35,0.7888888888888889,0
67,1255,834,medio,0,0,272,134,0.0,0
67,1255,864,medio,0,0,242,69,0.7222222222222222,0
67,1255,897,medio,0,0,209,12,1.3555555555555556,0
67,1255,900,medio,0,0,206,4,1.4444444444444444,0
67,1256,897,medio,0,0,343,153,0.0,0
67,1256,898,medio,0,0,342,153,0.0,0
67,1256,944,medio,0,0,296,70,0.9222222222222223,0
67,1256,956,medio,0,0,284,40,1.2555555555555555,0
67,1257,969,medio,0,0,286,231,0.0,0
67,1257,981,medio,0,0,274,215,0.17777777777777778,0
67,1257,1029,medio,0,0,226,102,1.4333333333333333,0
67,1257,1048,medio,0,0,207,52,1.988888888888889,0
67,1258,1077,medio,0,0,345,192,0.0,0
67,1258,1103,medio,0,0,319,156,0.4,0
67,1258,1108,medio,0,0,314,148,0.4888888888888889,0
67,1258,1160,medio,0,0,262,28,1.8222222222222222,0
68,1261,138,medio,1,1,81,341,0.5222222222222223,241
68,1261,149,medio,1,1,70,325,0.7,241
68,1261,170,medio,1,1,49,303,0.9444444444444444,241
68,1261,200,medio,1,1,19,266,1.3555555555555556,241
68,1262,241,medio,1,1,80,156,0.24444444444444444,26
68,1262,245,medio,1,1,76,154,0.26666666666666666,26
68,1262,287,medio,1,1,34,101,0.8555555555555555,26
68,1262,298,medio,1,1,23,83,1.0555555555555556,26
68,1263,359,medio,1,1,72,126,1.0333333333333334,0
68,1263,372,medio,1,1,59,96,1.3666666666666667,0
68,1263,382,medio,1,1,49,68,1.6777777777777778,0
68,1263,403,medio,1,1,28,15,2.2666666666666666,0
68,1264,415,medio,1,1,95,159,0.4222222222222222,0
68,1264,448,medio,1,1,62,55,1.5777777777777777,0
68,1264,454,medio,1,1,56,33,1.8222222222222222,0
68,1264,457,medio,1,1,53,27,1.8888888888888888,0
68,1265,461,medio,1,1,117,196,0.0,0
68,1265,522,medio,1,1,56,66,1.4444444444444444,0
68,1265,541,medio,1,1,37,30,1.8444444444444446,0
68,1265,560,medio,1,1,18,7,1.8333333333333333,0
68,1266,578,medio,1,1,71,187,0.07777777777777778,130
68,1266,596,medio,1,1,53,171,0.25555555555555554,130
68,1266,608,medio,1,1,41,157,0.4111111111111111,130
68,1266,618,medio,1,1,31,149,0.5,130
68,1267,692,medio,1,1,76,394,0.4777777777777778,238
68,1267,702,medio,1,1,66,384,0.5888888888888889,238
68,1267,744,medio,1,1,24,308,1.4333333333333333,238
68,1267,751,medio,1,1,17,298,1.5,238
68,1268,820,medio,1,1,81,186,1.5666666666666667,29
68,1268,823,medio,1,1,78,184,1.5888888888888888,29
68,1268,834,medio,1,1,67,148,1.988888888888889,29
68,1268,848,medio,1,1,53,130,2.188888888888889,29
68,1269,927,medio,1,1,103,414,0.3333333333333333,319
68,1269,940,medio,1,1,90,406,0.4222222222222222,319
68,1269,968,medio,1,1,62,387,0.6333333333333333,319
68,1269,1016,medio,1,1,14,340,0.8333333333333334,319
68,1270,1054,medio,1,1,111,189,0.36666666666666664,0
68,1270,1135,medio,1,1,30,41,1.788888888888889,0
68,1270,1142,medio,1,1,23,17,1.9111111111111112,0
68,1270,1145,medio,1,1,20,7,2.0,0
69,1273,128,rapido,0,1,94,849,0.5888888888888889,219
69,1273,137,rapido,0,1,85,790,1.2444444444444445,219
69,1273,178,rapido,0,1,44,463,4.877777777777778,219
69,1273,217,rapido,0,1,5,242,6.8,219
69,1274,244,rapido,0,1,93,1664,1.1888888888888889,1196
69,1274,268,rapido,0,1,69,1561,2.3333333333333335,1196
69,1274,317,rapido,0,1,20,1269,5.5777777777777775,1196
69,1274,327,rapido,0,1,10,1242,5.466666666666667,1196
69,1275,359,rapido,0,1,105,1513,0.8333333333333334,775
69,1275,383,rapido,0,1,81,1312,3.066666666666667,775
69,1275,427,rapido,0,1,37,1047,6.011111111111111,775
69,1275,429,rapido,0,1,35,1033,6.166666666666667,775
69,1276,486,rapido,0,1,118,820,0.9666666666666667,19
69,1276,495,rapido,0,1,109,753,1.711111111111111,19
69,1276,522,rapido,0,1,82,616,3.2333333333333334,19
69,1276,544,rapido,0,1,60,447,5.111111111111111,19
69,1277,639,rapido,0,1,75,984,3.3444444444444446,252
69,1277,640,rapido,0,1,74,961,3.6,252
69,1277,670,rapido,0,1,44,661,6.933333333333334,252
69,1277,700,rapido,0,1,14,368,9.822222222222223,252
69,1278,731,rapido,0,1,115,605,0.8555555555555555,0
69,1278,749,rapido,0,1,97,432,2.7777777777777777,0
69,1278,762,rapido,0,1,84,326,3.9555555555555557,0
69,1278,801,rapido,0,1,45,40,7.133333333333334,0
69,1279,827,rapido,0,1,90,1401,2.0444444444444443,747
69,1279,838,rapido,0,1,79,1298,3.188888888888889,747
69,1279,842,rapido,0,1,75,1257,3.6444444444444444,747
69,1279,865,rapido,0,1,52,1101,5.377777777777778,747
69,1280,930,rapido,0,1,120,940,0.23333333333333334,101
69,1280,944,rapido,0,1,106,876,0.9444444444444444,101
69,1280,960,rapido,0,1,90,748,2.3666666666666667,101
69,1280,1046,rapido,0,1,4,144,7.011111111111111,101
69,1281,1086,rapido,0,1,85,1526,3.1555555555555554,757
69,1281,1091,rapido,0,1,80,1464,3.8444444444444446,757
69,1281,1161,rapido,0,1,10,831,9.033333333333333,757
69,1281,1169,rapido,0,1,2,779,8.9,757
70,1284,122,lento,0,1,23,10,0.18888888888888888,6
70,1284,132,lento,0,1,13,8,0.2111111111111111,6
70,1284,133,lento,0,1,12,8,0.2111111111111111,6
70,1284,141,lento,0,1,4,8,0.2111111111111111,6
70,1285,159,lento,0,1,113,36,0.0,14
70,1285,162,lento,0,1,110,36,0.0,14
70,1285,205,lento,0,1,67,30,0.06666666666666667,14
70,1285,236,lento,0,1,36,24,0.13333333333333333,14
70,1286,281,lento,0,1,104,25,0.011111111111111112,0
70,1286,282,lento,0,1,103,25,0.011111111111111112,0
70,1286,283,lento,0,1,102,25,0.011111111111111112,0
70,1286,352,lento,0,1,33,8,0.2,0
70,1287,389,lento,0,1,104,25,0.011111111111111112,0
70,1287,403,lento,0,1,90,21,0.05555555555555555,0
70,1287,410,lento,0,1,83,17,0.1,0
70,1287,433,lento,0,1,60,11,0.16666666666666666,0
70,1288,540,lento,0,1,41,22,0.1111111111111111,16
70,1288,546,lento,0,1,35,22,0.1111111111111111,16
70,1288,574,lento,0,1,7,16,0.15555555555555556,16
70,1288,576,lento,0,1,5,16,0.15555555555555556,16
70,1289,594,lento,0,1,116,19,0.06666666666666667,1
70,1289,637,lento,0,1,73,13,0.13333333333333333,1
70,1289,674,lento,0,1,36,10,0.16666666666666666,1
70,1289,697,lento,0,1,13,6,0.1111111111111111,1
70,1290,745,lento,0,1,70,31,0.14444444444444443,7
70,1290,788,lento,0,1,27,17,0.3,7
70,1290,795,lento,0,1,20,11,0.36666666666666664,7
70,1290,814,lento,0,1,1,7,0.37777777777777777,7
70,1291,834,lento,0,1,103,9,0.07777777777777778,0
70,1291,858,lento,0,1,79,5,0.12222222222222222,0
70,1291,861,lento,0,1,76,4,0.13333333333333333,0
70,1291,868,lento,0,1,69,4,0.13333333333333333,0
70,1292,875,lento,0,1,122,27,0.0,0
70,1292,884,lento,0,1,113,24,0.03333333333333333,0
70,1292,892,lento,0,1,105,22,0.05555555555555555,0
70,1292,957,lento,0,1,40,4,0.25555555555555554,0
70,1293,978,lento,0,1,84,32,0.022222222222222223,12
70,1293,988,lento,0,1,74,29,0.05555555555555555,12
70,1293,1000,lento,0,1,62,25,0.1,12
70,1293,1012,lento,0,1,50,24,0.1111111111111111,12
70,1294,1073,lento,0,1,103,42,0.011111111111111112,7
70,1294,1084,lento,0,1,92,38,0.05555555555555555,7
70,1294,1103,lento,0,1,73,33,0.1111111111111111,7
70,1294,1140,lento,0,1,36,19,0.26666666666666666,7
71,1297,132,rapido,1,1,64,1288,1.1444444444444444,856
71,1297,169,rapido,1,1,27,1059,3.688888888888889,856
71,1297,173,rapido,1,1,23,1023,4.088888888888889,856
71,1297,193,rapido,1,1,3,903,5.4222222222222225,856
71,1298,221,rapido,1,1,73,1394,1.3666666666666667,980
71,1298,223,rapido,1,1,71,1386,1.4555555555555555,980
71,1298,253,rapido,1,1,41,1188,3.6555555555555554,980
71,1298,291,rapido,1,1,3,997,5.777777777777778,980
71,1299,310,rapido,1,1,99,907,0.5888888888888889,506
71,1299,326,rapido,1,1,83,810,1.6666666666666667,506
71,1299,380,rapido,1,1,29,566,4.377777777777778,506
71,1299,396,rapido,1,1,13,520,4.555555555555555,506
71,1300,430,rapido,1,1,79,772,0.35555555555555557,644
71,1300,480,rapido,1,1,29,708,1.0666666666666667,644
71,1300,488,rapido,1,1,21,691,1.2555555555555555,644
71,1300,493,rapido,1,1,16,674,1.4444444444444444,644
71,1301,548,rapido,1,1,51,852,0.6777777777777778,747
71,1301,556,rapido,1,1,43,841,0.8,747
71,1301,578,rapido,1,1,21,798,1.2777777777777777,747
71,1301,591,rapido,1,1,8,774,1.5444444444444445,747
71,1302,616,rapido,1,1,93,1053,0.23333333333333334,852
71,1302,658,rapido,1,1,51,955,1.3222222222222222,852
71,1302,701,rapido,1,1,8,862,2.2,852
71,1302,705,rapido,1,1,4,858,2.1777777777777776,852
71,1303,745,rapido,1,1,76,1253,0.4777777777777778,1153
71,1303,757,rapido,1,1,64,1239,0.6333333333333333,1153
71,1303,814,rapido,1,1,7,1159,1.3666666666666667,1153
71,1303,818,rapido,1,1,3,1156,1.3222222222222222,1153
71,1304,833,rapido,1,1,89,1480,0.011111111111111112,1371
71,1304,843,rapido,1,1,79,1467,0.15555555555555556,1371
71,1304,858,rapido,1,1,64,1450,0.34444444444444444,1371
71,1304,884,rapido,1,1,38,1411,0.7777777777777778,1371
71,1305,934,rapido,1,1,103,1011,0.022222222222222223,871
71,1305,968,rapido,1,1,69,968,0.5,871
71,1305,1007,rapido,1,1,30,917,1.0666666666666667,871
71,1305,1036,rapido,1,1,1,874,1.3666666666666667,871
71,1306,1049,rapido,1,1,87,1566,0.07777777777777778,1469
71,1306,1055,rapido,1,1,81,1562,0.12222222222222222,1469
71,1306,1116,rapido,1,1,20,1485,0.9777777777777777,1469
71,1306,1130,rapido,1,1,6,1474,1.1,1469
72,1310,120,lento,1,0,646,21,0.03333333333333333,0
72,1310,152,lento,1,0,614,6,0.2,0
72,1310,154,lento,1,0,612,5,0.2111111111111111,0
72,1310,159,lento,1,0,607,2,0.24444444444444444,0
72,1311,207,lento,1,0,650,20,0.14444444444444443,0
72,1311,220,lento,1,0,637,18,0.16666666666666666,0
72,1311,269,lento,1,0,588,11,0.2111111111111111,0
72,1311,310,lento,1,0,547,3,0.16666666666666666,0
72,1312,354,lento,1,0,557,12,0.05555555555555555,0
72,1312,363,lento,1,0,548,9,0.08888888888888889,0
72,1312,396,lento,1,0,515,4,0.14444444444444443,0
72,1312,399,lento,1,0,512,2,0.16666666666666666,0
72,1313,416,lento,1,0,673,20,0.022222222222222223,0
72,1313,429,lento,1,0,660,16,0.06666666666666667,0
72,1313,435,lento,1,0,654,13,0.1,0
72,1313,458,lento,1,0,631,6,0.17777777777777778,0
72,1314,463,lento,1,0,601,15,0.0,0
72,1314,487,lento,1,0,577,8,0.07777777777777778,0
72,1314,500,lento,1,0,564,3,0.13333333333333333,0
72,1314,504,lento,1,0,560,2,0.14444444444444443,0
72,1315,508,lento,1,0,709,30,0.0,0
72,1315,542,lento,1,0,675,23,0.07777777777777778,0
72,1315,559,lento,1,0,658,21,0.1,0
72,1315,616,lento,1,0,601,11,0.16666666666666666,0
72,1316,652,lento,1,0,742,31,0.0,0
72,1316,662,lento,1,0,732,31,0.0,0
72,1316,664,lento,1,0,730,31,0.0,0
72,1316,731,lento,1,0,663,16,0.16666666666666666,0
72,1317,809,lento,1,0,698,5,0.12222222222222222,0
72,1317,869,lento,1,0,638,5,0.044444444444444446,0
72,1317,874,lento,1,0,633,5,0.03333333333333333,0
72,1317,929,lento,1,0,578,4,0.011111111111111112,0
72,1318,825,lento,1,0,678,19,0.06666666666666667,0
72,1318,840,lento,1,0,663,14,0.12222222222222222,0
72,1318,841,lento,1,0,662,13,0.13333333333333333,0
72,1318,868,lento,1,0,635,5,0.2222222222222222,0
72,1319,896,lento,1,0,596,11,0.05555555555555555,0
72,1319,924,lento,1,0,568,8,0.08888888888888889,0
72,1319,935,lento,1,0,557,7,0.1,0
72,1319,950,lento,1,0,542,7,0.1,0
72,1320,1035,lento,1,0,574,10,0.044444444444444446,0
72,1320,1038,lento,1,0,571,10,0.044444444444444446,0
72,1320,1056,lento,1,0,553,3,0.12222222222222222,0
72,1320,1062,lento,1,0,547,2,0.13333333333333333,0
72,1321,1078,lento,1,0,664,11,0.011111111111111112,0
72,1321,1091,lento,1,0,651,4,0.08888888888888889,0
72,1321,1093,lento,1,0,649,3,0.1,0
72,1321,1094,lento,1,0,648,3,0.1,0
72,1322,1103,lento,1,0,671,15,0.011111111111111112,0
72,1322,1110,lento,1,0,664,15,0.011111111111111112,0
72,1322,1120,lento,1,0,654,11,0.05555555555555555,0
72,1322,1134,lento,1,0,640,2,0.15555555555555556,0
73,1325,127,rapido,1,1,22,193,3.1444444444444444,91
73,1325,137,rapido,1,1,12,147,3.6555555555555554,91
73,1325,145,rapido,1,1,4,114,4.022222222222222,91
73,1325,148,rapido,1,1,1,96,4.222222222222222,91
73,1326,178,rapido,1,1,56,636,1.2333333333333334,394
73,1326,181,rapido,1,1,53,602,1.6111111111111112,394
73,1326,208,rapido,1,1,26,504,2.7,394
73,1326,221,rapido,1,1,13,441,3.4,394
73,1327,271,rapido,1,1,37,290,1.3666666666666667,179
73,1327,280,rapido,1,1,28,263,1.6666666666666667,179
73,1327,299,rapido,1,1,9,209,2.2666666666666666,179
73,1327,304,rapido,1,1,4,192,2.4555555555555557,179
73,1328,353,rapido,1,1,36,387,1.0888888888888888,310
73,1328,369,rapido,1,1,20,357,1.4222222222222223,310
73,1328,375,rapido,1,1,14,345,1.5555555555555556,310
73,1328,389,rapido,1,1,0,314,1.9,310
73,1329,444,rapido,1,1,35,265,1.7444444444444445,137
73,1329,458,rapido,1,1,21,219,2.2555555555555555,137
73,1329,463,rapido,1,1,16,203,2.433333333333333,137
73,1329,475,rapido,1,1,4,155,2.966666666666667,137
73,1330,487,rapido,1,1,85,698,0.12222222222222222,489
73,1330,510,rapido,1,1,62,651,0.6444444444444445,489
73,1330,566,rapido,1,1,6,508,2.2333333333333334,489
73,1330,569,rapido,1,1,3,499,2.3333333333333335,489
73,1331,608,rapido,1,1,38,661,0.7444444444444445,563
73,1331,609,rapido,1,1,37,658,0.7777777777777778,563
73,1331,627,rapido,1,1,19,611,1.3,563
73,1331,646,rapido,1,1,0,565,1.8111111111111111,563
73,1332,661,rapido,1,1,61,468,0.25555555555555554,279
73,1332,665,rapido,1,1,57,458,0.36666666666666664,279
73,1332,669,rapido,1,1,53,451,0.4444444444444444,279
73,1332,684,rapido,1,1,38,412,0.8777777777777778,279
73,1333,730,rapido,1,1,84,620,0.2,243
73,1333,780,rapido,1,1,34,404,2.6,243
73,1333,790,rapido,1,1,24,348,3.2222222222222223,243
73,1333,793,rapido,1,1,21,340,3.311111111111111,243
73,1334,823,rapido,1,1,78,829,0.18888888888888888,532
73,1334,840,rapido,1,1,61,753,1.0333333333333334,532
73,1334,872,rapido,1,1,29,621,2.5,532
73,1334,891,rapido,1,1,10,558,3.2,532
73,1335,912,rapido,1,1,76,371,0.08888888888888889,185
73,1335,934,rapido,1,1,54,309,0.7777777777777778,185
73,1335,947,rapido,1,1,41,279,1.1111111111111112,185
73,1335,976,rapido,1,1,12,211,1.8666666666666667,185
73,1336,1004,rapido,1,1,68,310,0.28888888888888886,149
73,1336,1026,rapido,1,1,46,260,0.8444444444444444,149
73,1336,1039,rapido,1,1,33,224,1.2444444444444445,149
73,1336,1045,rapido,1,1,27,218,1.3111111111111111,149
73,1337,1090,rapido,1,1,59,434,0.4222222222222222,222
73,1337,1095,rapido,1,1,54,413,0.6555555555555556,222
73,1337,1111,rapido,1,1,38,357,1.2777777777777777,222
73,1337,1143,rapido,1,1,6,239,2.588888888888889,222
74,1340,191,medio,1,0,442,23,0.32222222222222224,0
74,1340,217,medio,1,0,416,13,0.32222222222222224,0
74,1340,238,medio,1,0,395,3,0.3888888888888889,0
74,1340,241,medio,1,0,392,1,0.3888888888888889,0
74,1341,250,medio,1,0,509,46,0.06666666666666667,0
74,1341,277,medio,1,0,482,24,0.3111111111111111,0
74,1341,282,medio,1,0,477,22,0.3333333333333333,0
74,1341,303,medio,1,0,456,7,0.5,0
74,1342,309,medio,1,0,508,25,0.0,0
74,1342,323,medio,1,0,494,21,0.044444444444444446,0
74,1342,326,medio,1,0,491,20,0.05555555555555555,0
74,1342,346,medio,1,0,471,6,0.2111111111111111,0
74,1343,373,medio,1,0,501,22,0.1,0
74,1343,380,medio,1,0,494,19,0.13333333333333333,0
74,1343,431,medio,1,0,443,5,0.28888888888888886,0
74,1343,445,medio,1,0,429,1,0.32222222222222224,0
74,1344,404,medio,1,0,489,52,0.0,0
74,1344,419,medio,1,0,474,52,0.0,0
74,1344,467,medio,1,0,426,47,0.05555555555555555,0
74,1344,531,medio,1,0,362,23,0.32222222222222224,0
74,1345,596,medio,1,0,542,44,0.13333333333333333,0
74,1345,599,medio,1,0,539,42,0.15555555555555556,0
74,1345,655,medio,1,0,483,16,0.4444444444444444,0
74,1345,658,medio,1,0,480,13,0.4777777777777778,0
74,1346,698,medio,1,0,455,65,0.06666666666666667,0
74,1346,782,medio,1,0,371,33,0.4111111111111111,0
74,1346,857,medio,1,0,296,20,0.18888888888888888,0
74,1346,910,medio,1,0,243,8,0.18888888888888888,0
74,1347,909,medio,1,0,484,27,0.0,0
74,1347,965,medio,1,0,428,16,0.12222222222222222,0
74,1347,981,medio,1,0,412,9,0.2,0
74,1347,996,medio,1,0,397,4,0.25555555555555554,0
74,1348,1001,medio,1,0,487,63,0.0,0
74,1348,1050,medio,1,0,438,45,0.2,0
74,1348,1090,medio,1,0,398,28,0.3888888888888889,0
74,1348,1104,medio,1,0,384,22,0.4111111111111111,0
74,1349,1135,medio,1,0,550,25,0.0,0
74,1349,1152,medio,1,0,533,24,0.011111111111111112,0
74,1349,1165,medio,1,0,520,19,0.06666666666666667,0
74,1349,1180,medio,1,0,505,13,0.13333333333333333,0
75,1351,122,lento,1,0,534,3,0.07777777777777778,0
75,1351,124,lento,1,0,532,3,0.07777777777777778,0
75,1351,149,lento,1,0,507,2,0.07777777777777778,0
75,1351,155,lento,1,0,501,1,0.08888888888888889,0
75,1352,149,lento,1,0,696,8,0.0,0
75,1352,153,lento,1,0,692,8,0.0,0
75,1352,179,lento,1,0,666,6,0.022222222222222223,0
75,1352,196,lento,1,0,649,6,0.022222222222222223,0
75,1353,211,lento,1,0,755,6,0.0,0
75,1353,212,lento,1,0,754,3,0.03333333333333333,0
75,1353,213,lento,1,0,753,3,0.03333333333333333,0
75,1353,217,lento,1,0,749,1,0.05555555555555555,0
75,1354,227,lento,1,0,696,6,0.022222222222222223,0
75,1354,230,lento,1,0,693,6,0.022222222222222223,0
75,1354,231,lento,1,0,692,6,0.022222222222222223,0
75,1354,242,lento,1,0,681,4,0.044444444444444446,0
75,1355,257,lento,1,0,736,5,0.0,0
75,1355,259,lento,1,0,734,5,0.0,0
75,1355,261,lento,1,0,732,5,0.0,0
75,1355,270,lento,1,0,723,5,0.0,0
75,1356,304,lento,1,0,623,7,0.011111111111111112,0
75,1356,307,lento,1,0,620,7,0.011111111111111112,0
75,1356,329,lento,1,0,598,3,0.05555555555555555,0
75,1356,336,lento,1,0,591,2,0.06666666666666667,0
75,1357,339,lento,1,0,601,7,0.0,0
75,1357,344,lento,1,0,596,7,0.0,0
75,1357,353,lento,1,0,587,3,0.044444444444444446,0
75,1357,359,lento,1,0,581,3,0.044444444444444446,0
75,1358,366,lento,1,0,730,5,0.0,0
75,1358,370,lento,1,0,726,4,0.011111111111111112,0
75,1358,372,lento,1,0,724,3,0.022222222222222223,0
75,1358,382,lento,1,0,714,2,0.03333333333333333,0
75,1359,387,lento,1,0,738,4,0.0,0
75,1359,403,lento,1,0,722,2,0.022222222222222223,0
75,1359,412,lento,1,0,713,1,0.03333333333333333,0
75,1359,416,lento,1,0,709,1,0.03333333333333333,0
75,1360,420,lento,1,0,749,11,0.011111111111111112,0
75,1360,479,lento,1,0,690,6,0.06666666666666667,0
75,1360,516,lento,1,0,653,5,0.05555555555555555,0
75,1360,524,lento,1,0,645,5,0.05555555555555555,0
75,1361,560,lento,1,0,726,5,0.0,0
75,1361,565,lento,1,0,721,5,0.0,0
75,1361,594,lento,1,0,692,2,0.03333333333333333,0
75,1361,622,lento,1,0,664,2,0.03333333333333333,0
75,1362,625,lento,1,0,603,3,0.07777777777777778,0
75,1362,626,lento,1,0,602,3,0.07777777777777778,0
75,1362,635,lento,1,0,593,1,0.1,0
75,1362,640,lento,1,0,588,1,0.1,0
75,1363,664,lento,1,0,754,4,0.011111111111111112,0
75,1363,784,lento,1,0,634,2,0.011111111111111112,0
75,1363,837,lento,1,0,581,2,0.0,0
75,1363,897,lento,1,0,521,1,0.011111111111111112,0
75,1364,707,lento,1,0,596,4,0.0,0
75,1364,723,lento,1,0,580,4,0.0,0
75,1364,727,lento,1,0,576,3,0.011111111111111112,0
75,1364,736,lento,1,0,567,1,0.03333333333333333,0
75,1365,749,lento,1,0,636,6,0.011111111111111112,0
75,1365,770,lento,1,0,615,5,0.022222222222222223,0
75,1365,806,lento,1,0,579,3,0.044444444444444446,0
75,1365,832,lento,1,0,553,3,0.044444444444444446,0
75,1366,892,lento,1,0,750,4,0.0,0
75,1366,893,lento,1,0,749,4,0.0,0
75,1366,958,lento,1,0,684,1,0.03333333333333333,0
75,1366,996,lento,1,0,646,1,0.0,0
75,1367,919,lento,1,0,705,5,0.022222222222222223,0
75,1367,928,lento,1,0,696,4,0.03333333333333333,0
75,1367,935,lento,1,0,689,4,0.03333333333333333,0
75,1367,959,lento,1,0,665,3,0.044444444444444446,0
75,1368,990,lento,1,0,719,6,0.0,0
75,1368,1000,lento,1,0,709,5,0.011111111111111112,0
75,1368,1009,lento,1,0,700,5,0.011111111111111112,0
75,1368,1030,lento,1,0,679,1,0.05555555555555555,0
75,1369,1028,lento,1,0,778,7,0.0,0
75,1369,1031,lento,1,0,775,7,0.0,0
75,1369,1058,lento,1,0,748,5,0.022222222222222223,0
75,1369,1078,lento,1,0,728,2,0.05555555555555555,0
75,1370,1087,lento,1,0,734,7,0.0,0
75,1370,1112,lento,1,0,709,5,0.022222222222222223,0
75,1370,1172,lento,1,0,649,2,0.05555555555555555,0
75,1370,1195,lento,1,0,626,1,0.044444444444444446,0
76,1373,120,medio,0,0,416,9,0.5111111111111111,0
76,1373,124,medio,0,0,412,9,0.5111111111111111,0
76,1373,126,medio,0,0,410,7,0.5333333333333333,0
76,1373,127,medio,0,0,409,6,0.5444444444444444,0
76,1374,122,medio,0,0,462,86,0.0,0
76,1374,125,medio,0,0,459,86,0.0,0
76,1374,170,medio,0,0,414,31,0.6111111111111112,0
76,1374,171,medio,0,0,413,31,0.6111111111111112,0
76,1375,212,medio,0,0,414,47,0.08888888888888889,0
76,1375,227,medio,0,0,399,39,0.17777777777777778,0
76,1375,231,medio,0,0,395,38,0.18888888888888888,0
76,1375,269,medio,0,0,357,2,0.5888888888888889,0
76,1376,285,medio,0,0,450,73,0.15555555555555556,0
76,1376,296,medio,0,0,439,60,0.3,0
76,1376,314,medio,0,0,421,37,0.5555555555555556,0
76,1376,322,medio,0,0,413,23,0.7111111111111111,0
76,1377,355,medio,0,0,513,102,0.2777777777777778,0
76,1377,390,medio,0,0,478,43,0.9333333333333333,0
76,1377,393,medio,0,0,475,43,0.9333333333333333,0
76,1377,407,medio,0,0,461,29,1.0888888888888888,0
76,1378,457,medio,0,0,470,89,0.3111111111111111,0
76,1378,498,medio,0,0,429,38,0.8777777777777778,0
76,1378,525,medio,0,0,402,7,1.2222222222222223,0
76,1378,526,medio,0,0,401,1,1.288888888888889,0
76,1379,547,medio,0,0,399,57,0.18888888888888888,0
76,1379,552,medio,0,0,394,52,0.24444444444444444,0
76,1379,557,medio,0,0,389,47,0.3,0
76,1379,592,medio,0,0,354,1,0.8111111111111111,0
76,1380,603,medio,0,0,425,104,0.1,0
76,1380,610,medio,0,0,418,98,0.16666666666666666,0
76,1380,632,medio,0,0,396,82,0.34444444444444444,0
76,1380,638,medio,0,0,390,80,0.36666666666666664,0
76,1381,720,medio,0,0,513,54,0.3333333333333333,0
76,1381,735,medio,0,0,498,44,0.4444444444444444,0
76,1381,751,medio,0,0,482,22,0.6888888888888889,0
76,1381,754,medio,0,0,479,20,0.7111111111111111,0
76,1382,790,medio,0,0,483,33,0.2777777777777778,0
76,1382,794,medio,0,0,479,25,0.36666666666666664,0
76,1382,795,medio,0,0,478,24,0.37777777777777777,0
76,1382,834,medio,0,0,439,11,0.5222222222222223,0
76,1383,807,medio,0,0,445,78,0.022222222222222223,0
76,1383,808,medio,0,0,444,77,0.03333333333333333,0
76,1383,819,medio,0,0,433,61,0.2111111111111111,0
76,1383,830,medio,0,0,422,47,0.36666666666666664,0
76,1384,859,medio,0,0,526,81,0.0,0
76,1384,875,medio,0,0,510,58,0.25555555555555554,0
76,1384,888,medio,0,0,497,22,0.6555555555555556,0
76,1384,893,medio,0,0,492,8,0.8111111111111111,0
76,1385,925,medio,0,0,493,19,0.6333333333333333,0
76,1385,929,medio,0,0,489,6,0.7777777777777778,0
76,1385,938,medio,0,0,480,4,0.8,0
76,1385,962,medio,0,0,456,4,0.8,0
76,1386,946,medio,0,0,471,70,0.34444444444444444,0
76,1386,954,medio,0,0,463,54,0.5222222222222223,0
76,1386,974,medio,0,0,443,14,0.9666666666666667,0
76,1386,977,medio,0,0,440,7,1.0444444444444445,0
76,1387,983,medio,0,0,487,65,0.0,0
76,1387,998,medio,0,0,472,35,0.3333333333333333,0
76,1387,1003,medio,0,0,467,27,0.4222222222222222,0
76,1387,1005,medio,0,0,465,20,0.5,0
76,1388,1047,medio,0,0,459,25,0.6111111111111112,0
76,1388,1057,medio,0,0,449,16,0.7111111111111111,0
76,1388,1062,medio,0,0,444,13,0.7444444444444445,0
76,1388,1063,medio,0,0,443,12,0.7555555555555555,0
76,1389,1065,medio,0,0,538,104,0.0,0
76,1389,1104,medio,0,0,499,42,0.6888888888888889,0
76,1389,1119,medio,0,0,484,21,0.9222222222222223,0
76,1389,1128,medio,0,0,475,5,1.1,0
77,1393,120,lento,0,0,240,4,0.2111111111111111,0
77,1393,121,lento,0,0,239,3,0.2222222222222222,0
77,1393,123,lento,0,0,237,2,0.23333333333333334,0
77,1393,126,lento,0,0,234,1,0.24444444444444444,0
77,1394,129,lento,0,0,271,15,0.0,0
77,1394,136,lento,0,0,264,13,0.022222222222222223,0
77,1394,149,lento,0,0,251,6,0.1,0
77,1394,150,lento,0,0,250,6,0.1,0
77,1395,157,lento,0,0,260,22,0.0,0
77,1395,162,lento,0,0,255,22,0.0,0
77,1395,167,lento,0,0,250,17,0.05555555555555555,0
77,1395,180,lento,0,0,237,13,0.1,0
77,1396,208,lento,0,0,289,23,0.0,0
77,1396,221,lento,0,0,276,17,0.06666666666666667,0
77,1396,234,lento,0,0,263,15,0.08888888888888889,0
77,1396,265,lento,0,0,232,3,0.2222222222222222,0
77,1397,286,lento,0,0,260,25,0.08888888888888889,0
77,1397,333,lento,0,0,213,7,0.28888888888888886,0
77,1397,338,lento,0,0,208,7,0.28888888888888886,0
77,1397,344,lento,0,0,202,3,0.3333333333333333,0
77,1398,350,lento,0,0,280,22,0.0,0
77,1398,377,lento,0,0,253,20,0.022222222222222223,0
77,1398,383,lento,0,0,247,18,0.044444444444444446,0
77,1398,390,lento,0,0,240,14,0.08888888888888889,0
77,1399,405,lento,0,0,248,20,0.011111111111111112,0
77,1399,415,lento,0,0,238,13,0.08888888888888889,0
77,1399,416,lento,0,0,237,13,0.08888888888888889,0
77,1399,424,lento,0,0,229,4,0.18888888888888888,0
77,1400,439,lento,0,0,285,28,0.011111111111111112,0
77,1400,449,lento,0,0,275,26,0.03333333333333333,0
77,1400,462,lento,0,0,262,20,0.1,0
77,1400,466,lento,0,0,258,17,0.13333333333333333,0
77,1401,510,lento,0,0,226,20,0.1111111111111111,0
77,1401,532,lento,0,0,204,11,0.2111111111111111,0
77,1401,538,lento,0,0,198,9,0.23333333333333334,0
77,1401,550,lento,0,0,186,4,0.28888888888888886,0
77,1402,553,lento,0,0,299,24,0.03333333333333333,0
77,1402,554,lento,0,0,298,24,0.03333333333333333,0
77,1402,588,lento,0,0,264,9,0.2,0
77,1402,599,lento,0,0,253,7,0.2222222222222222,0
77,1403,607,lento,0,0,261,34,0.0,0
77,1403,661,lento,0,0,207,20,0.15555555555555556,0
77,1403,684,lento,0,0,184,1,0.36666666666666664,0
77,1403,686,lento,0,0,182,1,0.36666666666666664,0
77,1404,688,lento,0,0,253,16,0.0,0
77,1404,704,lento,0,0,237,10,0.06666666666666667,0
77,1404,709,lento,0,0,232,10,0.06666666666666667,0
77,1404,717,lento,0,0,224,8,0.08888888888888889,0
77,1405,727,lento,0,0,293,17,0.0,0
77,1405,736,lento,0,0,284,13,0.044444444444444446,0
77,1405,738,lento,0,0,282,12,0.05555555555555555,0
77,1405,743,lento,0,0,277,8,0.1,0
77,1406,756,lento,0,0,266,10,0.044444444444444446,0
77,1406,757,lento,0,0,265,10,0.044444444444444446,0
77,1406,764,lento,0,0,258,5,0.1,0
77,1406,767,lento,0,0,255,5,0.1,0
77,1407,768,lento,0,0,319,16,0.0,0
77,1407,785,lento,0,0,302,5,0.12222222222222222,0
77,1407,787,lento,0,0,300,5,0.12222222222222222,0
77,1407,797,lento,0,0,290,2,0.15555555555555556,0
77,1408,795,lento,0,0,304,27,0.0,0
77,1408,802,lento,0,0,297,27,0.0,0
77,1408,810,lento,0,0,289,26,0.011111111111111112,0
77,1408,866,lento,0,0,233,9,0.2,0
77,1409,902,lento,0,0,276,2,0.17777777777777778,0
77,1409,960,lento,0,0,218,2,0.17777777777777778,0
77,1409,974,lento,0,0,204,2,0.15555555555555556,0
77,1409,989,lento,0,0,189,2,0.03333333333333333,0
77,1410,907,lento,0,0,242,31,0.011111111111111112,0
77,1410,950,lento,0,0,199,19,0.14444444444444443,0
77,1410,977,lento,0,0,172,11,0.23333333333333334,0
77,1410,980,lento,0,0,169,11,0.23333333333333334,0
77,1411,1047,lento,0,0,301,27,0.14444444444444443,0
77,1411,1048,lento,0,0,300,26,0.15555555555555556,0
77,1411,1053,lento,0,0,295,24,0.17777777777777778,0
77,1411,1076,lento,0,0,272,17,0.25555555555555554,0
77,1412,1107,lento,0,0,313,16,0.011111111111111112,0
77,1412,1118,lento,0,0,302,12,0.05555555555555555,0
77,1412,1126,lento,0,0,294,5,0.13333333333333333,0
77,1412,1130,lento,0,0,290,2,0.16666666666666666,0
77,1413,1141,lento,0,0,302,22,0.05555555555555555,0
77,1413,1152,lento,0,0,291,18,0.1,0
77,1413,1178,lento,0,0,265,1,0.28888888888888886,0
77,1413,1179,lento,0,0,264,1,0.28888888888888886,0
78,1416,126,lento,1,1,42,38,0.36666666666666664,5
78,1416,155,lento,1,1,13,12,0.6555555555555556,5
78,1416,159,lento,1,1,9,10,0.6777777777777778,5
78,1416,162,lento,1,1,6,8,0.7,5
78,1417,229,lento,1,1,21,16,0.5444444444444444,6
78,1417,238,lento,1,1,12,12,0.5888888888888889,6
78,1417,239,lento,1,1,11,12,0.5888888888888889,6
78,1417,241,lento,1,1,9,11,0.6,6
78,1418,274,lento,1,1,68,37,0.13333333333333333,10
78,1418,277,lento,1,1,65,37,0.13333333333333333,10
78,1418,294,lento,1,1,48,31,0.2,10
78,1418,312,lento,1,1,30,22,0.3,10
78,1419,354,lento,1,1,72,40,0.044444444444444446,0
78,1419,365,lento,1,1,61,28,0.17777777777777778,0
78,1419,371,lento,1,1,55,24,0.2222222222222222,0
78,1419,372,lento,1,1,54,24,0.2222222222222222,0
78,1420,410,lento,1,1,71,59,0.0,0
78,1420,433,lento,1,1,48,43,0.17777777777777778,0
78,1420,454,lento,1,1,27,19,0.4444444444444444,0
78,1420,459,lento,1,1,22,11,0.5333333333333333,0
78,1421,474,lento,1,1,77,74,0.03333333333333333,0
78,1421,483,lento,1,1,68,61,0.17777777777777778,0
78,1421,490,lento,1,1,61,51,0.28888888888888886,0
78,1421,513,lento,1,1,38,26,0.5666666666666667,0
78,1422,537,lento,1,1,73,73,0.022222222222222223,0
78,1422,568,lento,1,1,42,31,0.4888888888888889,0
78,1422,572,lento,1,1,38,21,0.6,0
78,1422,574,lento,1,1,36,18,0.6333333333333333,0
78,1423,598,lento,1,1,86,29,0.0,0
78,1423,605,lento,1,1,79,29,0.0,0
78,1423,614,lento,1,1,70,23,0.06666666666666667,0
78,1423,639,lento,1,1,45,7,0.24444444444444444,0
78,1424,657,lento,1,1,71,49,0.05555555555555555,24
78,1424,674,lento,1,1,54,41,0.14444444444444443,24
78,1424,683,lento,1,1,45,39,0.16666666666666666,24
78,1424,692,lento,1,1,36,38,0.17777777777777778,24
78,1425,734,lento,1,1,75,68,0.0,20
78,1425,766,lento,1,1,43,50,0.2,20
78,1425,777,lento,1,1,32,43,0.2777777777777778,20
78,1425,808,lento,1,1,1,21,0.5222222222222223,20
78,1426,848,lento,1,1,53,56,0.23333333333333334,15
78,1426,882,lento,1,1,19,31,0.5111111111111111,15
78,1426,895,lento,1,1,6,22,0.6111111111111112,15
78,1426,896,lento,1,1,5,22,0.6111111111111112,15
78,1427,906,lento,1,1,76,62,0.0,12
78,1427,921,lento,1,1,61,50,0.13333333333333333,12
78,1427,933,lento,1,1,49,46,0.17777777777777778,12
78,1427,946,lento,1,1,36,39,0.25555555555555554,12
78,1428,989,lento,1,1,82,61,0.03333333333333333,43
78,1428,1018,lento,1,1,53,53,0.12222222222222222,43
78,1428,1033,lento,1,1,38,51,0.14444444444444443,43
78,1428,1068,lento,1,1,3,45,0.2111111111111111,43
78,1429,1092,lento,1,1,71,60,0.13333333333333333,24
78,1429,1101,lento,1,1,62,58,0.15555555555555556,24
78,1429,1130,lento,1,1,33,43,0.32222222222222224,24
78,1429,1159,lento,1,1,4,27,0.5,24
79,1432,130,medio,1,0,322,35,0.7777777777777778,0
79,1432,146,medio,1,0,306,16,0.9888888888888889,0
79,1432,147,medio,1,0,305,15,1.0,0
79,1432,151,medio,1,0,301,9,1.0666666666666667,0
79,1433,181,medio,1,0,426,71,0.7111111111111111,0
79,1433,194,medio,1,0,413,38,1.0777777777777777,0
79,1433,235,medio,1,0,372,19,1.288888888888889,0
79,1433,241,medio,1,0,366,19,1.288888888888889,0
79,1434,220,medio,1,0,352,112,0.7222222222222222,0
79,1434,230,medio,1,0,342,94,0.9222222222222223,0
79,1434,244,medio,1,0,328,63,1.2666666666666666,0
79,1434,249,medio,1,0,323,56,1.3444444444444446,0
79,1435,299,medio,1,0,371,122,0.5111111111111111,0
79,1435,306,medio,1,0,364,105,0.7,0
79,1435,334,medio,1,0,336,24,1.6,0
79,1435,343,medio,1,0,327,7,1.788888888888889,0
79,1436,356,medio,1,0,394,112,0.25555555555555554,0
79,1436,360,medio,1,0,390,96,0.43333333333333335,0
79,1436,389,medio,1,0,361,43,1.0222222222222221,0
79,1436,390,medio,1,0,360,42,1.0333333333333334,0
79,1437,427,medio,1,0,417,234,0.37777777777777777,0
79,1437,536,medio,1,0,308,122,1.011111111111111,0
79,1437,554,medio,1,0,290,91,1.2444444444444445,0
79,1437,563,medio,1,0,281,73,1.3,0
79,1438,584,medio,1,0,393,186,0.0,0
79,1438,607,medio,1,0,370,119,0.7444444444444445,0
79,1438,631,medio,1,0,346,36,1.6666666666666667,0
79,1438,635,medio,1,0,342,20,1.8444444444444446,0
79,1439,645,medio,1,0,395,264,0.14444444444444443,0
79,1439,679,medio,1,0,361,154,1.3666666666666667,0
79,1439,688,medio,1,0,352,127,1.6666666666666667,0
79,1439,698,medio,1,0,342,98,1.988888888888889,0
79,1440,790,medio,1,0,339,128,0.6444444444444445,0
79,1440,869,medio,1,0,260,69,0.8111111111111111,0
79,1440,879,medio,1,0,250,64,0.7222222222222222,0
79,1440,909,medio,1,0,220,44,0.6222222222222222,0
79,1441,953,medio,1,0,374,165,0.24444444444444444,0
79,1441,974,medio,1,0,353,129,0.6444444444444445,0
79,1441,1010,medio,1,0,317,38,1.6555555555555554,0
79,1441,1012,medio,1,0,315,34,1.7,0
79,1442,1026,medio,1,0,470,269,0.0,0
79,1442,1048,medio,1,0,448,227,0.4666666666666667,0
79,1442,1067,medio,1,0,429,189,0.8888888888888888,0
79,1442,1072,medio,1,0,424,183,0.9555555555555556,0
80,1445,131,medio,1,0,494,87,0.9222222222222223,0
80,1445,144,medio,1,0,481,64,1.1777777777777778,0
80,1445,147,medio,1,0,478,56,1.2666666666666666,0
80,1445,165,medio,1,0,460,5,1.8333333333333333,0
80,1446,181,medio,1,0,455,95,0.4888888888888889,0
80,1446,189,medio,1,0,447,71,0.7555555555555555,0
80,1446,197,medio,1,0,439,42,1.0777777777777777,0
80,1446,203,medio,1,0,433,18,1.3444444444444446,0
80,1447,204,medio,1,0,473,189,0.0,0
80,1447,215,medio,1,0,462,156,0.36666666666666664,0
80,1447,227,medio,1,0,450,124,0.7222222222222222,0
80,1447,230,medio,1,0,447,113,0.8444444444444444,0
80,1448,263,medio,1,0,437,96,0.0,0
80,1448,266,medio,1,0,434,91,0.05555555555555555,0
80,1448,270,medio,1,0,430,68,0.3111111111111111,0
80,1448,292,medio,1,0,408,13,0.9222222222222223,0
80,1449,324,medio,1,0,498,67,0.7555555555555555,0
80,1449,325,medio,1,0,497,66,0.7666666666666667,0
80,1449,360,medio,1,0,462,24,1.2333333333333334,0
80,1449,457,medio,1,0,365,4,0.2222222222222222,0
80,1450,369,medio,1,0,408,95,0.4777777777777778,0
80,1450,407,medio,1,0,370,45,1.0333333333333334,0
80,1450,422,medio,1,0,355,18,1.3333333333333333,0
80,1450,431,medio,1,0,346,11,1.4111111111111112,0
80,1451,450,medio,1,0,488,219,0.0,0
80,1451,481,medio,1,0,457,149,0.7777777777777778,0
80,1451,506,medio,1,0,432,50,1.8777777777777778,0
80,1451,517,medio,1,0,421,3,2.4,0
80,1452,514,medio,1,0,496,185,0.0,0
80,1452,529,medio,1,0,481,116,0.7666666666666667,0
80,1452,542,medio,1,0,468,55,1.4444444444444444,0
80,1452,548,medio,1,0,462,3,2.022222222222222,0
80,1453,557,medio,1,0,454,153,0.5777777777777777,0
80,1453,571,medio,1,0,440,69,1.511111111111111,0
80,1453,575,medio,1,0,436,55,1.6666666666666667,0
80,1453,581,medio,1,0,430,2,2.2555555555555555,0
80,1454,584,medio,1,0,486,94,0.2777777777777778,0
80,1454,586,medio,1,0,484,58,0.6777777777777778,0
80,1454,588,medio,1,0,482,47,0.8,0
80,1454,594,medio,1,0,476,4,1.2777777777777777,0
80,1455,602,medio,1,0,444,133,0.3,0
80,1455,605,medio,1,0,441,99,0.6777777777777778,0
80,1455,609,medio,1,0,437,67,1.0333333333333334,0
80,1455,611,medio,1,0,435,59,1.1222222222222222,0
80,1456,624,medio,1,0,473,142,0.36666666666666664,0
80,1456,626,medio,1,0,471,129,0.5111111111111111,0
80,1456,629,medio,1,0,468,96,0.8777777777777778,0
80,1456,639,medio,1,0,458,24,1.6777777777777778,0
80,1457,643,medio,1,0,515,87,0.0,0
80,1457,645,medio,1,0,513,70,0.18888888888888888,0
80,1457,651,medio,1,0,507,45,0.4666666666666667,0
80,1457,656,medio,1,0,502,11,0.8444444444444444,0
80,1458,679,medio,1,0,510,64,1.3666666666666667,0
80,1458,681,medio,1,0,508,60,1.4111111111111112,0
80,1458,685,medio,1,0,504,46,1.5666666666666667,0
80,1458,691,medio,1,0,498,26,1.788888888888889,0
80,1459,699,medio,1,0,430,114,0.2111111111111111,0
80,1459,703,medio,1,0,426,96,0.4111111111111111,0
80,1459,724,medio,1,0,405,29,1.1555555555555554,0
80,1459,735,medio,1,0,394,4,1.4333333333333333,0
80,1460,750,medio,1,0,455,155,0.12222222222222222,0
80,1460,760,medio,1,0,445,138,0.3111111111111111,0
80,1460,780,medio,1,0,425,77,0.9888888888888889,0
80,1460,790,medio,1,0,415,27,1.5444444444444445,0
80,1461,795,medio,1,0,440,196,0.0,0
80,1461,806,medio,1,0,429,163,0.36666666666666664,0
80,1461,826,medio,1,0,409,51,1.6111111111111112,0
80,1461,829,medio,1,0,406,1,2.1666666666666665,0
80,1462,840,medio,1,0,547,124,0.7777777777777778,0
80,1462,842,medio,1,0,545,115,0.8777777777777778,0
80,1462,853,medio,1,0,534,41,1.7,0
80,1462,856,medio,1,0,531,26,1.8666666666666667,0
80,1463,861,medio,1,0,461,87,0.13333333333333333,0
80,1463,862,medio,1,0,460,82,0.18888888888888888,0
80,1463,867,medio,1,0,455,42,0.6333333333333333,0
80,1463,868,medio,1,0,454,21,0.8666666666666667,0
80,1464,877,medio,1,0,498,171,0.4888888888888889,0
80,1464,882,medio,1,0,493,132,0.9222222222222223,0
80,1464,886,medio,1,0,489,107,1.2,0
80,1464,894,medio,1,0,481,5,2.3333333333333335,0
80,1465,898,medio,1,0,454,200,0.011111111111111112,0
80,1465,907,medio,1,0,445,97,1.1555555555555554,0
80,1465,909,medio,1,0,443,79,1.3555555555555556,0
80,1465,913,medio,1,0,439,8,2.1444444444444444,0
80,1466,918,medio,1,0,541,158,0.2111111111111111,0
80,1466,922,medio,1,0,537,60,1.3,0
80,1466,923,medio,1,0,536,40,1.5222222222222221,0
80,1466,926,medio,1,0,533,1,1.9555555555555555,0
80,1467,931,medio,1,0,489,121,0.34444444444444444,0
80,1467,933,medio,1,0,487,99,0.5888888888888889,0
80,1467,936,medio,1,0,484,76,0.8444444444444444,0
80,1467,937,medio,1,0,483,59,1.0333333333333334,0
80,1468,943,medio,1,0,528,225,0.0,0
80,1468,946,medio,1,0,525,178,0.5222222222222223,0
80,1468,947,medio,1,0,524,160,0.7222222222222222,0
80,1468,952,medio,1,0,519,65,1.7777777777777777,0
80,1469,961,medio,1,0,546,175,0.28888888888888886,0
80,1469,968,medio,1,0,539,96,1.1666666666666667,0
80,1469,970,medio,1,0,537,68,1.4777777777777779,0
80,1469,973,medio,1,0,534,26,1.9444444444444444,0
80,1470,979,medio,1,0,526,147,0.23333333333333334,0
80,1470,981,medio,1,0,524,93,0.8333333333333334,0
80,1470,983,medio,1,0,522,57,1.2333333333333334,0
80,1470,985,medio,1,0,520,9,1.7666666666666666,0
80,1471,989,medio,1,0,435,84,0.0,0
80,1471,990,medio,1,0,434,49,0.3888888888888889,0
80,1471,991,medio,1,0,433,31,0.5888888888888889,0
80,1471,992,medio,1,0,432,28,0.6222222222222222,0
80,1472,996,medio,1,0,483,228,0.0,0
80,1472,1000,medio,1,0,479,124,1.1555555555555554,0
80,1472,1001,medio,1,0,478,93,1.5,0
80,1472,1002,medio,1,0,477,77,1.6777777777777778,0
80,1473,1013,medio,1,0,442,151,0.7444444444444445,0
80,1473,1014,medio,1,0,441,147,0.7888888888888889,0
80,1473,1016,medio,1,0,439,88,1.4444444444444444,0
80,1473,1017,medio,1,0,438,67,1.6777777777777778,0
80,1474,1024,medio,1,0,473,152,0.36666666666666664,0
80,1474,1025,medio,1,0,472,120,0.7222222222222222,0
80,1474,1026,medio,1,0,471,111,0.8222222222222222,0
80,1474,1027,medio,1,0,470,54,1.4555555555555555,0
80,1475,1033,medio,1,0,419,228,0.0,0
80,1475,1036,medio,1,0,416,166,0.6888888888888889,0
80,1475,1042,medio,1,0,410,39,2.1,0
80,1475,1044,medio,1,0,408,10,2.422222222222222,0
80,1476,1048,medio,1,0,559,114,0.0,0
80,1476,1049,medio,1,0,558,108,0.06666666666666667,0
80,1476,1054,medio,1,0,553,49,0.7222222222222222,0
80,1476,1058,medio,1,0,549,12,1.1333333333333333,0
80,1477,1061,medio,1,0,431,102,0.0,0
80,1477,1063,medio,1,0,429,85,0.18888888888888888,0
80,1477,1070,medio,1,0,422,28,0.8222222222222222,0
80,1477,1071,medio,1,0,421,3,1.1,0
80,1478,1076,medio,1,0,555,94,0.1111111111111111,0
80,1478,1078,medio,1,0,553,72,0.35555555555555557,0
80,1478,1083,medio,1,0,548,49,0.6111111111111112,0
80,1478,1086,medio,1,0,545,34,0.7777777777777778,0
80,1479,1098,medio,1,0,415,193,0.4222222222222222,0
80,1479,1104,medio,1,0,409,162,0.7666666666666667,0
80,1479,1113,medio,1,0,400,91,1.5555555555555556,0
80,1479,1117,medio,1,0,396,68,1.8111111111111111,0
80,1480,1131,medio,1,0,531,126,0.05555555555555555,0
80,1480,1134,medio,1,0,528,102,0.32222222222222224,0
80,1480,1137,medio,1,0,525,86,0.5,0
80,1480,1138,medio,1,0,524,83,0.5333333333333333,0
80,1481,1153,medio,1,0,556,175,0.0,0
80,1481,1158,medio,1,0,551,150,0.2777777777777778,0
80,1481,1159,medio,1,0,550,146,0.32222222222222224,0
80,1481,1168,medio,1,0,541,52,1.3666666666666667,0
80,1482,1181,medio,1,0,450,103,0.3888888888888889,0
80,1482,1182,medio,1,0,449,100,0.4222222222222222,0
80,1482,1184,medio,1,0,447,86,0.5777777777777777,0
80,1482,1190,medio,1,0,441,25,1.2555555555555555,0
80,1483,1197,medio,1,0,413,118,0.25555555555555554,0
80,1483,1200,medio,1,0,410,76,0.7222222222222222,0
80,1483,1206,medio,1,0,404,21,1.3333333333333333,0
80,1483,1207,medio,1,0,403,12,1.4333333333333333,0
81,1486,120,lento,1,1,26,2,0.17777777777777778,0
81,1486,121,lento,1,1,25,2,0.17777777777777778,0
81,1486,122,lento,1,1,24,2,0.17777777777777778,0
81,1486,123,lento,1,1,23,1,0.18888888888888888,0
81,1487,136,lento,1,1,51,24,0.06666666666666667,15
81,1487,155,lento,1,1,32,17,0.14444444444444443,15
81,1487,172,lento,1,1,15,16,0.15555555555555556,15
81,1487,184,lento,1,1,3,15,0.16666666666666666,15
81,1488,195,lento,1,1,84,42,0.0,26
81,1488,199,lento,1,1,80,42,0.0,26
81,1488,209,lento,1,1,70,41,0.011111111111111112,26
81,1488,238,lento,1,1,41,38,0.044444444444444446,26
81,1489,312,lento,1,1,60,46,0.044444444444444446,30
81,1489,324,lento,1,1,48,46,0.044444444444444446,30
81,1489,344,lento,1,1,28,42,0.08888888888888889,30
81,1489,369,lento,1,1,3,35,0.16666666666666666,30
81,1490,411,lento,1,1,42,23,0.24444444444444444,0
81,1490,415,lento,1,1,38,22,0.25555555555555554,0
81,1490,440,lento,1,1,13,4,0.45555555555555555,0
81,1490,446,lento,1,1,7,1,0.4888888888888889,0
81,1491,452,lento,1,1,72,36,0.044444444444444446,4
81,1491,478,lento,1,1,46,25,0.16666666666666666,4
81,1491,495,lento,1,1,29,14,0.28888888888888886,4
81,1491,501,lento,1,1,23,13,0.3,4
81,1492,530,lento,1,1,85,21,0.0,0
81,1492,544,lento,1,1,71,12,0.1,0
81,1492,546,lento,1,1,69,12,0.1,0
81,1492,559,lento,1,1,56,5,0.17777777777777778,0
81,1493,578,lento,1,1,68,52,0.0,34
81,1493,589,lento,1,1,57,49,0.03333333333333333,34
81,1493,590,lento,1,1,56,47,0.05555555555555555,34
81,1493,636,lento,1,1,10,35,0.18888888888888888,34
81,1494,658,lento,1,1,74,41,0.011111111111111112,28
81,1494,699,lento,1,1,33,35,0.07777777777777778,28
81,1494,715,lento,1,1,17,33,0.1,28
81,1494,724,lento,1,1,8,30,0.13333333333333333,28
81,1495,748,lento,1,1,63,38,0.03333333333333333,22
81,1495,759,lento,1,1,52,36,0.05555555555555555,22
81,1495,761,lento,1,1,50,36,0.05555555555555555,22
81,1495,779,lento,1,1,32,30,0.12222222222222222,22
81,1496,826,lento,1,1,66,23,0.044444444444444446,0
81,1496,833,lento,1,1,59,20,0.07777777777777778,0
81,1496,836,lento,1,1,56,20,0.07777777777777778,0
81,1496,884,lento,1,1,8,3,0.26666666666666666,0
81,1497,915,lento,1,1,47,28,0.1111111111111111,13
81,1497,938,lento,1,1,24,19,0.2111111111111111,13
81,1497,945,lento,1,1,17,16,0.24444444444444444,13
81,1497,962,lento,1,1,0,14,0.26666666666666666,13
81,1498,997,lento,1,1,40,43,0.06666666666666667,32
81,1498,1030,lento,1,1,7,33,0.17777777777777778,32
81,1498,1036,lento,1,1,1,32,0.18888888888888888,32
81,1498,1037,lento,1,1,0,32,0.18888888888888888,32
81,1499,1054,lento,1,1,77,28,0.022222222222222223,1
81,1499,1075,lento,1,1,56,23,0.07777777777777778,1
81,1499,1098,lento,1,1,33,10,0.2222222222222222,1
81,1499,1113,lento,1,1,18,5,0.2777777777777778,1
81,1500,1144,lento,1,1,55,48,0.03333333333333333,21
81,1500,1171,lento,1,1,28,37,0.15555555555555556,21
81,1500,1172,lento,1,1,27,37,0.15555555555555556,21
81,1500,1181,lento,1,1,18,33,0.2,21
82,1504,138,lento,0,0,392,6,0.2111111111111111,0
82,1504,140,lento,0,0,390,5,0.2222222222222222,0
82,1504,151,lento,0,0,379,3,0.24444444444444444,0
82,1504,153,lento,0,0,377,2,0.25555555555555554,0
82,1505,167,lento,0,0,385,16,0.044444444444444446,0
82,1505,208,lento,0,0,344,4,0.17777777777777778,0
82,1505,251,lento,0,0,301,4,0.16666666666666666,0
82,1505,270,lento,0,0,282,4,0.044444444444444446,0
82,1506,204,lento,0,0,319,24,0.12222222222222222,0
82,1506,238,lento,0,0,285,15,0.2222222222222222,0
82,1506,243,lento,0,0,280,15,0.2222222222222222,0
82,1506,266,lento,0,0,257,2,0.36666666666666664,0
82,1507,273,lento,0,0,423,27,0.0,0
82,1507,275,lento,0,0,421,27,0.0,0
82,1507,282,lento,0,0,414,24,0.03333333333333333,0
82,1507,303,lento,0,0,393,7,0.2222222222222222,0
82,1508,326,lento,0,0,378,11,0.022222222222222223,0
82,1508,341,lento,0,0,363,7,0.06666666666666667,0
82,1508,342,lento,0,0,362,7,0.06666666666666667,0
82,1508,352,lento,0,0,352,6,0.07777777777777778,0
82,1509,343,lento,0,0,347,17,0.0,0
82,1509,346,lento,0,0,344,16,0.011111111111111112,0
82,1509,360,lento,0,0,330,7,0.1111111111111111,0
82,1509,362,lento,0,0,328,7,0.1111111111111111,0
82,1510,405,lento,0,0,346,5,0.2222222222222222,0
82,1510,407,lento,0,0,344,5,0.2222222222222222,0
82,1510,429,lento,0,0,322,5,0.2222222222222222,0
82,1510,446,lento,0,0,305,5,0.2222222222222222,0
82,1511,405,lento,0,0,340,33,0.0,0
82,1511,414,lento,0,0,331,29,0.044444444444444446,0
82,1511,445,lento,0,0,300,15,0.2,0
82,1511,449,lento,0,0,296,13,0.2222222222222222,0
82,1512,481,lento,0,0,362,27,0.011111111111111112,0
82,1512,518,lento,0,0,325,7,0.23333333333333334,0
82,1512,522,lento,0,0,321,6,0.24444444444444444,0
82,1512,529,lento,0,0,314,4,0.26666666666666666,0
82,1513,542,lento,0,0,391,30,0.03333333333333333,0
82,1513,565,lento,0,0,368,27,0.06666666666666667,0
82,1513,575,lento,0,0,358,20,0.14444444444444443,0
82,1513,612,lento,0,0,321,7,0.28888888888888886,0
82,1514,611,lento,0,0,379,31,0.0,0
82,1514,658,lento,0,0,332,17,0.15555555555555556,0
82,1514,659,lento,0,0,331,16,0.16666666666666666,0
82,1514,691,lento,0,0,299,6,0.2777777777777778,0
82,1515,692,lento,0,0,356,21,0.0,0
82,1515,696,lento,0,0,352,21,0.0,0
82,1515,700,lento,0,0,348,21,0.0,0
82,1515,718,lento,0,0,330,18,0.03333333333333333,0
82,1516,750,lento,0,0,333,9,0.08888888888888889,0
82,1516,758,lento,0,0,325,4,0.14444444444444443,0
82,1516,767,lento,0,0,316,3,0.15555555555555556,0
82,1516,773,lento,0,0,310,2,0.16666666666666666,0
82,1517,772,lento,0,0,321,20,0.0,0
82,1517,777,lento,0,0,316,20,0.0,0
82,1517,791,lento,0,0,302,16,0.044444444444444446,0
82,1517,792,lento,0,0,301,15,0.05555555555555555,0
82,1518,835,lento,0,0,382,6,0.08888888888888889,0
82,1518,869,lento,0,0,348,6,0.08888888888888889,0
82,1518,872,lento,0,0,345,6,0.08888888888888889,0
82,1518,880,lento,0,0,337,6,0.08888888888888889,0
82,1519,842,lento,0,0,334,15,0.07777777777777778,0
82,1519,850,lento,0,0,326,9,0.14444444444444443,0
82,1519,866,lento,0,0,310,2,0.2222222222222222,0
82,1519,875,lento,0,0,301,1,0.23333333333333334,0
82,1520,883,lento,0,0,337,17,0.0,0
82,1520,902,lento,0,0,318,16,0.011111111111111112,0
82,1520,908,lento,0,0,312,16,0.011111111111111112,0
82,1520,923,lento,0,0,297,8,0.1,0
82,1521,943,lento,0,0,431,20,0.011111111111111112,0
82,1521,946,lento,0,0,428,20,0.011111111111111112,0
82,1521,971,lento,0,0,403,7,0.15555555555555556,0
82,1521,987,lento,0,0,387,3,0.2,0
82,1522,1002,lento,0,0,373,19,0.044444444444444446,0
82,1522,1004,lento,0,0,371,17,0.06666666666666667,0
82,1522,1013,lento,0,0,362,14,0.1,0
82,1522,1032,lento,0,0,343,3,0.2222222222222222,0
82,1523,1049,lento,0,0,387,29,0.0,0
82,1523,1061,lento,0,0,375,24,0.05555555555555555,0
82,1523,1075,lento,0,0,361,20,0.1,0
82,1523,1079,lento,0,0,357,17,0.13333333333333333,0
82,1525,1150,lento,0,0,364,13,0.011111111111111112,0
82,1525,1167,lento,0,0,347,12,0.022222222222222223,0
82,1525,1178,lento,0,0,336,7,0.07777777777777778,0
82,1525,1190,lento,0,0,324,3,0.12222222222222222,0
83,1529,134,medio,0,1,65,222,0.5444444444444444,76
83,1529,156,medio,0,1,43,178,1.0333333333333334,76
83,1529,171,medio,0,1,28,141,1.4444444444444444,76
83,1529,192,medio,0,1,7,93,1.9777777777777779,76
83,1530,223,medio,0,1,82,205,0.34444444444444444,0
83,1530,225,medio,0,1,80,201,0.3888888888888889,0
83,1530,255,medio,0,1,50,113,1.3666666666666667,0
83,1530,267,medio,0,1,38,85,1.6777777777777778,0
83,1531,298,medio,0,1,94,98,0.06666666666666667,0
83,1531,310,medio,0,1,82,60,0.4888888888888889,0
83,1531,315,medio,0,1,77,47,0.6333333333333333,0
83,1531,328,medio,0,1,64,3,1.1222222222222222,0
83,1532,333,medio,0,1,82,303,0.05555555555555555,97
83,1532,370,medio,0,1,45,200,1.2,97
83,1532,373,medio,0,1,42,194,1.2666666666666666,97
83,1532,393,medio,0,1,22,158,1.6666666666666667,97
83,1533,423,medio,0,1,81,190,0.0,24
83,1533,431,medio,0,1,73,178,0.13333333333333333,24
83,1533,448,medio,0,1,56,152,0.4222222222222222,24
83,1533,471,medio,0,1,33,105,0.9444444444444444,24
83,1534,511,medio,0,1,79,106,0.011111111111111112,0
83,1534,513,medio,0,1,77,100,0.07777777777777778,0
83,1534,518,medio,0,1,72,88,0.2111111111111111,0
83,1534,531,medio,0,1,59,53,0.6,0
83,1535,563,medio,0,1,86,190,0.2111111111111111,0
83,1535,572,medio,0,1,77,162,0.5222222222222223,0
83,1535,587,medio,0,1,62,122,0.9666666666666667,0
83,1535,632,medio,0,1,17,25,2.0444444444444443,0
83,1536,645,medio,0,1,74,201,0.12222222222222222,49
83,1536,676,medio,0,1,43,130,0.9111111111111111,49
83,1536,677,medio,0,1,42,128,0.9333333333333333,49
83,1536,714,medio,0,1,5,60,1.6888888888888889,49
83,1537,738,medio,0,1,74,290,0.14444444444444443,167
83,1537,772,medio,0,1,40,237,0.7333333333333333,167
83,1537,806,medio,0,1,6,187,1.288888888888889,167
83,1537,810,medio,0,1,2,176,1.4111111111111112,167
83,1538,841,medio,0,1,55,242,0.4,161
83,1538,847,medio,0,1,49,232,0.5111111111111111,161
83,1538,860,medio,0,1,36,205,0.8111111111111111,161
83,1538,868,medio,0,1,28,188,1.0,161
83,1539,916,medio,0,1,80,154,0.2111111111111111,30
83,1539,922,medio,0,1,74,147,0.28888888888888886,30
83,1539,942,medio,0,1,54,111,0.6888888888888889,30
83,1539,992,medio,0,1,4,32,1.5666666666666667,30
83,1540,1017,medio,0,1,67,235,0.34444444444444444,70
83,1540,1058,medio,0,1,26,129,1.5222222222222221,70
83,1540,1063,medio,0,1,21,119,1.6333333333333333,70
83,1540,1077,medio,0,1,7,84,2.022222222222222,70
83,1541,1129,medio,0,1,46,190,1.0333333333333334,70
83,1541,1136,medio,0,1,39,164,1.3222222222222222,70
83,1541,1153,medio,0,1,22,122,1.788888888888889,70
83,1541,1162,medio,0,1,13,106,1.9666666666666666,70
84,1546,157,lento,0,0,412,4,0.17777777777777778,0
84,1546,170,lento,0,0,399,3,0.18888888888888888,0
84,1546,174,lento,0,0,395,3,0.18888888888888888,0
84,1546,200,lento,0,0,369,3,0.17777777777777778,0
84,1547,170,lento,0,0,367,9,0.022222222222222223,0
84,1547,198,lento,0,0,339,3,0.08888888888888889,0
84,1547,211,lento,0,0,326,2,0.1,0
84,1547,226,lento,0,0,311,1,0.1111111111111111,0
84,1548,235,lento,0,0,466,9,0.0,0
84,1548,239,lento,0,0,462,9,0.0,0
84,1548,256,lento,0,0,445,4,0.05555555555555555,0
84,1548,260,lento,0,0,441,1,0.08888888888888889,0
84,1549,254,lento,0,0,468,18,0.0,0
84,1549,256,lento,0,0,466,18,0.0,0
84,1549,283,lento,0,0,439,16,0.022222222222222223,0
84,1549,323,lento,0,0,399,3,0.16666666666666666,0
84,1550,326,lento,0,0,468,16,0.0,0
84,1550,327,lento,0,0,467,16,0.0,0
84,1550,340,lento,0,0,454,14,0.022222222222222223,0
84,1550,368,lento,0,0,426,3,0.14444444444444443,0
84,1551,370,lento,0,0,446,11,0.0,0
84,1551,402,lento,0,0,414,3,0.08888888888888889,0
84,1551,407,lento,0,0,409,3,0.08888888888888889,0
84,1551,416,lento,0,0,400,1,0.1111111111111111,0
84,1552,429,lento,0,0,415,15,0.044444444444444446,0
84,1552,449,lento,0,0,395,9,0.1111111111111111,0
84,1552,454,lento,0,0,390,7,0.13333333333333333,0
84,1552,459,lento,0,0,385,4,0.16666666666666666,0
84,1553,482,lento,0,0,441,14,0.03333333333333333,0
84,1553,485,lento,0,0,438,14,0.03333333333333333,0
84,1553,498,lento,0,0,425,11,0.06666666666666667,0
84,1553,499,lento,0,0,424,11,0.06666666666666667,0
84,1554,530,lento,0,0,395,21,0.07777777777777778,0
84,1554,537,lento,0,0,388,20,0.08888888888888889,0
84,1554,540,lento,0,0,385,20,0.08888888888888889,0
84,1554,574,lento,0,0,351,4,0.26666666666666666,0
84,1555,577,lento,0,0,409,11,0.0,0
84,1555,582,lento,0,0,404,9,0.022222222222222223,0
84,1555,591,lento,0,0,395,8,0.03333333333333333,0
84,1555,599,lento,0,0,387,2,0.1,0
84,1556,600,lento,0,0,417,10,0.0,0
84,1556,625,lento,0,0,392,1,0.1,0
84,1556,627,lento,0,0,390,1,0.1,0
84,1556,651,lento,0,0,366,1,0.1,0
84,1557,614,lento,0,0,384,23,0.0,0
84,1557,615,lento,0,0,383,23,0.0,0
84,1557,621,lento,0,0,377,19,0.044444444444444446,0
84,1557,637,lento,0,0,361,11,0.13333333333333333,0
84,1558,648,lento,0,0,379,15,0.0,0
84,1558,663,lento,0,0,364,15,0.0,0
84,1558,673,lento,0,0,354,8,0.07777777777777778,0
84,1558,686,lento,0,0,341,2,0.14444444444444443,0
84,1559,701,lento,0,0,421,10,0.06666666666666667,0
84,1559,702,lento,0,0,420,9,0.07777777777777778,0
84,1559,711,lento,0,0,411,7,0.1,0
84,1559,720,lento,0,0,402,5,0.12222222222222222,0
84,1560,765,lento,0,0,392,8,0.2222222222222222,0
84,1560,767,lento,0,0,390,7,0.23333333333333334,0
84,1560,787,lento,0,0,370,4,0.26666666666666666,0
84,1560,824,lento,0,0,333,2,0.23333333333333334,0
84,1561,779,lento,0,0,376,13,0.011111111111111112,0
84,1561,793,lento,0,0,362,11,0.03333333333333333,0
84,1561,797,lento,0,0,358,9,0.05555555555555555,0
84,1561,800,lento,0,0,355,8,0.06666666666666667,0
84,1562,831,lento,0,0,452,21,0.0,0
84,1562,836,lento,0,0,447,15,0.06666666666666667,0
84,1562,845,lento,0,0,438,13,0.08888888888888889,0
84,1562,853,lento,0,0,430,12,0.1,0
84,1563,890,lento,0,0,423,28,0.0,0
84,1563,913,lento,0,0,400,22,0.06666666666666667,0
84,1563,935,lento,0,0,378,12,0.17777777777777778,0
84,1563,947,lento,0,0,366,4,0.26666666666666666,0
84,1564,1011,lento,0,0,393,9,0.1111111111111111,0
84,1564,1021,lento,0,0,383,6,0.14444444444444443,0
84,1564,1057,lento,0,0,347,3,0.17777777777777778,0
84,1564,1071,lento,0,0,333,3,0.14444444444444443,0
84,1565,1067,lento,0,0,334,5,0.05555555555555555,0
84,1565,1070,lento,0,0,331,5,0.05555555555555555,0
84,1565,1071,lento,0,0,330,5,0.05555555555555555,0
84,1565,1073,lento,0,0,328,4,0.06666666666666667,0
85,1569,148,medio,0,1,139,104,0.6222222222222222,0
85,1569,193,medio,0,1,94,52,1.2,0
85,1569,196,medio,0,1,91,49,1.211111111111111,0
85,1569,198,medio,0,1,89,46,1.1888888888888889,0
85,1570,232,medio,0,1,188,94,0.0,0
85,1570,256,medio,0,1,164,68,0.28888888888888886,0
85,1570,268,medio,0,1,152,46,0.5333333333333333,0
85,1570,295,medio,0,1,125,14,0.8888888888888888,0
85,1571,318,medio,0,1,175,98,0.17777777777777778,0
85,1571,405,medio,0,1,88,29,0.8,0
85,1571,424,medio,0,1,69,14,0.7333333333333333,0
85,1571,426,medio,0,1,67,12,0.7444444444444445,0
85,1572,429,medio,0,1,146,74,0.0,0
85,1572,475,medio,0,1,100,43,0.34444444444444444,0
85,1572,502,medio,0,1,73,20,0.6,0
85,1572,508,medio,0,1,67,12,0.6888888888888889,0
85,1573,522,medio,0,1,157,71,0.06666666666666667,0
85,1573,525,medio,0,1,154,68,0.1,0
85,1573,565,medio,0,1,114,35,0.4666666666666667,0
85,1573,579,medio,0,1,100,24,0.5888888888888889,0
85,1574,638,medio,0,1,115,113,0.2,34
85,1574,652,medio,0,1,101,104,0.3,34
85,1574,688,medio,0,1,65,78,0.5888888888888889,34
85,1574,703,medio,0,1,50,69,0.6777777777777778,34
85,1575,806,medio,0,1,137,84,0.3111111111111111,8
85,1575,811,medio,0,1,132,82,0.3333333333333333,8
85,1575,837,medio,0,1,106,66,0.5111111111111111,8
85,1575,922,medio,0,1,21,24,0.5,8
85,1576,954,medio,0,1,152,88,0.07777777777777778,0
85,1576,978,medio,0,1,128,79,0.17777777777777778,0
85,1576,1045,medio,0,1,61,38,0.5555555555555556,0
85,1576,1075,medio,0,1,31,1,0.8222222222222222,0
86,1581,121,lento,0,0,534,3,0.022222222222222223,0
86,1581,129,lento,0,0,526,3,0.022222222222222223,0
86,1581,137,lento,0,0,518,2,0.03333333333333333,0
86,1581,229,lento,0,0,426,1,0.011111111111111112,0
86,1582,176,lento,0,0,446,4,0.0,0
86,1582,190,lento,0,0,432,4,0.0,0
86,1582,205,lento,0,0,417,3,0.011111111111111112,0
86,1582,218,lento,0,0,404,3,0.011111111111111112,0
86,1583,236,lento,0,0,476,2,0.0,0
86,1583,239,lento,0,0,473,2,0.0,0
86,1583,240,lento,0,0,472,2,0.0,0
86,1583,270,lento,0,0,442,1,0.011111111111111112,0
86,1584,270,lento,0,0,506,5,0.0,0
86,1584,284,lento,0,0,492,2,0.03333333333333333,0
86,1584,289,lento,0,0,487,2,0.03333333333333333,0
86,1584,303,lento,0,0,473,2,0.03333333333333333,0
86,1585,322,lento,0,0,527,5,0.0,0
86,1585,342,lento,0,0,507,4,0.011111111111111112,0
86,1585,361,lento,0,0,488,1,0.044444444444444446,0
86,1585,393,lento,0,0,456,1,0.044444444444444446,0
86,1586,359,lento,0,0,448,3,0.0,0
86,1586,365,lento,0,0,442,3,0.0,0
86,1586,405,lento,0,0,402,2,0.011111111111111112,0
86,1586,418,lento,0,0,389,1,0.022222222222222223,0
86,1587,433,lento,0,0,477,5,0.0,0
86,1587,452,lento,0,0,458,3,0.022222222222222223,0
86,1587,462,lento,0,0,448,3,0.022222222222222223,0
86,1587,467,lento,0,0,443,3,0.022222222222222223,0
86,1588,487,lento,0,0,550,3,0.0,0
86,1588,491,lento,0,0,546,3,0.0,0
86,1588,495,lento,0,0,542,3,0.0,0
86,1588,498,lento,0,0,539,1,0.022222222222222223,0
86,1589,512,lento,0,0,576,4,0.022222222222222223,0
86,1589,513,lento,0,0,575,4,0.022222222222222223,0
86,1589,519,lento,0,0,569,4,0.022222222222222223,0
86,1589,520,lento,0,0,568,4,0.022222222222222223,0
86,1590,560,lento,0,0,528,3,0.03333333333333333,0
86,1590,576,lento,0,0,512,1,0.05555555555555555,0
86,1590,578,lento,0,0,510,1,0.05555555555555555,0
86,1590,579,lento,0,0,509,1,0.05555555555555555,0
86,1591,575,lento,0,0,537,5,0.0,0
86,1591,597,lento,0,0,515,2,0.03333333333333333,0
86,1591,598,lento,0,0,514,2,0.03333333333333333,0
86,1591,599,lento,0,0,513,2,0.03333333333333333,0
86,1592,608,lento,0,0,553,2,0.0,0
86,1592,609,lento,0,0,552,1,0.011111111111111112,0
86,1592,610,lento,0,0,551,1,0.011111111111111112,0
86,1593,617,lento,0,0,461,4,0.0,0
86,1593,624,lento,0,0,454,4,0.0,0
86,1593,632,lento,0,0,446,4,0.0,0
86,1593,659,lento,0,0,419,2,0.022222222222222223,0
86,1594,667,lento,0,0,528,4,0.0,0
86,1594,669,lento,0,0,526,4,0.0,0
86,1594,677,lento,0,0,518,1,0.03333333333333333,0
86,1594,678,lento,0,0,517,1,0.03333333333333333,0
86,1595,680,lento,0,0,460,4,0.0,0
86,1595,684,lento,0,0,456,3,0.011111111111111112,0
86,1595,685,lento,0,0,455,3,0.011111111111111112,0
86,1595,686,lento,0,0,454,3,0.011111111111111112,0
86,1596,699,lento,0,0,455,4,0.011111111111111112,0
86,1596,701,lento,0,0,453,4,0.011111111111111112,0
86,1596,704,lento,0,0,450,3,0.022222222222222223,0
86,1596,705,lento,0,0,449,3,0.022222222222222223,0
86,1597,721,lento,0,0,509,2,0.0,0
86,1598,733,lento,0,0,539,4,0.022222222222222223,0
86,1598,736,lento,0,0,536,4,0.022222222222222223,0
86,1598,747,lento,0,0,525,1,0.05555555555555555,0
86,1598,748,lento,0,0,524,1,0.05555555555555555,0
86,1599,749,lento,0,0,578,5,0.0,0
86,1599,757,lento,0,0,570,2,0.03333333333333333,0
86,1599,767,lento,0,0,560,1,0.044444444444444446,0
86,1599,771,lento,0,0,556,1,0.044444444444444446,0
86,1600,773,lento,0,0,551,1,0.022222222222222223,0
86,1600,777,lento,0,0,547,1,0.022222222222222223,0
86,1600,778,lento,0,0,546,1,0.022222222222222223,0
86,1600,783,lento,0,0,541,1,0.022222222222222223,0
86,1601,792,lento,0,0,555,6,0.0,0
86,1601,811,lento,0,0,536,3,0.03333333333333333,0
86,1601,812,lento,0,0,535,3,0.03333333333333333,0
86,1601,820,lento,0,0,527,2,0.044444444444444446,0
86,1602,837,lento,0,0,568,3,0.0,0
86,1602,861,lento,0,0,544,3,0.0,0
86,1602,865,lento,0,0,540,3,0.0,0
86,1602,870,lento,0,0,535,2,0.011111111111111112,0
86,1603,883,lento,0,0,487,4,0.0,0
86,1603,885,lento,0,0,485,4,0.0,0
86,1603,888,lento,0,0,482,3,0.011111111111111112,0
86,1603,889,lento,0,0,481,3,0.011111111111111112,0
86,1604,897,lento,0,0,552,2,0.0,0
86,1604,898,lento,0,0,551,2,0.0,0
86,1604,899,lento,0,0,550,1,0.011111111111111112,0
86,1604,900,lento,0,0,549,1,0.011111111111111112,0
86,1605,911,lento,0,0,489,4,0.011111111111111112,0
86,1605,913,lento,0,0,487,4,0.011111111111111112,0
86,1605,917,lento,0,0,483,4,0.011111111111111112,0
86,1605,932,lento,0,0,468,3,0.022222222222222223,0
86,1606,965,lento,0,0,429,5,0.0,0
86,1606,972,lento,0,0,422,5,0.0,0
86,1606,996,lento,0,0,398,2,0.03333333333333333,0
86,1606,998,lento,0,0,396,1,0.044444444444444446,0
86,1607,1007,lento,0,0,577,4,0.0,0
86,1607,1009,lento,0,0,575,4,0.0,0
86,1607,1019,lento,0,0,565,4,0.0,0
86,1607,1037,lento,0,0,547,2,0.022222222222222223,0
86,1608,1055,lento,0,0,499,5,0.0,0
86,1608,1056,lento,0,0,498,5,0.0,0
86,1608,1057,lento,0,0,497,5,0.0,0
86,1608,1095,lento,0,0,459,1,0.044444444444444446,0
86,1609,1103,lento,0,0,526,5,0.0,0
86,1609,1107,lento,0,0,522,5,0.0,0
86,1609,1113,lento,0,0,516,5,0.0,0
86,1609,1130,lento,0,0,499,4,0.011111111111111112,0
87,1611,120,lento,0,1,63,4,0.36666666666666664,0
87,1611,121,lento,0,1,62,4,0.35555555555555557,0
87,1611,124,lento,0,1,59,3,0.35555555555555557,0
87,1611,125,lento,0,1,58,2,0.36666666666666664,0
87,1612,131,lento,0,1,142,59,0.03333333333333333,8
87,1612,160,lento,0,1,113,53,0.1,8
87,1612,230,lento,0,1,43,24,0.36666666666666664,8
87,1612,265,lento,0,1,8,11,0.37777777777777777,8
87,1613,278,lento,0,1,158,74,0.0,20
87,1613,311,lento,0,1,125,69,0.05555555555555555,20
87,1613,328,lento,0,1,108,64,0.1111111111111111,20
87,1613,397,lento,0,1,39,35,0.4,20
87,1614,466,lento,0,1,116,70,0.07777777777777778,15
87,1614,477,lento,0,1,105,66,0.12222222222222222,15
87,1614,502,lento,0,1,80,58,0.2111111111111111,15
87,1614,561,lento,0,1,21,26,0.45555555555555555,15
87,1615,596,lento,0,1,157,39,0.0,0
87,1615,597,lento,0,1,156,39,0.0,0
87,1615,642,lento,0,1,111,15,0.26666666666666666,0
87,1615,644,lento,0,1,109,15,0.26666666666666666,0
87,1616,665,lento,0,1,166,76,0.0,0
87,1616,667,lento,0,1,164,76,0.0,0
87,1616,710,lento,0,1,121,46,0.3333333333333333,0
87,1616,749,lento,0,1,82,26,0.5555555555555556,0
87,1617,799,lento,0,1,142,41,0.011111111111111112,0
87,1617,806,lento,0,1,135,36,0.06666666666666667,0
87,1617,856,lento,0,1,85,6,0.4,0
87,1617,859,lento,0,1,82,6,0.4,0
87,1618,871,lento,0,1,143,31,0.03333333333333333,0
87,1618,875,lento,0,1,139,30,0.044444444444444446,0
87,1618,924,lento,0,1,90,1,0.36666666666666664,0
87,1618,927,lento,0,1,87,1,0.36666666666666664,0
87,1619,922,lento,0,1,145,67,0.0,0
87,1619,938,lento,0,1,129,58,0.1,0
87,1619,940,lento,0,1,127,58,0.1,0
87,1619,942,lento,0,1,125,58,0.1,0
87,1620,1064,lento,0,1,155,60,0.15555555555555556,0
87,1620,1073,lento,0,1,146,51,0.25555555555555554,0
87,1620,1087,lento,0,1,132,41,0.36666666666666664,0
87,1620,1145,lento,0,1,74,8,0.6333333333333333,0
88,1623,125,medio,0,0,492,21,0.6,0
88,1623,126,medio,0,0,491,20,0.6111111111111112,0
88,1623,131,medio,0,0,486,12,0.7,0
88,1623,136,medio,0,0,481,9,0.7333333333333333,0
88,1624,162,medio,0,0,602,71,0.16666666666666666,0
88,1624,171,medio,0,0,593,62,0.26666666666666666,0
88,1624,213,medio,0,0,551,24,0.6888888888888889,0
88,1624,225,medio,0,0,539,14,0.8,0
88,1625,273,medio,0,0,652,12,0.24444444444444444,0
88,1625,285,medio,0,0,640,12,0.24444444444444444,0
88,1625,293,medio,0,0,632,12,0.24444444444444444,0
88,1625,306,medio,0,0,619,12,0.24444444444444444,0
88,1626,274,medio,0,0,543,32,0.06666666666666667,0
88,1626,278,medio,0,0,539,24,0.15555555555555556,0
88,1626,290,medio,0,0,527,12,0.28888888888888886,0
88,1626,303,medio,0,0,514,1,0.4111111111111111,0
88,1627,310,medio,0,0,692,65,0.0,0
88,1627,363,medio,0,0,639,16,0.5444444444444444,0
88,1627,376,medio,0,0,626,7,0.6444444444444445,0
88,1627,421,medio,0,0,581,7,0.45555555555555555,0
88,1628,396,medio,0,0,545,54,0.15555555555555556,0
88,1628,397,medio,0,0,544,53,0.16666666666666666,0
88,1628,418,medio,0,0,523,41,0.3,0
88,1628,450,medio,0,0,491,11,0.6333333333333333,0
88,1629,478,medio,0,0,603,27,0.05555555555555555,0
88,1629,481,medio,0,0,600,25,0.07777777777777778,0
88,1629,487,medio,0,0,594,21,0.12222222222222222,0
88,1629,501,medio,0,0,580,5,0.3,0
88,1630,519,medio,0,0,670,58,0.08888888888888889,0
88,1630,536,medio,0,0,653,43,0.25555555555555554,0
88,1630,550,medio,0,0,639,24,0.4666666666666667,0
88,1630,551,medio,0,0,638,21,0.5,0
88,1631,570,medio,0,0,667,35,0.0,0
88,1631,589,medio,0,0,648,15,0.2222222222222222,0
88,1631,610,medio,0,0,627,15,0.2222222222222222,0
88,1631,673,medio,0,0,564,10,0.06666666666666667,0
88,1632,598,medio,0,0,552,33,0.16666666666666666,0
88,1632,620,medio,0,0,530,16,0.35555555555555557,0
88,1632,630,medio,0,0,520,4,0.4888888888888889,0
88,1632,631,medio,0,0,519,2,0.5111111111111111,0
88,1633,644,medio,0,0,544,50,0.08888888888888889,0
88,1633,652,medio,0,0,536,49,0.1,0
88,1633,668,medio,0,0,520,21,0.4111111111111111,0
88,1633,686,medio,0,0,502,3,0.6111111111111112,0
88,1634,713,medio,0,0,620,38,0.24444444444444444,0
88,1634,715,medio,0,0,618,35,0.2777777777777778,0
88,1634,739,medio,0,0,594,8,0.5777777777777777,0
88,1634,779,medio,0,0,554,8,0.5777777777777777,0
88,1635,740,medio,0,0,541,80,0.03333333333333333,0
88,1635,744,medio,0,0,537,73,0.1111111111111111,0
88,1635,767,medio,0,0,514,49,0.37777777777777777,0
88,1635,774,medio,0,0,507,42,0.45555555555555555,0
88,1636,861,medio,0,0,540,34,0.4444444444444444,0
88,1636,866,medio,0,0,535,31,0.4777777777777778,0
88,1636,883,medio,0,0,518,11,0.7,0
88,1636,892,medio,0,0,509,6,0.7555555555555555,0
88,1637,953,medio,0,0,632,6,0.32222222222222224,0
88,1637,963,medio,0,0,622,6,0.32222222222222224,0
88,1637,967,medio,0,0,618,6,0.32222222222222224,0
88,1637,983,medio,0,0,602,6,0.32222222222222224,0
88,1638,931,medio,0,0,594,58,0.24444444444444444,0
88,1638,933,medio,0,0,592,56,0.26666666666666666,0
88,1638,952,medio,0,0,573,33,0.5222222222222223,0
88,1638,965,medio,0,0,560,21,0.6555555555555556,0
88,1639,1032,medio,0,0,621,23,0.6,0
88,1639,1045,medio,0,0,608,12,0.7222222222222222,0
88,1639,1069,medio,0,0,584,12,0.7222222222222222,0
88,1639,1095,medio,0,0,558,12,0.5444444444444444,0
88,1640,1049,medio,0,0,529,63,0.07777777777777778,0
88,1640,1074,medio,0,0,504,32,0.4222222222222222,0
88,1640,1075,medio,0,0,503,31,0.43333333333333335,0
88,1640,1079,medio,0,0,499,27,0.4777777777777778,0
88,1642,1165,medio,0,0,547,51,0.011111111111111112,0
88,1642,1182,medio,0,0,530,29,0.25555555555555554,0
88,1642,1184,medio,0,0,528,28,0.26666666666666666,0
88,1642,1188,medio,0,0,524,21,0.34444444444444444,0
89,1645,124,rapido,1,1,55,951,1.3111111111111111,729
89,1645,144,rapido,1,1,35,884,2.0555555555555554,729
89,1645,151,rapido,1,1,28,853,2.4,729
89,1645,179,rapido,1,1,0,734,3.7222222222222223,729
89,1646,190,rapido,1,1,82,1050,0.25555555555555554,594
89,1646,226,rapido,1,1,46,875,2.2,594
89,1646,227,rapido,1,1,45,857,2.4,594
89,1646,234,rapido,1,1,38,818,2.8333333333333335,594
89,1647,286,rapido,1,1,76,395,0.8555555555555555,0
89,1647,297,rapido,1,1,65,314,1.7555555555555555,0
89,1647,317,rapido,1,1,45,137,3.7222222222222223,0
89,1647,318,rapido,1,1,44,128,3.8222222222222224,0
89,1648,335,rapido,1,1,84,402,0.5222222222222223,0
89,1648,344,rapido,1,1,75,323,1.4,0
89,1648,356,rapido,1,1,63,216,2.588888888888889,0
89,1648,363,rapido,1,1,56,150,3.3222222222222224,0
89,1649,385,rapido,1,1,80,1172,0.06666666666666667,622
89,1649,405,rapido,1,1,60,1011,1.8555555555555556,622
89,1649,412,rapido,1,1,53,975,2.2555555555555555,622
89,1649,424,rapido,1,1,41,921,2.8555555555555556,622
89,1650,524,rapido,1,1,31,413,3.3444444444444446,242
89,1650,534,rapido,1,1,21,360,3.933333333333333,242
89,1650,543,rapido,1,1,12,312,4.466666666666667,242
89,1650,544,rapido,1,1,11,305,4.544444444444444,242
89,1651,562,rapido,1,1,86,596,0.3333333333333333,56
89,1651,624,rapido,1,1,24,249,4.188888888888889,56
89,1651,627,rapido,1,1,21,213,4.588888888888889,56
89,1651,641,rapido,1,1,7,115,5.677777777777778,56
89,1652,668,rapido,1,1,66,780,1.1222222222222222,339
89,1652,684,rapido,1,1,50,694,2.077777777777778,339
89,1652,708,rapido,1,1,26,519,4.022222222222222,339
89,1652,733,rapido,1,1,1,351,5.888888888888889,339
89,1653,743,rapido,1,1,84,563,0.23333333333333334,136
89,1653,750,rapido,1,1,77,523,0.6777777777777778,136
89,1653,753,rapido,1,1,74,512,0.8,136
89,1653,768,rapido,1,1,59,432,1.6888888888888889,136
89,1654,845,rapido,1,1,94,867,0.5333333333333333,621
89,1654,883,rapido,1,1,56,770,1.6111111111111112,621
89,1654,889,rapido,1,1,50,751,1.8222222222222222,621
89,1654,911,rapido,1,1,28,689,2.511111111111111,621
89,1655,979,rapido,1,1,60,765,1.1,446
89,1655,1004,rapido,1,1,35,641,2.477777777777778,446
89,1655,1008,rapido,1,1,31,619,2.7222222222222223,446
89,1655,1036,rapido,1,1,3,463,4.322222222222222,446
89,1656,1064,rapido,1,1,78,989,1.3555555555555556,627
89,1656,1081,rapido,1,1,61,878,2.588888888888889,627
89,1656,1111,rapido,1,1,31,730,4.233333333333333,627
89,1656,1112,rapido,1,1,30,727,4.266666666666667,627
90,1658,120,medio,0,0,395,6,0.28888888888888886,0
90,1658,123,medio,0,0,392,2,0.3,0
90,1658,124,medio,0,0,391,2,0.3,0
90,1658,126,medio,0,0,389,2,0.24444444444444444,0
90,1659,120,medio,0,0,341,1,0.5888888888888889,0
90,1660,131,medio,0,0,495,26,0.044444444444444446,0
90,1660,135,medio,0,0,491,22,0.08888888888888889,0
90,1660,167,medio,0,0,459,7,0.25555555555555554,0
90,1660,224,medio,0,0,402,7,0.16666666666666666,0
90,1661,164,medio,0,0,394,27,0.12222222222222222,0
90,1661,168,medio,0,0,390,19,0.2111111111111111,0
90,1661,204,medio,0,0,354,2,0.4,0
90,1661,208,medio,0,0,350,1,0.4111111111111111,0
90,1662,242,medio,0,0,380,39,0.15555555555555556,0
90,1662,243,medio,0,0,379,38,0.16666666666666666,0
90,1662,252,medio,0,0,370,31,0.24444444444444444,0
90,1662,271,medio,0,0,351,15,0.4222222222222222,0
90,1663,325,medio,0,0,455,31,0.37777777777777777,0
90,1663,334,medio,0,0,446,22,0.4777777777777778,0
90,1663,351,medio,0,0,429,4,0.6777777777777778,0
90,1663,402,medio,0,0,378,4,0.45555555555555555,0
90,1664,362,medio,0,0,382,52,0.14444444444444443,0
90,1664,384,medio,0,0,360,39,0.28888888888888886,0
90,1664,406,medio,0,0,338,15,0.5555555555555556,0
90,1664,411,medio,0,0,333,9,0.6222222222222222,0
90,1665,419,medio,0,0,527,62,0.0,0
90,1665,428,medio,0,0,518,46,0.17777777777777778,0
90,1665,482,medio,0,0,464,6,0.6222222222222222,0
90,1665,486,medio,0,0,460,6,0.6222222222222222,0
90,1666,466,medio,0,0,455,40,0.03333333333333333,0
90,1666,478,medio,0,0,443,20,0.25555555555555554,0
90,1666,480,medio,0,0,441,18,0.2777777777777778,0
90,1666,484,medio,0,0,437,14,0.32222222222222224,0
90,1667,504,medio,0,0,515,35,0.044444444444444446,0
90,1667,505,medio,0,0,514,35,0.044444444444444446,0
90,1667,547,medio,0,0,472,8,0.34444444444444444,0
90,1667,557,medio,0,0,462,8,0.34444444444444444,0
90,1668,534,medio,0,0,409,51,0.1111111111111111,0
90,1668,541,medio,0,0,402,42,0.2111111111111111,0
90,1668,543,medio,0,0,400,39,0.24444444444444444,0
90,1668,554,medio,0,0,389,27,0.37777777777777777,0
90,1669,595,medio,0,0,420,31,0.15555555555555556,0
90,1669,598,medio,0,0,417,29,0.17777777777777778,0
90,1669,604,medio,0,0,411,23,0.24444444444444444,0
90,1669,621,medio,0,0,394,10,0.3888888888888889,0
90,1670,634,medio,0,0,391,38,0.0,0
90,1670,647,medio,0,0,378,28,0.1111111111111111,0
90,1670,653,medio,0,0,372,22,0.17777777777777778,0
90,1670,655,medio,0,0,370,20,0.2,0
90,1671,693,medio,0,0,372,30,0.13333333333333333,0
90,1671,700,medio,0,0,365,27,0.16666666666666666,0
90,1671,710,medio,0,0,355,17,0.2777777777777778,0
90,1671,716,medio,0,0,349,4,0.4222222222222222,0
90,1672,717,medio,0,0,440,60,0.0,0
90,1672,724,medio,0,0,433,58,0.022222222222222223,0
90,1672,733,medio,0,0,424,50,0.1111111111111111,0
90,1672,746,medio,0,0,411,41,0.2111111111111111,0
90,1673,804,medio,0,0,489,45,0.07777777777777778,0
90,1673,811,medio,0,0,482,36,0.17777777777777778,0
90,1673,821,medio,0,0,472,23,0.32222222222222224,0
90,1673,827,medio,0,0,466,21,0.34444444444444444,0
90,1674,855,medio,0,0,405,48,0.08888888888888889,0
90,1674,871,medio,0,0,389,36,0.2222222222222222,0
90,1674,895,medio,0,0,365,16,0.4444444444444444,0
90,1674,904,medio,0,0,356,2,0.6,0
90,1675,913,medio,0,0,414,36,0.1,0
90,1675,934,medio,0,0,393,24,0.23333333333333334,0
90,1675,940,medio,0,0,387,20,0.2777777777777778,0
90,1675,963,medio,0,0,364,7,0.4222222222222222,0
90,1676,968,medio,0,0,421,36,0.0,0
90,1676,975,medio,0,0,414,33,0.03333333333333333,0
90,1676,976,medio,0,0,413,30,0.06666666666666667,0
90,1676,990,medio,0,0,399,20,0.17777777777777778,0
90,1677,1001,medio,0,0,436,27,0.0,0
90,1677,1004,medio,0,0,433,27,0.0,0
90,1677,1010,medio,0,0,427,27,0.0,0
90,1677,1038,medio,0,0,399,4,0.25555555555555554,0
90,1678,1035,medio,0,0,442,66,0.0,0
90,1678,1044,medio,0,0,433,66,0.0,0
90,1678,1067,medio,0,0,410,44,0.24444444444444444,0
90,1678,1104,medio,0,0,373,16,0.5555555555555556,0
90,1679,1127,medio,0,0,387,15,0.14444444444444443,0
90,1679,1129,medio,0,0,385,12,0.17777777777777778,0
90,1679,1138,medio,0,0,376,2,0.28888888888888886,0
90,1679,1139,medio,0,0,375,1,0.3,0
90,1680,1139,medio,0,0,455,63,0.0,0
90,1680,1149,medio,0,0,445,56,0.07777777777777778,0
90,1680,1185,medio,0,0,409,27,0.4,0
90,1680,1193,medio,0,0,401,20,0.4777777777777778,0
91,1682,124,lento,1,0,93,4,0.28888888888888886,0
91,1682,126,lento,1,0,91,4,0.28888888888888886,0
91,1682,139,lento,1,0,78,1,0.24444444444444444,0
91,1682,141,lento,1,0,76,1,0.2222222222222222,0
91,1683,134,lento,1,0,231,35,0.0,0
91,1683,136,lento,1,0,229,35,0.0,0
91,1683,170,lento,1,0,195,15,0.2222222222222222,0
91,1683,184,lento,1,0,181,4,0.34444444444444444,0
91,1684,206,lento,1,0,207,32,0.044444444444444446,0
91,1684,209,lento,1,0,204,30,0.06666666666666667,0
91,1684,241,lento,1,0,172,23,0.14444444444444443,0
91,1684,251,lento,1,0,162,20,0.17777777777777778,0
91,1685,299,lento,1,0,227,3,0.18888888888888888,0
91,1685,335,lento,1,0,191,3,0.18888888888888888,0
91,1685,338,lento,1,0,188,3,0.18888888888888888,0
91,1685,356,lento,1,0,170,3,0.18888888888888888,0
91,1686,321,lento,1,0,200,19,0.1,0
91,1686,325,lento,1,0,196,18,0.1111111111111111,0
91,1686,327,lento,1,0,194,17,0.12222222222222222,0
91,1686,338,lento,1,0,183,15,0.14444444444444443,0
91,1687,378,lento,1,0,220,45,0.0,0
91,1687,434,lento,1,0,164,25,0.2222222222222222,0
91,1687,494,lento,1,0,104,7,0.32222222222222224,0
91,1687,506,lento,1,0,92,1,0.3333333333333333,0
91,1688,516,lento,1,0,221,40,0.022222222222222223,0
91,1688,550,lento,1,0,187,27,0.16666666666666666,0
91,1688,562,lento,1,0,175,18,0.26666666666666666,0
91,1688,578,lento,1,0,159,13,0.32222222222222224,0
91,1689,596,lento,1,0,242,24,0.022222222222222223,0
91,1689,600,lento,1,0,238,19,0.07777777777777778,0
91,1689,602,lento,1,0,236,18,0.08888888888888889,0
91,1689,603,lento,1,0,235,18,0.08888888888888889,0
91,1690,620,lento,1,0,261,38,0.0,0
91,1690,633,lento,1,0,248,30,0.08888888888888889,0
91,1690,649,lento,1,0,232,18,0.2222222222222222,0
91,1690,653,lento,1,0,228,14,0.26666666666666666,0
91,1691,671,lento,1,0,233,14,0.06666666666666667,0
91,1691,672,lento,1,0,232,12,0.08888888888888889,0
91,1691,674,lento,1,0,230,9,0.12222222222222222,0
91,1691,681,lento,1,0,223,5,0.16666666666666666,0
91,1692,684,lento,1,0,245,28,0.0,0
91,1692,685,lento,1,0,244,28,0.0,0
91,1692,705,lento,1,0,224,8,0.2222222222222222,0
91,1692,709,lento,1,0,220,5,0.25555555555555554,0
91,1693,717,lento,1,0,269,40,0.022222222222222223,0
91,1693,719,lento,1,0,267,39,0.03333333333333333,0
91,1693,747,lento,1,0,239,20,0.24444444444444444,0
91,1693,755,lento,1,0,231,20,0.24444444444444444,0
91,1694,812,lento,1,0,264,35,0.0,0
91,1694,816,lento,1,0,260,35,0.0,0
91,1694,825,lento,1,0,251,35,0.0,0
91,1694,858,lento,1,0,218,16,0.2111111111111111,0
91,1695,880,lento,1,0,264,47,0.0,0
91,1695,886,lento,1,0,258,41,0.06666666666666667,0
91,1695,904,lento,1,0,240,29,0.2,0
91,1695,918,lento,1,0,226,16,0.34444444444444444,0
91,1696,947,lento,1,0,254,31,0.0,0
91,1696,948,lento,1,0,253,31,0.0,0
91,1696,957,lento,1,0,244,23,0.08888888888888889,0
91,1696,981,lento,1,0,220,13,0.2,0
91,1697,1030,lento,1,0,241,24,0.18888888888888888,0
91,1697,1034,lento,1,0,237,24,0.18888888888888888,0
91,1697,1065,lento,1,0,206,11,0.3333333333333333,0
91,1697,1082,lento,1,0,189,3,0.4222222222222222,0
92,1700,132,lento,0,1,29,19,0.16666666666666666,17
92,1700,138,lento,0,1,23,18,0.17777777777777778,17
92,1700,144,lento,0,1,17,18,0.17777777777777778,17
92,1700,159,lento,0,1,2,17,0.18888888888888888,17
92,1701,167,lento,0,1,75,40,0.0,22
92,1701,183,lento,0,1,59,38,0.022222222222222223,22
92,1701,188,lento,0,1,54,36,0.044444444444444446,22
92,1701,203,lento,0,1,39,32,0.08888888888888889,22
92,1702,260,lento,0,1,53,21,0.022222222222222223,13
92,1702,280,lento,0,1,33,20,0.03333333333333333,13
92,1702,302,lento,0,1,11,15,0.08888888888888889,13
92,1702,307,lento,0,1,6,14,0.1,13
92,1703,323,lento,0,1,63,46,0.0,36
92,1703,336,lento,0,1,50,44,0.022222222222222223,36
92,1703,383,lento,0,1,3,36,0.1111111111111111,36
92,1703,384,lento,0,1,2,36,0.1111111111111111,36
92,1704,400,lento,0,1,62,36,0.022222222222222223,30
92,1704,430,lento,0,1,32,35,0.03333333333333333,30
92,1704,443,lento,0,1,19,33,0.05555555555555555,30
92,1704,454,lento,0,1,8,32,0.06666666666666667,30
92,1705,474,lento,0,1,66,40,0.011111111111111112,23
92,1705,497,lento,0,1,43,37,0.044444444444444446,23
92,1705,518,lento,0,1,22,27,0.15555555555555556,23
92,1705,540,lento,0,1,0,23,0.2,23
92,1706,548,lento,0,1,59,46,0.011111111111111112,35
92,1706,551,lento,0,1,56,45,0.022222222222222223,35
92,1706,574,lento,0,1,33,41,0.06666666666666667,35
92,1706,575,lento,0,1,32,40,0.07777777777777778,35
92,1707,639,lento,0,1,52,46,0.06666666666666667,31
92,1707,652,lento,0,1,39,38,0.15555555555555556,31
92,1707,664,lento,0,1,27,36,0.17777777777777778,31
92,1707,680,lento,0,1,11,32,0.2222222222222222,31
92,1708,714,lento,0,1,47,25,0.044444444444444446,22
92,1708,721,lento,0,1,40,25,0.044444444444444446,22
92,1708,726,lento,0,1,35,25,0.044444444444444446,22
92,1708,744,lento,0,1,17,24,0.05555555555555555,22
92,1709,767,lento,0,1,79,51,0.011111111111111112,43
92,1709,772,lento,0,1,74,51,0.011111111111111112,43
92,1709,787,lento,0,1,59,49,0.03333333333333333,43
92,1709,846,lento,0,1,0,43,0.1,43
92,1710,886,lento,0,1,34,39,0.03333333333333333,36
92,1710,891,lento,0,1,29,39,0.03333333333333333,36
92,1710,896,lento,0,1,24,39,0.03333333333333333,36
92,1710,909,lento,0,1,11,38,0.044444444444444446,36
92,1711,945,lento,0,1,54,24,0.022222222222222223,17
92,1711,957,lento,0,1,42,21,0.05555555555555555,17
92,1711,968,lento,0,1,31,18,0.08888888888888889,17
92,1711,979,lento,0,1,20,17,0.1,17
92,1712,1005,lento,0,1,78,47,0.0,44
92,1712,1057,lento,0,1,26,45,0.022222222222222223,44
92,1712,1058,lento,0,1,25,45,0.022222222222222223,44
92,1712,1071,lento,0,1,12,44,0.03333333333333333,44
92,1713,1095,lento,0,1,53,23,0.022222222222222223,17
92,1713,1099,lento,0,1,49,23,0.022222222222222223,17
92,1713,1121,lento,0,1,27,20,0.05555555555555555,17
92,1713,1131,lento,0,1,17,18,0.07777777777777778,17
93,1716,148,lento,0,0,526,2,0.03333333333333333,0
93,1716,155,lento,0,0,519,1,0.044444444444444446,0
93,1716,158,lento,0,0,516,1,0.044444444444444446,0
93,1716,167,lento,0,0,507,1,0.044444444444444446,0
93,1717,215,lento,0,0,645,4,0.0,0
93,1717,225,lento,0,0,635,4,0.0,0
93,1717,259,lento,0,0,601,3,0.011111111111111112,0
93,1717,265,lento,0,0,595,2,0.022222222222222223,0
93,1718,301,lento,0,0,599,6,0.0,0
93,1718,309,lento,0,0,591,5,0.011111111111111112,0
93,1718,327,lento,0,0,573,4,0.022222222222222223,0
93,1718,360,lento,0,0,540,1,0.05555555555555555,0
93,1719,396,lento,0,0,499,5,0.0,0
93,1719,404,lento,0,0,491,4,0.011111111111111112,0
93,1719,429,lento,0,0,466,2,0.03333333333333333,0
93,1719,431,lento,0,0,464,2,0.03333333333333333,0
93,1720,470,lento,0,0,506,3,0.0,0
93,1720,485,lento,0,0,491,2,0.011111111111111112,0
93,1720,497,lento,0,0,479,2,0.011111111111111112,0
93,1720,512,lento,0,0,464,2,0.011111111111111112,0
93,1721,534,lento,0,0,631,4,0.0,0
93,1721,539,lento,0,0,626,2,0.022222222222222223,0
93,1721,543,lento,0,0,622,2,0.022222222222222223,0
93,1721,546,lento,0,0,619,1,0.03333333333333333,0
93,1722,557,lento,0,0,558,3,0.011111111111111112,0
93,1722,558,lento,0,0,557,3,0.011111111111111112,0
93,1722,563,lento,0,0,552,2,0.022222222222222223,0
93,1722,570,lento,0,0,545,1,0.03333333333333333,0
93,1723,596,lento,0,0,562,4,0.011111111111111112,0
93,1723,599,lento,0,0,559,4,0.011111111111111112,0
93,1723,605,lento,0,0,553,4,0.011111111111111112,0
93,1723,628,lento,0,0,530,1,0.044444444444444446,0
93,1724,643,lento,0,0,525,5,0.0,0
93,1724,648,lento,0,0,520,5,0.0,0
93,1724,649,lento,0,0,519,5,0.0,0
93,1724,668,lento,0,0,500,4,0.011111111111111112,0
93,1725,725,lento,0,0,613,2,0.03333333333333333,0
93,1725,726,lento,0,0,612,2,0.03333333333333333,0
93,1725,733,lento,0,0,605,2,0.03333333333333333,0
93,1725,734,lento,0,0,604,2,0.03333333333333333,0
93,1726,759,lento,0,0,634,2,0.0,0
93,1726,764,lento,0,0,629,2,0.0,0
93,1726,779,lento,0,0,614,1,0.011111111111111112,0
93,1726,780,lento,0,0,613,1,0.011111111111111112,0
93,1727,804,lento,0,0,579,4,0.022222222222222223,0
93,1727,806,lento,0,0,577,4,0.022222222222222223,0
93,1727,824,lento,0,0,559,4,0.022222222222222223,0
93,1727,838,lento,0,0,545,3,0.03333333333333333,0
93,1728,897,lento,0,0,518,3,0.0,0
93,1728,904,lento,0,0,511,3,0.0,0
93,1728,914,lento,0,0,501,2,0.011111111111111112,0
93,1728,916,lento,0,0,499,2,0.011111111111111112,0
93,1729,925,lento,0,0,668,2,0.011111111111111112,0
93,1729,927,lento,0,0,666,1,0.022222222222222223,0
93,1729,934,lento,0,0,659,1,0.022222222222222223,0
93,1729,940,lento,0,0,653,1,0.022222222222222223,0
93,1730,971,lento,0,0,490,6,0.0,0
93,1730,974,lento,0,0,487,6,0.0,0
93,1730,979,lento,0,0,482,5,0.011111111111111112,0
93,1730,986,lento,0,0,475,4,0.022222222222222223,0
93,1731,1012,lento,0,0,526,4,0.0,0
93,1731,1014,lento,0,0,524,4,0.0,0
93,1731,1058,lento,0,0,480,2,0.022222222222222223,0
93,1731,1081,lento,0,0,457,2,0.022222222222222223,0
93,1732,1143,lento,0,0,560,2,0.022222222222222223,0
93,1732,1144,lento,0,0,559,2,0.022222222222222223,0
93,1732,1154,lento,0,0,549,1,0.03333333333333333,0
93,1732,1155,lento,0,0,548,1,0.03333333333333333,0
94,1736,120,medio,1,0,214,45,0.3333333333333333,0
94,1736,124,medio,1,0,210,29,0.5111111111111111,0
94,1736,125,medio,1,0,209,22,0.5888888888888889,0
94,1736,126,medio,1,0,208,19,0.6222222222222222,0
94,1737,144,medio,1,0,228,60,0.4111111111111111,0
94,1737,148,medio,1,0,224,56,0.45555555555555555,0
94,1737,151,medio,1,0,221,46,0.5666666666666667,0
94,1737,157,medio,1,0,215,10,0.9666666666666667,0
94,1738,176,medio,1,0,240,155,0.5666666666666667,0
94,1738,178,medio,1,0,238,141,0.7222222222222222,0
94,1738,190,medio,1,0,226,97,1.211111111111111,0
94,1738,208,medio,1,0,208,49,1.7444444444444445,0
94,1739,225,medio,1,0,248,97,0.17777777777777778,0
94,1739,229,medio,1,0,244,90,0.25555555555555554,0
94,1739,237,medio,1,0,236,67,0.5111111111111111,0
94,1739,241,medio,1,0,232,59,0.6,0
94,1740,304,medio,1,0,209,106,1.0777777777777777,0
94,1740,310,medio,1,0,203,92,1.2333333333333334,0
94,1740,349,medio,1,0,164,19,1.8888888888888888,0
94,1740,358,medio,1,0,155,4,1.8333333333333333,0
94,1741,386,medio,1,0,228,151,0.4888888888888889,0
94,1741,396,medio,1,0,218,133,0.6888888888888889,0
94,1741,437,medio,1,0,177,65,1.4444444444444444,0
94,1741,452,medio,1,0,162,34,1.7333333333333334,0
94,1742,450,medio,1,0,247,84,0.0,0
94,1742,474,medio,1,0,223,75,0.1,0
94,1742,495,medio,1,0,202,39,0.5,0
94,1742,497,medio,1,0,200,36,0.5333333333333333,0
94,1743,500,medio,1,0,225,86,0.0,0
94,1743,527,medio,1,0,198,67,0.2111111111111111,0
94,1743,547,medio,1,0,178,22,0.7111111111111111,0
94,1743,551,medio,1,0,174,11,0.8333333333333334,0
94,1744,547,medio,1,0,259,186,0.0,0
94,1744,606,medio,1,0,200,102,0.9333333333333333,0
94,1744,641,medio,1,0,165,43,1.5888888888888888,0
94,1744,670,medio,1,0,136,4,1.5777777777777777,0
94,1745,691,medio,1,0,210,108,0.26666666666666666,0
94,1745,719,medio,1,0,182,85,0.5222222222222223,0
94,1745,740,medio,1,0,161,53,0.8777777777777778,0
94,1745,773,medio,1,0,128,14,1.1111111111111112,0
94,1746,815,medio,1,0,180,173,0.3,0
94,1746,850,medio,1,0,145,112,0.9777777777777777,0
94,1746,884,medio,1,0,111,50,1.6333333333333333,0
94,1746,895,medio,1,0,100,23,1.8,0
94,1747,906,medio,1,0,211,125,0.0,0
94,1747,942,medio,1,0,175,74,0.5666666666666667,0
94,1747,955,medio,1,0,162,48,0.8555555555555555,0
94,1747,969,medio,1,0,148,33,1.0222222222222221,0
94,1748,993,medio,1,0,232,67,0.022222222222222223,0
94,1748,1003,medio,1,0,222,52,0.18888888888888888,0
94,1748,1014,medio,1,0,211,45,0.26666666666666666,0
94,1748,1032,medio,1,0,193,25,0.4888888888888889,0
94,1749,1013,medio,1,0,234,143,0.0,0
94,1749,1034,medio,1,0,213,143,0.0,0
94,1749,1095,medio,1,0,152,104,0.43333333333333335,0
94,1749,1196,medio,1,0,51,15,0.8555555555555555,0
95,1752,126,lento,1,0,244,12,0.011111111111111112,0
95,1752,142,lento,1,0,228,10,0.03333333333333333,0
95,1752,149,lento,1,0,221,8,0.05555555555555555,0
95,1752,161,lento,1,0,209,4,0.1,0
95,1753,189,lento,1,0,286,15,0.044444444444444446,0
95,1753,193,lento,1,0,282,15,0.044444444444444446,0
95,1753,202,lento,1,0,273,13,0.06666666666666667,0
95,1753,206,lento,1,0,269,12,0.07777777777777778,0
95,1754,232,lento,1,0,321,16,0.011111111111111112,0
95,1754,241,lento,1,0,312,13,0.044444444444444446,0
95,1754,242,lento,1,0,311,13,0.044444444444444446,0
95,1754,244,lento,1,0,309,10,0.07777777777777778,0
95,1755,262,lento,1,0,261,10,0.0,0
95,1755,264,lento,1,0,259,7,0.03333333333333333,0
95,1755,265,lento,1,0,258,7,0.03333333333333333,0
95,1755,269,lento,1,0,254,1,0.1,0
95,1756,282,lento,1,0,274,12,0.05555555555555555,0
95,1756,283,lento,1,0,273,11,0.06666666666666667,0
95,1756,285,lento,1,0,271,9,0.08888888888888889,0
95,1756,287,lento,1,0,269,9,0.08888888888888889,0
95,1757,301,lento,1,0,315,7,0.0,0
95,1757,303,lento,1,0,313,5,0.022222222222222223,0
95,1757,304,lento,1,0,312,3,0.044444444444444446,0
95,1757,305,lento,1,0,311,3,0.044444444444444446,0
95,1758,351,lento,1,0,282,1,0.15555555555555556,0
95,1758,362,lento,1,0,271,1,0.15555555555555556,0
95,1758,363,lento,1,0,270,1,0.15555555555555556,0
95,1758,373,lento,1,0,260,1,0.15555555555555556,0
95,1759,355,lento,1,0,249,4,0.1,0
95,1759,363,lento,1,0,241,2,0.12222222222222222,0
95,1759,365,lento,1,0,239,1,0.13333333333333333,0
95,1759,367,lento,1,0,237,1,0.13333333333333333,0
95,1760,365,lento,1,0,280,10,0.0,0
95,1760,397,lento,1,0,248,7,0.03333333333333333,0
95,1760,399,lento,1,0,246,7,0.03333333333333333,0
95,1760,408,lento,1,0,237,4,0.06666666666666667,0
95,1761,431,lento,1,0,283,13,0.011111111111111112,0
95,1761,451,lento,1,0,263,12,0.022222222222222223,0
95,1761,458,lento,1,0,256,10,0.044444444444444446,0
95,1761,471,lento,1,0,243,9,0.05555555555555555,0
95,1762,521,lento,1,0,251,1,0.06666666666666667,0
95,1762,526,lento,1,0,246,1,0.06666666666666667,0
95,1762,539,lento,1,0,233,1,0.06666666666666667,0
95,1762,541,lento,1,0,231,1,0.06666666666666667,0
95,1763,522,lento,1,0,264,11,0.0,0
95,1763,523,lento,1,0,263,11,0.0,0
95,1763,544,lento,1,0,242,9,0.022222222222222223,0
95,1763,551,lento,1,0,235,7,0.044444444444444446,0
95,1764,581,lento,1,0,246,9,0.011111111111111112,0
95,1764,582,lento,1,0,245,9,0.011111111111111112,0
95,1764,587,lento,1,0,240,8,0.022222222222222223,0
95,1764,605,lento,1,0,222,1,0.1,0
95,1765,606,lento,1,0,332,18,0.0,0
95,1765,645,lento,1,0,293,3,0.16666666666666666,0
95,1765,647,lento,1,0,291,3,0.16666666666666666,0
95,1765,653,lento,1,0,285,3,0.16666666666666666,0
95,1766,644,lento,1,0,271,10,0.0,0
95,1766,661,lento,1,0,254,4,0.06666666666666667,0
95,1766,665,lento,1,0,250,4,0.06666666666666667,0
95,1766,671,lento,1,0,244,3,0.07777777777777778,0
95,1767,681,lento,1,0,275,15,0.0,0
95,1767,704,lento,1,0,252,2,0.14444444444444443,0
95,1767,714,lento,1,0,242,2,0.14444444444444443,0
95,1767,722,lento,1,0,234,2,0.14444444444444443,0
95,1768,751,lento,1,0,256,7,0.07777777777777778,0
95,1768,781,lento,1,0,226,4,0.1111111111111111,0
95,1768,794,lento,1,0,213,4,0.1111111111111111,0
95,1768,809,lento,1,0,198,2,0.13333333333333333,0
95,1769,792,lento,1,0,280,12,0.0,0
95,1769,818,lento,1,0,254,12,0.0,0
95,1769,822,lento,1,0,250,12,0.0,0
95,1769,827,lento,1,0,245,12,0.0,0
95,1770,976,lento,1,0,263,7,0.1,0
95,1770,977,lento,1,0,262,7,0.1,0
95,1770,987,lento,1,0,252,5,0.12222222222222222,0
95,1770,1016,lento,1,0,223,1,0.16666666666666666,0
95,1771,1005,lento,1,0,279,10,0.0,0
95,1771,1032,lento,1,0,252,7,0.03333333333333333,0
95,1771,1039,lento,1,0,245,5,0.05555555555555555,0
95,1771,1050,lento,1,0,234,4,0.06666666666666667,0
95,1772,1099,lento,1,0,231,12,0.07777777777777778,0
95,1772,1115,lento,1,0,215,11,0.08888888888888889,0
95,1772,1143,lento,1,0,187,6,0.14444444444444443,0
95,1772,1164,lento,1,0,166,4,0.16666666666666666,0
96,1775,158,medio,0,0,656,24,0.6777777777777778,0
96,1775,163,medio,0,0,651,24,0.6777777777777778,0
96,1775,177,medio,0,0,637,24,0.6777777777777778,0
96,1775,189,medio,0,0,625,11,0.7333333333333333,0
96,1776,145,medio,0,0,573,88,0.26666666666666666,0
96,1776,150,medio,0,0,568,82,0.3333333333333333,0
96,1776,158,medio,0,0,560,61,0.5666666666666667,0
96,1776,168,medio,0,0,550,28,0.9333333333333333,0
96,1777,242,medio,0,0,600,35,1.2333333333333334,0
96,1777,247,medio,0,0,595,22,1.3777777777777778,0
96,1777,250,medio,0,0,592,17,1.4333333333333333,0
96,1777,258,medio,0,0,584,8,1.5333333333333334,0
96,1778,254,medio,0,0,619,104,0.0,0
96,1778,271,medio,0,0,602,85,0.2111111111111111,0
96,1778,278,medio,0,0,595,70,0.37777777777777777,0
96,1778,282,medio,0,0,591,62,0.4666666666666667,0
96,1779,318,medio,0,0,656,70,0.35555555555555557,0
96,1779,321,medio,0,0,653,63,0.43333333333333335,0
96,1779,357,medio,0,0,617,21,0.9,0
96,1779,383,medio,0,0,591,21,0.9,0
96,1780,339,medio,0,0,575,137,0.03333333333333333,0
96,1780,343,medio,0,0,571,128,0.13333333333333333,0
96,1780,350,medio,0,0,564,104,0.4,0
96,1780,387,medio,0,0,527,1,1.5444444444444445,0
96,1781,391,medio,0,0,616,118,0.0,0
96,1781,416,medio,0,0,591,53,0.7222222222222222,0
96,1781,428,medio,0,0,579,22,1.0666666666666667,0
96,1781,433,medio,0,0,574,16,1.1333333333333333,0
96,1782,429,medio,0,0,635,84,0.0,0
96,1782,448,medio,0,0,616,52,0.35555555555555557,0
96,1782,455,medio,0,0,609,19,0.7222222222222222,0
96,1782,461,medio,0,0,603,8,0.8444444444444444,0
96,1783,469,medio,0,0,704,121,0.06666666666666667,0
96,1783,483,medio,0,0,690,99,0.3111111111111111,0
96,1783,520,medio,0,0,653,12,1.2777777777777777,0
96,1783,538,medio,0,0,635,12,1.2777777777777777,0
96,1784,526,medio,0,0,596,130,0.25555555555555554,0
96,1784,537,medio,0,0,585,111,0.4666666666666667,0
96,1784,566,medio,0,0,556,28,1.3888888888888888,0
96,1784,574,medio,0,0,548,7,1.6222222222222222,0
96,1785,615,medio,0,0,658,11,0.6222222222222222,0
96,1785,636,medio,0,0,637,11,0.6222222222222222,0
96,1785,644,medio,0,0,629,11,0.6222222222222222,0
96,1785,650,medio,0,0,623,11,0.6222222222222222,0
96,1786,606,medio,0,0,627,130,0.06666666666666667,0
96,1786,645,medio,0,0,588,43,1.0333333333333334,0
96,1786,650,medio,0,0,583,32,1.1555555555555554,0
96,1786,662,medio,0,0,571,10,1.4,0
96,1787,679,medio,0,0,619,104,0.4,0
96,1787,690,medio,0,0,608,86,0.6,0
96,1787,697,medio,0,0,601,70,0.7777777777777778,0
96,1787,701,medio,0,0,597,51,0.9888888888888889,0
96,1788,717,medio,0,0,683,113,0.0,0
96,1788,756,medio,0,0,644,21,1.0222222222222221,0
96,1788,802,medio,0,0,598,21,1.0222222222222221,0
96,1788,805,medio,0,0,595,21,1.0222222222222221,0
96,1789,778,medio,0,0,538,100,0.7555555555555555,0
96,1789,782,medio,0,0,534,91,0.8555555555555555,0
96,1789,792,medio,0,0,524,60,1.2,0
96,1789,808,medio,0,0,508,10,1.7555555555555555,0
96,1790,833,medio,0,0,726,14,0.5666666666666667,0
96,1790,849,medio,0,0,710,14,0.5666666666666667,0
96,1790,866,medio,0,0,693,14,0.5666666666666667,0
96,1790,906,medio,0,0,653,4,0.6444444444444445,0
96,1791,839,medio,0,0,625,105,0.3333333333333333,0
96,1791,850,medio,0,0,614,79,0.6222222222222222,0
96,1791,868,medio,0,0,596,34,1.1222222222222222,0
96,1791,878,medio,0,0,586,1,1.488888888888889,0
96,1792,879,medio,0,0,562,66,0.0,0
96,1792,880,medio,0,0,561,64,0.022222222222222223,0
96,1792,883,medio,0,0,558,59,0.07777777777777778,0
96,1792,884,medio,0,0,557,58,0.08888888888888889,0
96,1793,974,medio,0,0,657,17,1.5222222222222221,0
96,1793,977,medio,0,0,654,17,1.5222222222222221,0
96,1793,979,medio,0,0,652,17,1.5222222222222221,0
96,1793,1035,medio,0,0,596,6,0.5555555555555556,0
96,1794,971,medio,0,0,648,129,0.3111111111111111,0
96,1794,978,medio,0,0,641,98,0.6555555555555556,0
96,1794,981,medio,0,0,638,88,0.7666666666666667,0
96,1794,984,medio,0,0,635,75,0.9111111111111111,0
96,1795,1004,medio,0,0,563,157,0.05555555555555555,0
96,1795,1009,medio,0,0,558,146,0.17777777777777778,0
96,1795,1020,medio,0,0,547,115,0.5222222222222223,0
96,1795,1042,medio,0,0,525,20,1.5777777777777777,0
96,1796,1058,medio,0,0,589,116,0.5888888888888889,0
96,1796,1061,medio,0,0,586,103,0.7333333333333333,0
96,1796,1063,medio,0,0,584,96,0.8111111111111111,0
96,1796,1064,medio,0,0,583,86,0.9222222222222223,0
96,1797,1089,medio,0,0,614,112,0.15555555555555556,0
96,1797,1090,medio,0,0,613,101,0.2777777777777778,0
96,1797,1095,medio,0,0,608,59,0.7444444444444445,0
96,1797,1107,medio,0,0,596,3,1.3666666666666667,0
96,1798,1115,medio,0,0,704,126,0.4777777777777778,0
96,1798,1156,medio,0,0,663,3,1.8444444444444446,0
96,1798,1159,medio,0,0,660,3,1.8444444444444446,0
96,1798,1161,medio,0,0,658,3,1.8444444444444446,0
96,1799,1137,medio,0,0,664,76,0.022222222222222223,0
96,1799,1138,medio,0,0,663,76,0.022222222222222223,0
96,1799,1142,medio,0,0,659,53,0.2777777777777778,0
96,1799,1147,medio,0,0,654,36,0.4666666666666667,0
96,1800,1158,medio,0,0,563,134,0.14444444444444443,0
96,1800,1164,medio,0,0,557,108,0.43333333333333335,0
96,1800,1165,medio,0,0,556,106,0.45555555555555555,0
96,1800,1170,medio,0,0,551,82,0.7222222222222222,0
96,1801,1187,medio,0,0,678,105,0.0,0
96,1801,1193,medio,0,0,672,88,0.18888888888888888,0
96,1801,1198,medio,0,0,667,68,0.4111111111111111,0
96,1801,1206,medio,0,0,659,26,0.8777777777777778,0
97,1804,122,lento,0,0,352,5,0.2111111111111111,0
97,1804,126,lento,0,0,348,5,0.2111111111111111,0
97,1804,134,lento,0,0,340,5,0.2111111111111111,0
97,1804,135,lento,0,0,339,5,0.2111111111111111,0
97,1805,126,lento,0,0,325,14,0.1111111111111111,0
97,1805,127,lento,0,0,324,12,0.13333333333333333,0
97,1805,128,lento,0,0,323,11,0.14444444444444443,0
97,1805,130,lento,0,0,321,8,0.17777777777777778,0
97,1806,142,lento,0,0,409,31,0.0,0
97,1806,180,lento,0,0,371,10,0.23333333333333334,0
97,1806,183,lento,0,0,368,10,0.23333333333333334,0
97,1806,191,lento,0,0,360,6,0.2777777777777778,0
97,1807,191,lento,0,0,434,52,0.0,0
97,1807,202,lento,0,0,423,52,0.0,0
97,1807,250,lento,0,0,375,24,0.3111111111111111,0
97,1807,265,lento,0,0,360,13,0.43333333333333335,0
97,1808,281,lento,0,0,378,33,0.0,0
97,1808,314,lento,0,0,345,15,0.2,0
97,1808,317,lento,0,0,342,13,0.2222222222222222,0
97,1808,321,lento,0,0,338,12,0.23333333333333334,0
97,1809,343,lento,0,0,408,39,0.022222222222222223,0
97,1809,347,lento,0,0,404,33,0.08888888888888889,0
97,1809,366,lento,0,0,385,15,0.28888888888888886,0
97,1809,379,lento,0,0,372,5,0.4,0
97,1810,387,lento,0,0,356,39,0.044444444444444446,0
97,1810,397,lento,0,0,346,28,0.16666666666666666,0
97,1810,403,lento,0,0,340,25,0.2,0
97,1810,423,lento,0,0,320,10,0.36666666666666664,0
97,1811,432,lento,0,0,352,58,0.0,0
97,1811,464,lento,0,0,320,43,0.16666666666666666,0
97,1811,465,lento,0,0,319,43,0.16666666666666666,0
97,1811,512,lento,0,0,272,1,0.6333333333333333,0
97,1812,513,lento,0,0,330,52,0.0,0
97,1812,540,lento,0,0,303,31,0.23333333333333334,0
97,1812,546,lento,0,0,297,29,0.25555555555555554,0
97,1812,569,lento,0,0,274,1,0.5666666666666667,0
97,1813,572,lento,0,0,413,51,0.05555555555555555,0
97,1813,582,lento,0,0,403,42,0.15555555555555556,0
97,1813,622,lento,0,0,363,11,0.5,0
97,1813,631,lento,0,0,354,3,0.5888888888888889,0
97,1814,639,lento,0,0,423,30,0.03333333333333333,0
97,1814,660,lento,0,0,402,9,0.26666666666666666,0
97,1814,667,lento,0,0,395,6,0.3,0
97,1814,669,lento,0,0,393,6,0.3,0
97,1815,695,lento,0,0,388,23,0.07777777777777778,0
97,1815,718,lento,0,0,365,7,0.25555555555555554,0
97,1815,775,lento,0,0,308,7,0.25555555555555554,0
97,1815,778,lento,0,0,305,7,0.24444444444444444,0
97,1816,715,lento,0,0,332,50,0.011111111111111112,0
97,1816,716,lento,0,0,331,50,0.011111111111111112,0
97,1816,741,lento,0,0,306,37,0.15555555555555556,0
97,1816,777,lento,0,0,270,2,0.5444444444444444,0
97,1817,815,lento,0,0,396,17,0.26666666666666666,0
97,1817,822,lento,0,0,389,14,0.3,0
97,1817,829,lento,0,0,382,12,0.32222222222222224,0
97,1817,839,lento,0,0,372,1,0.4444444444444444,0
97,1818,836,lento,0,0,390,52,0.0,0
97,1818,863,lento,0,0,363,32,0.2222222222222222,0
97,1818,872,lento,0,0,354,25,0.3,0
97,1818,884,lento,0,0,342,11,0.45555555555555555,0
97,1819,891,lento,0,0,409,56,0.0,0
97,1819,921,lento,0,0,379,30,0.28888888888888886,0
97,1819,930,lento,0,0,370,25,0.34444444444444444,0
97,1819,965,lento,0,0,335,2,0.6,0
97,1820,959,lento,0,0,403,54,0.0,0
97,1820,1020,lento,0,0,342,19,0.3888888888888889,0
97,1820,1026,lento,0,0,336,14,0.4444444444444444,0
97,1820,1036,lento,0,0,326,4,0.5555555555555556,0
97,1821,1044,lento,0,0,416,53,0.05555555555555555,0
97,1821,1049,lento,0,0,411,49,0.1,0
97,1821,1083,lento,0,0,377,12,0.5111111111111111,0
97,1821,1094,lento,0,0,366,3,0.6111111111111112,0
97,1822,1123,lento,0,0,366,38,0.2222222222222222,0
97,1822,1128,lento,0,0,361,32,0.28888888888888886,0
97,1822,1129,lento,0,0,360,31,0.3,0
97,1822,1133,lento,0,0,356,28,0.3333333333333333,0
97,1823,1160,lento,0,0,401,32,0.03333333333333333,0
97,1823,1161,lento,0,0,400,31,0.044444444444444446,0
97,1823,1169,lento,0,0,392,19,0.17777777777777778,0
97,1823,1184,lento,0,0,377,8,0.3,0
98,1826,123,rapido,0,0,189,200,0.9111111111111111,0
98,1826,130,rapido,0,0,182,173,1.211111111111111,0
98,1826,131,rapido,0,0,181,171,1.2333333333333334,0
98,1826,172,rapido,0,0,140,16,2.9555555555555557,0
98,1827,162,rapido,0,0,225,134,0.0,0
98,1827,171,rapido,0,0,216,134,0.0,0
98,1827,178,rapido,0,0,209,127,0.07777777777777778,0
98,1827,181,rapido,0,0,206,107,0.3,0
98,1828,202,rapido,0,0,268,179,0.15555555555555556,0
98,1828,214,rapido,0,0,256,100,1.0333333333333334,0
98,1828,216,rapido,0,0,254,89,1.1555555555555554,0
98,1828,225,rapido,0,0,245,30,1.8111111111111111,0
98,1829,246,rapido,0,0,247,295,0.6444444444444445,0
98,1829,258,rapido,0,0,235,231,1.3555555555555556,0
98,1829,261,rapido,0,0,232,213,1.5555555555555556,0
98,1829,263,rapido,0,0,230,202,1.6777777777777778,0
98,1830,298,rapido,0,0,240,278,0.0,0
98,1830,305,rapido,0,0,233,252,0.28888888888888886,0
98,1830,316,rapido,0,0,222,190,0.9777777777777777,0
98,1830,343,rapido,0,0,195,73,2.2777777777777777,0
98,1831,356,rapido,0,0,245,285,0.18888888888888888,0
98,1831,364,rapido,0,0,237,252,0.5555555555555556,0
98,1831,369,rapido,0,0,232,232,0.7777777777777778,0
98,1831,373,rapido,0,0,228,195,1.1888888888888889,0
98,1832,405,rapido,0,0,240,168,0.2111111111111111,0
98,1832,408,rapido,0,0,237,152,0.3888888888888889,0
98,1832,422,rapido,0,0,223,64,1.3666666666666667,0
98,1832,430,rapido,0,0,215,17,1.8888888888888888,0
98,1833,437,rapido,0,0,216,316,0.28888888888888886,0
98,1833,443,rapido,0,0,210,264,0.8666666666666667,0
98,1833,452,rapido,0,0,201,199,1.5888888888888888,0
98,1833,460,rapido,0,0,193,151,2.1222222222222222,0
98,1834,479,rapido,0,0,252,153,0.0,0
98,1834,482,rapido,0,0,249,153,0.0,0
98,1834,493,rapido,0,0,238,79,0.8222222222222222,0
98,1834,499,rapido,0,0,232,61,1.0222222222222221,0
98,1835,506,rapido,0,0,254,183,0.0,0
98,1835,513,rapido,0,0,247,162,0.23333333333333334,0
98,1835,523,rapido,0,0,237,121,0.6888888888888889,0
98,1835,542,rapido,0,0,218,11,1.9111111111111112,0
98,1836,544,rapido,0,0,243,339,0.022222222222222223,0
98,1836,552,rapido,0,0,235,305,0.4,0
98,1836,571,rapido,0,0,216,213,1.4222222222222223,0
98,1836,577,rapido,0,0,210,173,1.8666666666666667,0
98,1837,615,rapido,0,0,225,171,0.35555555555555557,0
98,1837,642,rapido,0,0,198,34,1.8777777777777778,0
98,1837,643,rapido,0,0,197,33,1.8888888888888888,0
98,1837,644,rapido,0,0,196,23,2.0,0
98,1838,654,rapido,0,0,215,241,0.34444444444444444,0
98,1838,655,rapido,0,0,214,238,0.37777777777777777,0
98,1838,657,rapido,0,0,212,229,0.4777777777777778,0
98,1838,681,rapido,0,0,188,50,2.466666666666667,0
98,1839,685,rapido,0,0,226,130,0.07777777777777778,0
98,1839,687,rapido,0,0,224,102,0.3888888888888889,0
98,1839,689,rapido,0,0,222,102,0.3888888888888889,0
98,1839,693,rapido,0,0,218,82,0.6111111111111112,0
98,1840,709,rapido,0,0,204,98,1.1888888888888889,0
98,1840,711,rapido,0,0,202,87,1.3111111111111111,0
98,1840,713,rapido,0,0,200,75,1.4444444444444444,0
98,1840,716,rapido,0,0,197,59,1.6222222222222222,0
98,1841,752,rapido,0,0,253,21,2.4444444444444446,0
98,1841,764,rapido,0,0,241,21,2.4444444444444446,0
98,1841,771,rapido,0,0,234,21,2.4444444444444446,0
98,1841,792,rapido,0,0,213,21,2.4444444444444446,0
98,1842,743,rapido,0,0,250,124,0.4111111111111111,0
98,1842,758,rapido,0,0,235,14,1.6333333333333333,0
98,1842,766,rapido,0,0,227,14,1.6333333333333333,0
98,1842,775,rapido,0,0,218,14,1.6333333333333333,0
98,1843,761,rapido,0,0,216,339,0.1111111111111111,0
98,1843,775,rapido,0,0,202,194,1.7222222222222223,0
98,1843,781,rapido,0,0,196,152,2.188888888888889,0
98,1843,786,rapido,0,0,191,104,2.7222222222222223,0
98,1844,798,rapido,0,0,259,343,0.28888888888888886,0
98,1844,799,rapido,0,0,258,326,0.4777777777777778,0
98,1844,813,rapido,0,0,244,234,1.5,0
98,1844,841,rapido,0,0,216,49,3.5555555555555554,0
98,1845,848,rapido,0,0,273,240,0.03333333333333333,0
98,1845,852,rapido,0,0,269,215,0.3111111111111111,0
98,1845,876,rapido,0,0,245,53,2.111111111111111,0
98,1845,882,rapido,0,0,239,1,2.688888888888889,0
98,1846,882,rapido,0,0,274,152,0.0,0
98,1846,884,rapido,0,0,272,147,0.05555555555555555,0
98,1846,889,rapido,0,0,267,112,0.4444444444444444,0
98,1846,910,rapido,0,0,246,32,1.3333333333333333,0
98,1847,902,rapido,0,0,251,214,0.14444444444444443,0
98,1847,908,rapido,0,0,245,149,0.8666666666666667,0
98,1847,913,rapido,0,0,240,109,1.3111111111111111,0
98,1847,923,rapido,0,0,230,19,2.311111111111111,0
98,1848,946,rapido,0,0,215,164,1.8333333333333333,0
98,1848,948,rapido,0,0,213,148,2.011111111111111,0
98,1848,952,rapido,0,0,209,123,2.2888888888888888,0
98,1848,960,rapido,0,0,201,76,2.811111111111111,0
98,1849,983,rapido,0,0,266,69,1.2777777777777777,0
98,1849,1001,rapido,0,0,248,39,1.6111111111111112,0
98,1849,1012,rapido,0,0,237,39,1.6111111111111112,0
98,1849,1014,rapido,0,0,235,36,1.6444444444444444,0
98,1850,988,rapido,0,0,221,281,0.0,0
98,1850,990,rapido,0,0,219,253,0.3111111111111111,0
98,1850,991,rapido,0,0,218,249,0.35555555555555557,0
98,1850,992,rapido,0,0,217,248,0.36666666666666664,0
98,1851,1020,rapido,0,0,276,148,0.6777777777777778,0
98,1851,1021,rapido,0,0,275,139,0.7777777777777778,0
98,1851,1026,rapido,0,0,270,96,1.2555555555555555,0
98,1851,1030,rapido,0,0,266,59,1.6666666666666667,0
98,1852,1079,rapido,0,0,229,23,1.6888888888888889,0
98,1852,1082,rapido,0,0,226,23,1.6888888888888889,0
98,1852,1088,rapido,0,0,220,23,1.6888888888888889,0
98,1852,1096,rapido,0,0,212,23,1.6888888888888889,0
98,1853,1059,rapido,0,0,212,139,0.3111111111111111,0
98,1853,1061,rapido,0,0,210,131,0.4,0
98,1853,1062,rapido,0,0,209,130,0.4111111111111111,0
98,1853,1075,rapido,0,0,196,15,1.6888888888888889,0
98,1854,1082,rapido,0,0,221,184,0.7333333333333333,0
98,1854,1083,rapido,0,0,220,175,0.8333333333333334,0
98,1854,1090,rapido,0,0,213,70,2.0,0
98,1854,1093,rapido,0,0,210,36,2.3777777777777778,0
98,1855,1097,rapido,0,0,237,257,0.0,0
98,1855,1111,rapido,0,0,223,140,1.3,0
98,1855,1116,rapido,0,0,218,111,1.6222222222222222,0
98,1855,1120,rapido,0,0,214,55,2.2444444444444445,0
98,1856,1126,rapido,0,0,259,181,0.2,0
98,1856,1131,rapido,0,0,254,108,1.011111111111111,0
98,1856,1136,rapido,0,0,249,65,1.488888888888889,0
98,1856,1140,rapido,0,0,245,15,2.0444444444444443,0
98,1857,1142,rapido,0,0,278,120,0.1,0
98,1857,1143,rapido,0,0,277,110,0.2111111111111111,0
98,1857,1148,rapido,0,0,272,23,1.1777777777777778,0
98,1857,1149,rapido,0,0,271,11,1.3111111111111111,0
98,1858,1151,rapido,0,0,224,325,0.022222222222222223,0
98,1858,1152,rapido,0,0,223,319,0.08888888888888889,0
98,1858,1166,rapido,0,0,209,147,2.0,0
98,1858,1169,rapido,0,0,206,105,2.466666666666667,0
98,1859,1178,rapido,0,0,268,147,0.0,0
98,1859,1184,rapido,0,0,262,61,0.9555555555555556,0
98,1859,1186,rapido,0,0,260,27,1.3333333333333333,0
98,1859,1187,rapido,0,0,259,9,1.5333333333333334,0
98,1860,1197,rapido,0,0,261,21,1.3,0
98,1860,1199,rapido,0,0,259,6,1.4666666666666666,0
98,1860,1200,rapido,0,0,258,6,1.4666666666666666,0
98,1860,1206,rapido,0,0,252,6,1.4666666666666666,0
98,1861,1200,rapido,0,0,217,117,0.2777777777777778,0
98,1861,1205,rapido,0,0,212,37,1.1666666666666667,0
98,1861,1206,rapido,0,0,211,34,1.2,0
98,1861,1207,rapido,0,0,210,7,1.5,0
99,1864,150,rapido,0,1,115,127,2.2555555555555555,0
99,1864,156,rapido,0,1,109,111,2.433333333333333,0
99,1864,163,rapido,0,1,102,96,2.6,0
99,1864,179,rapido,0,1,86,35,3.2777777777777777,0
99,1865,193,rapido,0,1,143,376,0.14444444444444443,0
99,1865,203,rapido,0,1,133,332,0.6333333333333333,0
99,1865,209,rapido,0,1,127,317,0.8,0
99,1865,234,rapido,0,1,102,231,1.7555555555555555,0
99,1866,329,rapido,0,1,89,366,1.488888888888889,0
99,1866,335,rapido,0,1,83,327,1.9222222222222223,0
99,1866,367,rapido,0,1,51,194,3.4,0
99,1866,391,rapido,0,1,27,109,4.3,0
99,1867,422,rapido,0,1,144,463,0.25555555555555554,0
99,1867,436,rapido,0,1,130,418,0.7555555555555555,0
99,1867,484,rapido,0,1,82,249,2.6333333333333333,0
99,1867,523,rapido,0,1,43,105,3.566666666666667,0
99,1868,580,rapido,0,1,119,398,1.3888888888888888,41
99,1868,616,rapido,0,1,83,287,2.6222222222222222,41
99,1868,630,rapido,0,1,69,225,3.311111111111111,41
99,1868,672,rapido,0,1,27,119,3.066666666666667,41
99,1869,768,rapido,0,1,78,301,2.311111111111111,0
99,1869,791,rapido,0,1,55,209,3.3333333333333335,0
99,1869,808,rapido,0,1,38,128,3.7888888888888888,0
99,1869,827,rapido,0,1,19,43,4.055555555555555,0
99,1870,846,rapido,0,1,125,638,0.2777777777777778,168
99,1870,864,rapido,0,1,107,566,1.0777777777777777,168
99,1870,868,rapido,0,1,103,554,1.211111111111111,168
99,1870,958,rapido,0,1,13,222,3.688888888888889,168
99,1871,988,rapido,0,1,122,621,0.32222222222222224,119
99,1871,1028,rapido,0,1,82,459,2.1222222222222222,119
99,1871,1051,rapido,0,1,59,364,3.1777777777777776,119
99,1871,1057,rapido,0,1,53,341,3.433333333333333,119
99,1872,1144,rapido,0,1,130,321,1.7222222222222223,0
99,1872,1153,rapido,0,1,121,271,2.2777777777777777,0
99,1872,1163,rapido,0,1,111,191,3.1666666666666665,0
99,1872,1194,rapido,0,1,80,44,4.8,0
100,1874,127,medio,1,1,10,309,2.533333333333333,268
100,1874,128,medio,1,1,9,305,2.566666666666667,268
100,1874,130,medio,1,1,7,297,2.6222222222222222,268
100,1874,137,medio,1,1,0,272,2.8,268
100,1875,144,medio,1,1,160,581,0.044444444444444446,87
100,1875,176,medio,1,1,128,489,1.0666666666666667,87
100,1875,194,medio,1,1,110,410,1.9444444444444444,87
100,1875,204,medio,1,1,100,381,2.2666666666666666,87
100,1876,313,medio,1,1,162,492,0.14444444444444443,201
100,1876,351,medio,1,1,124,408,1.0777777777777777,201
100,1876,352,medio,1,1,123,403,1.1333333333333333,201
100,1876,411,medio,1,1,64,306,1.9,201
100,1877,525,medio,1,1,96,525,1.1555555555555554,230
100,1877,542,medio,1,1,79,488,1.5666666666666667,230
100,1877,545,medio,1,1,76,481,1.6444444444444444,230
100,1877,562,medio,1,1,59,413,2.4,230
100,1878,629,medio,1,1,156,403,0.05555555555555555,121
100,1878,647,medio,1,1,138,355,0.5888888888888889,121
100,1878,689,medio,1,1,96,277,1.4555555555555555,121
100,1878,739,medio,1,1,46,194,1.7666666666666666,121
100,1879,794,medio,1,1,141,495,0.07777777777777778,104
100,1879,836,medio,1,1,99,418,0.9333333333333333,104
100,1879,864,medio,1,1,71,360,1.5777777777777777,104
100,1879,869,medio,1,1,66,336,1.8444444444444446,104
100,1880,946,medio,1,1,126,269,0.1,0
100,1880,983,medio,1,1,89,146,1.4666666666666666,0
100,1880,993,medio,1,1,79,114,1.8222222222222222,0
100,1880,1024,medio,1,1,48,11,2.966666666666667,0
100,1881,1022,medio,1,1,135,612,0.0,287
100,1881,1036,medio,1,1,121,594,0.2,287
100,1881,1055,medio,1,1,102,556,0.6222222222222222,287
100,1881,1153,medio,1,1,4,301,2.5,287
101,1885,123,lento,0,0,670,9,0.1111111111111111,0
101,1885,146,lento,0,0,647,5,0.15555555555555556,0
101,1885,157,lento,0,0,636,3,0.17777777777777778,0
101,1885,173,lento,0,0,620,1,0.15555555555555556,0
101,1886,173,lento,0,0,681,11,0.0,0
101,1886,180,lento,0,0,674,11,0.0,0
101,1886,184,lento,0,0,670,10,0.011111111111111112,0
101,1886,190,lento,0,0,664,10,0.011111111111111112,0
101,1887,225,lento,0,0,636,18,0.0,0
101,1887,267,lento,0,0,594,7,0.12222222222222222,0
101,1887,277,lento,0,0,584,4,0.15555555555555556,0
101,1887,284,lento,0,0,577,2,0.17777777777777778,0
101,1888,302,lento,0,0,681,10,0.044444444444444446,0
101,1888,310,lento,0,0,673,8,0.06666666666666667,0
101,1888,315,lento,0,0,668,5,0.1,0
101,1888,316,lento,0,0,667,5,0.1,0
101,1889,393,lento,0,0,659,11,0.07777777777777778,0
101,1889,401,lento,0,0,651,10,0.08888888888888889,0
101,1889,422,lento,0,0,630,5,0.14444444444444443,0
101,1889,435,lento,0,0,617,3,0.16666666666666666,0
101,1890,441,lento,0,0,638,11,0.0,0
101,1890,464,lento,0,0,615,7,0.044444444444444446,0
101,1890,477,lento,0,0,602,1,0.1111111111111111,0
101,1890,479,lento,0,0,600,1,0.1111111111111111,0
101,1891,481,lento,0,0,645,7,0.0,0
101,1891,487,lento,0,0,639,7,0.0,0
101,1891,491,lento,0,0,635,6,0.011111111111111112,0
101,1891,492,lento,0,0,634,5,0.022222222222222223,0
101,1892,585,lento,0,0,721,4,0.08888888888888889,0
101,1892,638,lento,0,0,668,3,0.022222222222222223,0
101,1892,701,lento,0,0,605,1,0.022222222222222223,0
101,1892,703,lento,0,0,603,1,0.022222222222222223,0
101,1893,595,lento,0,0,665,10,0.0,0
101,1893,596,lento,0,0,664,10,0.0,0
101,1893,610,lento,0,0,650,7,0.03333333333333333,0
101,1893,651,lento,0,0,609,3,0.07777777777777778,0
101,1894,731,lento,0,0,673,13,0.05555555555555555,0
101,1894,762,lento,0,0,642,10,0.08888888888888889,0
101,1894,766,lento,0,0,638,10,0.08888888888888889,0
101,1894,828,lento,0,0,576,8,0.05555555555555555,0
101,1895,882,lento,0,0,664,18,0.0,0
101,1895,891,lento,0,0,655,18,0.0,0
101,1895,897,lento,0,0,649,18,0.0,0
101,1895,936,lento,0,0,610,7,0.12222222222222222,0
101,1896,1008,lento,0,0,674,3,0.07777777777777778,0
101,1896,1024,lento,0,0,658,3,0.07777777777777778,0
101,1896,1051,lento,0,0,631,3,0.07777777777777778,0
101,1896,1059,lento,0,0,623,3,0.07777777777777778,0
101,1897,1023,lento,0,0,656,8,0.022222222222222223,0
101,1897,1037,lento,0,0,642,4,0.06666666666666667,0
101,1897,1047,lento,0,0,632,3,0.07777777777777778,0
101,1897,1052,lento,0,0,627,3,0.07777777777777778,0
101,1898,1091,lento,0,0,723,12,0.011111111111111112,0
101,1898,1101,lento,0,0,713,9,0.044444444444444446,0
101,1898,1116,lento,0,0,698,9,0.044444444444444446,0
101,1898,1136,lento,0,0,678,8,0.05555555555555555,0
102,1900,121,medio,0,1,47,37,2.1555555555555554,0
102,1900,127,medio,0,1,41,21,2.1222222222222222,0
102,1900,131,medio,0,1,37,8,2.188888888888889,0
102,1900,132,medio,0,1,36,6,2.2111111111111112,0
102,1901,174,medio,0,1,80,178,0.7888888888888889,0
102,1901,191,medio,0,1,63,139,1.2222222222222223,0
102,1901,209,medio,0,1,45,107,1.5777777777777777,0
102,1901,237,medio,0,1,17,41,2.066666666666667,0
102,1902,265,medio,0,1,142,248,0.2777777777777778,0
102,1902,306,medio,0,1,101,162,1.2333333333333334,0
102,1902,312,medio,0,1,95,155,1.3111111111111111,0
102,1902,360,medio,0,1,47,42,2.1444444444444444,0
102,1903,394,medio,0,1,128,453,0.4777777777777778,232
102,1903,403,medio,0,1,119,436,0.6666666666666666,232
102,1903,452,medio,0,1,70,357,1.5444444444444445,232
102,1903,480,medio,0,1,42,304,1.8111111111111111,232
102,1904,541,medio,0,1,150,327,0.2,45
102,1904,621,medio,0,1,70,167,1.9444444444444444,45
102,1904,642,medio,0,1,49,129,1.8777777777777778,45
102,1904,655,medio,0,1,36,107,1.8888888888888888,45
102,1905,747,medio,0,1,83,152,0.8666666666666667,4
102,1905,771,medio,0,1,59,110,1.3333333333333333,4
102,1905,788,medio,0,1,42,77,1.6666666666666667,4
102,1905,828,medio,0,1,2,16,1.6444444444444444,4
102,1906,829,medio,0,1,145,312,0.0,95
102,1906,838,medio,0,1,136,297,0.16666666666666666,95
102,1906,899,medio,0,1,75,203,1.211111111111111,95
102,1906,952,medio,0,1,22,124,1.4,95
102,1907,1013,medio,0,1,101,235,0.5666666666666667,59
102,1907,1068,medio,0,1,46,138,1.6444444444444444,59
102,1907,1076,medio,0,1,38,130,1.6222222222222222,59
102,1907,1094,medio,0,1,20,97,1.7222222222222223,59
103,1909,120,medio,0,1,24,3,2.7222222222222223,0
103,1909,121,medio,0,1,23,2,2.6777777777777776,0
103,1910,149,medio,0,1,122,428,0.7888888888888889,204
103,1910,195,medio,0,1,76,351,1.6444444444444444,204
103,1910,203,medio,0,1,68,332,1.8555555555555556,204
103,1910,254,medio,0,1,17,234,1.8,204
103,1911,299,medio,0,1,149,272,0.5555555555555556,0
103,1911,306,medio,0,1,142,253,0.7666666666666667,0
103,1911,337,medio,0,1,111,193,1.4333333333333333,0
103,1911,389,medio,0,1,59,84,2.088888888888889,0
103,1912,413,medio,0,1,144,364,0.0,0
103,1912,423,medio,0,1,134,355,0.1,0
103,1912,508,medio,0,1,49,50,3.488888888888889,0
103,1912,524,medio,0,1,33,6,3.488888888888889,0
103,1913,527,medio,0,1,151,301,0.011111111111111112,0
103,1913,565,medio,0,1,113,210,1.0222222222222221,0
103,1913,576,medio,0,1,102,178,1.3777777777777778,0
103,1913,588,medio,0,1,90,123,1.988888888888889,0
103,1914,615,medio,0,1,154,346,0.0,0
103,1914,628,medio,0,1,141,304,0.4666666666666667,0
103,1914,641,medio,0,1,128,243,1.1444444444444444,0
103,1914,650,medio,0,1,119,201,1.6111111111111112,0
103,1915,738,medio,0,1,136,409,2.1444444444444444,0
103,1915,759,medio,0,1,115,308,3.2666666666666666,0
103,1915,774,medio,0,1,100,250,3.911111111111111,0
103,1915,809,medio,0,1,65,114,4.333333333333333,0
103,1916,870,medio,0,1,130,191,1.1666666666666667,0
103,1916,884,medio,0,1,116,144,1.6888888888888889,0
103,1916,904,medio,0,1,96,67,2.5444444444444443,0
103,1916,917,medio,0,1,83,42,2.8222222222222224,0
103,1917,955,medio,0,1,140,266,0.9111111111111111,0
103,1917,987,medio,0,1,108,151,2.188888888888889,0
103,1917,999,medio,0,1,96,113,2.611111111111111,0
103,1917,1014,medio,0,1,81,63,3.1666666666666665,0
103,1918,1025,medio,0,1,159,402,0.0,0
103,1918,1040,medio,0,1,144,337,0.7222222222222222,0
103,1918,1105,medio,0,1,79,27,4.166666666666667,0
103,1918,1108,medio,0,1,76,6,4.4,0
103,1919,1114,medio,0,1,156,233,0.28888888888888886,0
103,1919,1117,medio,0,1,153,215,0.4888888888888889,0
103,1919,1129,medio,0,1,141,132,1.4111111111111112,0
103,1919,1137,medio,0,1,133,90,1.8777777777777778,0
104,1922,120,lento,0,0,477,1,0.15555555555555556,0
104,1922,121,lento,0,0,476,1,0.15555555555555556,0
104,1922,122,lento,0,0,475,1,0.15555555555555556,0
104,1922,123,lento,0,0,474,1,0.15555555555555556,0
104,1923,161,lento,0,0,501,25,0.044444444444444446,0
104,1923,163,lento,0,0,499,25,0.044444444444444446,0
104,1923,203,lento,0,0,459,12,0.18888888888888888,0
104,1923,204,lento,0,0,458,12,0.18888888888888888,0
104,1924,232,lento,0,0,458,13,0.0,0
104,1924,251,lento,0,0,439,11,0.022222222222222223,0
104,1924,267,lento,0,0,423,6,0.07777777777777778,0
104,1924,283,lento,0,0,407,2,0.12222222222222222,0
104,1925,296,lento,0,0,559,22,0.05555555555555555,0
104,1925,300,lento,0,0,555,22,0.05555555555555555,0
104,1925,345,lento,0,0,510,10,0.18888888888888888,0
104,1925,373,lento,0,0,482,2,0.2777777777777778,0
104,1926,394,lento,0,0,512,8,0.044444444444444446,0
104,1926,403,lento,0,0,503,6,0.06666666666666667,0
104,1926,409,lento,0,0,497,3,0.1,0
104,1926,432,lento,0,0,474,2,0.1111111111111111,0
104,1927,416,lento,0,0,570,23,0.0,0
104,1927,448,lento,0,0,538,20,0.03333333333333333,0
104,1927,486,lento,0,0,500,9,0.15555555555555556,0
104,1927,498,lento,0,0,488,6,0.18888888888888888,0
104,1928,575,lento,0,0,386,4,0.13333333333333333,0
104,1928,577,lento,0,0,384,4,0.13333333333333333,0
104,1928,591,lento,0,0,370,2,0.15555555555555556,0
104,1928,597,lento,0,0,364,1,0.16666666666666666,0
104,1929,591,lento,0,0,468,18,0.0,0
104,1929,613,lento,0,0,446,14,0.044444444444444446,0
104,1929,618,lento,0,0,441,14,0.044444444444444446,0
104,1929,630,lento,0,0,429,13,0.05555555555555555,0
104,1930,702,lento,0,0,499,16,0.022222222222222223,0
104,1930,732,lento,0,0,469,5,0.14444444444444443,0
104,1930,734,lento,0,0,467,5,0.14444444444444443,0
104,1930,735,lento,0,0,466,5,0.14444444444444443,0
104,1931,750,lento,0,0,455,27,0.0,0
104,1931,775,lento,0,0,430,22,0.05555555555555555,0
104,1931,776,lento,0,0,429,22,0.05555555555555555,0
104,1931,808,lento,0,0,397,12,0.16666666666666666,0
104,1932,897,lento,0,0,498,24,0.0,0
104,1932,943,lento,0,0,452,10,0.15555555555555556,0
104,1932,951,lento,0,0,444,8,0.17777777777777778,0
104,1932,984,lento,0,0,411,3,0.23333333333333334,0
104,1933,994,lento,0,0,481,20,0.0,0
104,1933,1000,lento,0,0,475,20,0.0,0
104,1933,1032,lento,0,0,443,16,0.044444444444444446,0
104,1933,1066,lento,0,0,409,8,0.13333333333333333,0
104,1934,1088,lento,0,0,480,27,0.0,0
104,1934,1105,lento,0,0,463,23,0.044444444444444446,0
104,1934,1121,lento,0,0,447,21,0.06666666666666667,0
104,1934,1194,lento,0,0,374,1,0.24444444444444444,0
105,1936,120,medio,0,1,50,133,1.3888888888888888,28
105,1936,135,medio,0,1,35,96,1.5222222222222221,28
105,1936,151,medio,0,1,19,71,1.6,28
105,1936,165,medio,0,1,5,43,1.7555555555555555,28
105,1937,202,medio,0,1,125,284,0.5111111111111111,68
105,1937,219,medio,0,1,108,251,0.8777777777777778,68
105,1937,252,medio,0,1,75,205,1.3888888888888888,68
105,1937,262,medio,0,1,65,190,1.5555555555555556,68
105,1938,387,medio,0,1,91,252,1.0444444444444445,68
105,1938,405,medio,0,1,73,223,1.3666666666666667,68
105,1938,418,medio,0,1,60,200,1.6222222222222222,68
105,1938,471,medio,0,1,7,79,2.1,68
105,1939,496,medio,0,1,162,224,0.2,0
105,1939,547,medio,0,1,111,155,0.9666666666666667,0
105,1939,578,medio,0,1,80,109,1.4222222222222223,0
105,1939,636,medio,0,1,22,14,1.5777777777777777,0
105,1940,638,medio,0,1,168,194,0.0,0
105,1940,685,medio,0,1,121,126,0.7555555555555555,0
105,1940,746,medio,0,1,60,43,1.5,0
105,1940,773,medio,0,1,33,5,1.4,0
105,1941,807,medio,0,1,128,157,0.6111111111111112,0
105,1941,824,medio,0,1,111,131,0.9,0
105,1941,866,medio,0,1,69,70,1.5666666666666667,0
105,1941,888,medio,0,1,47,42,1.4333333333333333,0
105,1942,927,medio,0,1,152,251,0.12222222222222222,50
105,1942,947,medio,0,1,132,218,0.4888888888888889,50
105,1942,950,medio,0,1,129,212,0.5555555555555556,50
105,1942,989,medio,0,1,90,169,1.0333333333333334,50
106,1946,126,medio,0,0,308,43,0.43333333333333335,0
106,1946,134,medio,0,0,300,28,0.6,0
106,1946,138,medio,0,0,296,21,0.6777777777777778,0
106,1946,141,medio,0,0,293,16,0.7333333333333333,0
106,1947,141,medio,0,0,317,139,0.0,0
106,1947,164,medio,0,0,294,104,0.3888888888888889,0
106,1947,172,medio,0,0,286,89,0.5555555555555556,0
106,1947,189,medio,0,0,269,61,0.8666666666666667,0
106,1948,220,medio,0,0,323,122,0.05555555555555555,0
106,1948,224,medio,0,0,319,117,0.1111111111111111,0
106,1948,242,medio,0,0,301,76,0.5666666666666667,0
106,1948,261,medio,0,0,282,24,1.1444444444444444,0
106,1949,276,medio,0,0,303,74,0.0,0
106,1949,294,medio,0,0,285,33,0.45555555555555555,0
106,1949,319,medio,0,0,260,11,0.7,0
106,1949,330,medio,0,0,249,11,0.7,0
106,1950,305,medio,0,0,270,64,0.05555555555555555,0
106,1950,307,medio,0,0,268,59,0.1111111111111111,0
106,1950,314,medio,0,0,261,51,0.2,0
106,1950,331,medio,0,0,244,4,0.7222222222222222,0
106,1951,364,medio,0,0,305,45,0.8777777777777778,0
106,1951,371,medio,0,0,298,37,0.9666666666666667,0
106,1951,390,medio,0,0,279,18,1.1777777777777778,0
106,1951,451,medio,0,0,218,7,0.45555555555555555,0
106,1952,402,medio,0,0,249,91,0.6111111111111112,0
106,1952,417,medio,0,0,234,60,0.9555555555555556,0
106,1952,424,medio,0,0,227,48,1.0888888888888888,0
106,1952,435,medio,0,0,216,25,1.3444444444444446,0
106,1953,452,medio,0,0,262,86,0.0,0
106,1953,459,medio,0,0,255,64,0.24444444444444444,0
106,1953,465,medio,0,0,249,50,0.4,0
106,1953,467,medio,0,0,247,44,0.4666666666666667,0
106,1954,478,medio,0,0,287,80,0.05555555555555555,0
106,1954,493,medio,0,0,272,56,0.32222222222222224,0
106,1954,498,medio,0,0,267,44,0.45555555555555555,0
106,1954,499,medio,0,0,266,43,0.4666666666666667,0
106,1955,509,medio,0,0,273,130,0.0,0
106,1955,512,medio,0,0,270,124,0.06666666666666667,0
106,1955,538,medio,0,0,244,42,0.9777777777777777,0
106,1955,550,medio,0,0,232,10,1.3333333333333333,0
106,1956,549,medio,0,0,318,61,0.0,0
106,1956,555,medio,0,0,312,31,0.3333333333333333,0
106,1956,557,medio,0,0,310,25,0.4,0
106,1956,562,medio,0,0,305,9,0.5777777777777777,0
106,1957,573,medio,0,0,309,63,0.14444444444444443,0
106,1957,576,medio,0,0,306,53,0.25555555555555554,0
106,1957,584,medio,0,0,298,36,0.4444444444444444,0
106,1957,587,medio,0,0,295,23,0.5888888888888889,0
106,1958,591,medio,0,0,327,68,0.0,0
106,1958,602,medio,0,0,316,50,0.2,0
106,1958,609,medio,0,0,309,28,0.4444444444444444,0
106,1958,614,medio,0,0,304,14,0.6,0
106,1959,620,medio,0,0,344,124,0.05555555555555555,0
106,1959,628,medio,0,0,336,76,0.5888888888888889,0
106,1959,633,medio,0,0,331,64,0.7222222222222222,0
106,1959,673,medio,0,0,291,8,1.3444444444444446,0
106,1960,652,medio,0,0,278,122,0.17777777777777778,0
106,1960,657,medio,0,0,273,98,0.4444444444444444,0
106,1960,661,medio,0,0,269,88,0.5555555555555556,0
106,1960,664,medio,0,0,266,79,0.6555555555555556,0
106,1961,686,medio,0,0,338,84,0.08888888888888889,0
106,1961,704,medio,0,0,320,19,0.8111111111111111,0
106,1961,731,medio,0,0,293,12,0.8888888888888888,0
106,1961,744,medio,0,0,280,3,0.9888888888888889,0
106,1962,727,medio,0,0,292,49,1.011111111111111,0
106,1962,731,medio,0,0,288,33,1.1888888888888889,0
106,1962,735,medio,0,0,284,20,1.3333333333333333,0
106,1962,736,medio,0,0,283,19,1.3444444444444446,0
106,1963,744,medio,0,0,313,67,0.0,0
106,1963,748,medio,0,0,309,48,0.2111111111111111,0
106,1963,774,medio,0,0,283,8,0.6555555555555556,0
106,1963,789,medio,0,0,268,2,0.7222222222222222,0
106,1964,767,medio,0,0,254,67,0.16666666666666666,0
106,1964,776,medio,0,0,245,46,0.4,0
106,1964,778,medio,0,0,243,41,0.45555555555555555,0
106,1964,780,medio,0,0,241,26,0.6222222222222222,0
106,1965,788,medio,0,0,289,81,0.0,0
106,1965,799,medio,0,0,278,66,0.16666666666666666,0
106,1965,816,medio,0,0,261,13,0.7555555555555555,0
106,1965,817,medio,0,0,260,4,0.8555555555555555,0
106,1966,819,medio,0,0,289,63,0.022222222222222223,0
106,1966,824,medio,0,0,284,51,0.15555555555555556,0
106,1966,827,medio,0,0,281,46,0.2111111111111111,0
106,1966,842,medio,0,0,266,4,0.6777777777777778,0
106,1967,837,medio,0,0,291,56,0.0,0
106,1967,842,medio,0,0,286,56,0.0,0
106,1967,843,medio,0,0,285,50,0.06666666666666667,0
106,1967,847,medio,0,0,281,44,0.13333333333333333,0
106,1968,859,medio,0,0,319,108,0.12222222222222222,0
106,1968,871,medio,0,0,307,61,0.6444444444444445,0
106,1968,875,medio,0,0,303,55,0.7111111111111111,0
106,1968,885,medio,0,0,293,21,1.0888888888888888,0
106,1969,891,medio,0,0,287,77,0.07777777777777778,0
106,1969,896,medio,0,0,282,60,0.26666666666666666,0
106,1969,898,medio,0,0,280,46,0.4222222222222222,0
106,1969,902,medio,0,0,276,38,0.5111111111111111,0
106,1970,911,medio,0,0,284,121,0.0,0
106,1970,946,medio,0,0,249,58,0.7,0
106,1970,957,medio,0,0,238,30,1.011111111111111,0
106,1970,959,medio,0,0,236,24,1.0777777777777777,0
106,1971,966,medio,0,0,321,100,0.0,0
106,1971,989,medio,0,0,298,54,0.5111111111111111,0
106,1971,999,medio,0,0,288,30,0.7777777777777778,0
106,1971,1003,medio,0,0,284,21,0.8777777777777778,0
106,1972,1009,medio,0,0,287,78,0.0,0
106,1972,1046,medio,0,0,250,42,0.4,0
106,1972,1056,medio,0,0,240,32,0.5111111111111111,0
106,1972,1059,medio,0,0,237,27,0.5666666666666667,0
106,1973,1066,medio,0,0,349,67,0.0,0
106,1973,1107,medio,0,0,308,46,0.23333333333333334,0
106,1973,1125,medio,0,0,290,23,0.4888888888888889,0
106,1973,1127,medio,0,0,288,17,0.5555555555555556,0
106,1974,1130,medio,0,0,289,110,0.0,0
106,1974,1133,medio,0,0,286,110,0.0,0
106,1974,1147,medio,0,0,272,102,0.08888888888888889,0
106,1974,1151,medio,0,0,268,94,0.17777777777777778,0
107,1978,124,medio,1,0,189,17,0.2111111111111111,0
107,1978,126,medio,1,0,187,15,0.23333333333333334,0
107,1978,127,medio,1,0,186,14,0.24444444444444444,0
107,1978,133,medio,1,0,180,8,0.3111111111111111,0
107,1979,131,medio,1,0,279,76,0.0,0
107,1979,149,medio,1,0,261,56,0.2222222222222222,0
107,1979,155,medio,1,0,255,47,0.32222222222222224,0
107,1979,178,medio,1,0,232,18,0.6444444444444445,0
107,1980,185,medio,1,0,230,70,0.0,0
107,1980,187,medio,1,0,228,69,0.011111111111111112,0
107,1980,188,medio,1,0,227,69,0.011111111111111112,0
107,1980,216,medio,1,0,199,35,0.3888888888888889,0
107,1981,264,medio,1,0,186,48,0.2222222222222222,0
107,1981,270,medio,1,0,180,42,0.28888888888888886,0
107,1981,282,medio,1,0,168,27,0.45555555555555555,0
107,1981,298,medio,1,0,152,10,0.6444444444444445,0
107,1982,325,medio,1,0,241,31,0.1111111111111111,0
107,1982,340,medio,1,0,226,28,0.14444444444444443,0
107,1982,386,medio,1,0,180,12,0.32222222222222224,0
107,1982,397,medio,1,0,169,10,0.34444444444444444,0
107,1983,456,medio,1,0,197,41,0.34444444444444444,0
107,1983,483,medio,1,0,170,29,0.4777777777777778,0
107,1983,489,medio,1,0,164,25,0.5222222222222223,0
107,1983,507,medio,1,0,146,10,0.6444444444444445,0
107,1984,506,medio,1,0,241,38,0.0,0
107,1984,522,medio,1,0,225,28,0.1111111111111111,0
107,1984,524,medio,1,0,223,26,0.13333333333333333,0
107,1984,537,medio,1,0,210,15,0.25555555555555554,0
107,1985,548,medio,1,0,253,54,0.03333333333333333,0
107,1985,566,medio,1,0,235,36,0.23333333333333334,0
107,1985,581,medio,1,0,220,17,0.4444444444444444,0
107,1985,591,medio,1,0,210,9,0.5333333333333333,0
107,1986,589,medio,1,0,218,83,0.0,0
107,1986,629,medio,1,0,178,53,0.3333333333333333,0
107,1986,638,medio,1,0,169,36,0.5222222222222223,0
107,1986,655,medio,1,0,152,16,0.7444444444444445,0
107,1987,666,medio,1,0,259,99,0.0,0
107,1987,670,medio,1,0,255,99,0.0,0
107,1987,680,medio,1,0,245,90,0.1,0
107,1987,775,medio,1,0,150,26,0.6333333333333333,0
107,1988,811,medio,1,0,256,35,0.03333333333333333,0
107,1988,812,medio,1,0,255,35,0.03333333333333333,0
107,1988,814,medio,1,0,253,34,0.044444444444444446,0
107,1988,824,medio,1,0,243,10,0.3111111111111111,0
107,1989,844,medio,1,0,246,91,0.1,0
107,1989,856,medio,1,0,234,81,0.2111111111111111,0
107,1989,882,medio,1,0,208,35,0.7222222222222222,0
107,1989,890,medio,1,0,200,20,0.8888888888888888,0
107,1990,898,medio,1,0,263,107,0.0,0
107,1990,911,medio,1,0,250,90,0.18888888888888888,0
107,1990,922,medio,1,0,239,73,0.37777777777777777,0
107,1990,936,medio,1,0,225,57,0.5555555555555556,0
107,1991,972,medio,1,0,234,57,0.15555555555555556,0
107,1991,981,medio,1,0,225,46,0.2777777777777778,0
107,1991,988,medio,1,0,218,34,0.4111111111111111,0
107,1991,1010,medio,1,0,196,2,0.7666666666666667,0
107,1992,1023,medio,1,0,252,65,0.07777777777777778,0
107,1992,1039,medio,1,0,236,51,0.23333333333333334,0
107,1992,1070,medio,1,0,205,26,0.5111111111111111,0
107,1992,1075,medio,1,0,200,23,0.5444444444444444,0
107,1993,1092,medio,1,0,243,45,0.0,0
107,1993,1104,medio,1,0,231,45,0.0,0
107,1993,1122,medio,1,0,213,32,0.14444444444444443,0
107,1993,1124,medio,1,0,211,27,0.2,0
107,1994,1140,medio,1,0,250,94,0.0,0
107,1994,1157,medio,1,0,233,78,0.17777777777777778,0
107,1994,1164,medio,1,0,226,70,0.26666666666666666,0
107,1994,1168,medio,1,0,222,68,0.28888888888888886,0
108,1996,127,lento,1,0,219,2,0.03333333333333333,0
108,1996,137,lento,1,0,209,2,0.03333333333333333,0
108,1996,139,lento,1,0,207,2,0.03333333333333333,0
108,1996,157,lento,1,0,189,2,0.03333333333333333,0
108,1997,184,lento,1,0,320,4,0.0,0
108,1997,186,lento,1,0,318,4,0.0,0
108,1997,189,lento,1,0,315,4,0.0,0
108,1997,192,lento,1,0,312,3,0.011111111111111112,0
108,1998,223,lento,1,0,358,2,0.0,0
108,1998,228,lento,1,0,353,2,0.0,0
108,1998,229,lento,1,0,352,2,0.0,0
108,1998,245,lento,1,0,336,2,0.0,0
108,1999,295,lento,1,0,354,4,0.011111111111111112,0
108,1999,303,lento,1,0,346,4,0.011111111111111112,0
108,1999,308,lento,1,0,341,4,0.011111111111111112,0
108,1999,337,lento,1,0,312,1,0.044444444444444446,0
108,2000,350,lento,1,0,390,7,0.0,0
108,2000,368,lento,1,0,372,6,0.011111111111111112,0
108,2000,395,lento,1,0,345,1,0.06666666666666667,0
108,2000,399,lento,1,0,341,1,0.06666666666666667,0
108,2001,415,lento,1,0,343,2,0.011111111111111112,0
108,2001,416,lento,1,0,342,1,0.022222222222222223,0
108,2001,417,lento,1,0,341,1,0.022222222222222223,0
108,2001,420,lento,1,0,338,1,0.022222222222222223,0
108,2002,427,lento,1,0,356,2,0.011111111111111112,0
108,2002,428,lento,1,0,355,2,0.011111111111111112,0
108,2002,437,lento,1,0,346,1,0.022222222222222223,0
108,2002,440,lento,1,0,343,1,0.022222222222222223,0
108,2003,465,lento,1,0,316,3,0.011111111111111112,0
108,2003,486,lento,1,0,295,3,0.011111111111111112,0
108,2003,516,lento,1,0,265,2,0.022222222222222223,0
108,2003,523,lento,1,0,258,1,0.03333333333333333,0
108,2004,550,lento,1,0,344,6,0.0,0
108,2004,574,lento,1,0,320,6,0.0,0
108,2004,580,lento,1,0,314,6,0.0,0
108,2004,594,lento,1,0,300,3,0.03333333333333333,0
108,2005,610,lento,1,0,341,4,0.0,0
108,2005,614,lento,1,0,337,3,0.011111111111111112,0
108,2005,624,lento,1,0,327,3,0.011111111111111112,0
108,2005,632,lento,1,0,319,2,0.022222222222222223,0
108,2006,652,lento,1,0,354,4,0.0,0
108,2006,656,lento,1,0,350,4,0.0,0
108,2006,665,lento,1,0,341,2,0.022222222222222223,0
108,2006,669,lento,1,0,337,1,0.03333333333333333,0
108,2007,678,lento,1,0,371,4,0.011111111111111112,0
108,2007,687,lento,1,0,362,4,0.011111111111111112,0
108,2007,695,lento,1,0,354,2,0.03333333333333333,0
108,2007,699,lento,1,0,350,2,0.03333333333333333,0
108,2008,720,lento,1,0,385,5,0.0,0
108,2008,721,lento,1,0,384,5,0.0,0
108,2008,725,lento,1,0,380,5,0.0,0
108,2008,730,lento,1,0,375,3,0.022222222222222223,0
108,2009,741,lento,1,0,341,3,0.0,0
108,2009,742,lento,1,0,340,1,0.022222222222222223,0
108,2010,748,lento,1,0,318,5,0.0,0
108,2010,749,lento,1,0,317,5,0.0,0
108,2010,773,lento,1,0,293,2,0.03333333333333333,0
108,2010,775,lento,1,0,291,2,0.03333333333333333,0
108,2011,798,lento,1,0,327,5,0.0,0
108,2011,814,lento,1,0,311,3,0.022222222222222223,0
108,2011,850,lento,1,0,275,3,0.022222222222222223,0
108,2011,893,lento,1,0,232,2,0.022222222222222223,0
108,2012,915,lento,1,0,308,6,0.0,0
108,2012,943,lento,1,0,280,5,0.011111111111111112,0
108,2012,986,lento,1,0,237,2,0.044444444444444446,0
108,2012,992,lento,1,0,231,2,0.044444444444444446,0
108,2013,1042,lento,1,0,345,4,0.0,0
108,2013,1068,lento,1,0,319,1,0.03333333333333333,0
108,2013,1070,lento,1,0,317,1,0.03333333333333333,0
108,2013,1073,lento,1,0,314,1,0.03333333333333333,0
108,2014,1123,lento,1,0,291,2,0.03333333333333333,0
108,2014,1141,lento,1,0,273,1,0.044444444444444446,0
108,2014,1173,lento,1,0,241,1,0.044444444444444446,0
108,2014,1192,lento,1,0,222,1,0.022222222222222223,0
109,2017,120,lento,0,0,294,1,0.12222222222222222,0
109,2017,121,lento,0,0,293,1,0.12222222222222222,0
109,2017,122,lento,0,0,292,1,0.12222222222222222,0
109,2018,147,lento,0,0,356,10,0.06666666666666667,0
109,2018,153,lento,0,0,350,10,0.06666666666666667,0
109,2018,183,lento,0,0,320,5,0.12222222222222222,0
109,2018,187,lento,0,0,316,2,0.15555555555555556,0
109,2019,194,lento,0,0,339,8,0.0,0
109,2019,213,lento,0,0,320,3,0.05555555555555555,0
109,2019,225,lento,0,0,308,2,0.06666666666666667,0
109,2019,228,lento,0,0,305,2,0.06666666666666667,0
109,2020,276,lento,0,0,279,2,0.044444444444444446,0
109,2020,291,lento,0,0,264,2,0.044444444444444446,0
109,2020,294,lento,0,0,261,2,0.044444444444444446,0
109,2020,303,lento,0,0,252,2,0.044444444444444446,0
109,2021,272,lento,0,0,278,7,0.0,0
109,2021,282,lento,0,0,268,6,0.011111111111111112,0
109,2021,302,lento,0,0,248,2,0.05555555555555555,0
109,2021,304,lento,0,0,246,1,0.06666666666666667,0
109,2022,311,lento,0,0,382,14,0.0,0
109,2022,368,lento,0,0,325,10,0.044444444444444446,0
109,2022,380,lento,0,0,313,8,0.06666666666666667,0
109,2022,449,lento,0,0,244,2,0.1,0
109,2023,429,lento,0,0,336,6,0.0,0
109,2023,466,lento,0,0,299,4,0.022222222222222223,0
109,2023,473,lento,0,0,292,4,0.022222222222222223,0
109,2023,480,lento,0,0,285,1,0.05555555555555555,0
109,2024,511,lento,0,0,348,6,0.044444444444444446,0
109,2024,515,lento,0,0,344,6,0.044444444444444446,0
109,2024,544,lento,0,0,315,3,0.07777777777777778,0
109,2024,557,lento,0,0,302,1,0.1,0
109,2025,559,lento,0,0,328,10,0.0,0
109,2025,568,lento,0,0,319,9,0.011111111111111112,0
109,2025,599,lento,0,0,288,2,0.08888888888888889,0
109,2025,613,lento,0,0,274,1,0.1,0
109,2026,624,lento,0,0,351,11,0.0,0
109,2026,625,lento,0,0,350,10,0.011111111111111112,0
109,2026,630,lento,0,0,345,8,0.03333333333333333,0
109,2026,652,lento,0,0,323,5,0.06666666666666667,0
109,2027,669,lento,0,0,389,7,0.0,0
109,2027,677,lento,0,0,381,7,0.0,0
109,2027,684,lento,0,0,374,6,0.011111111111111112,0
109,2027,688,lento,0,0,370,4,0.03333333333333333,0
109,2028,732,lento,0,0,344,8,0.08888888888888889,0
109,2028,756,lento,0,0,320,3,0.14444444444444443,0
109,2028,836,lento,0,0,240,1,0.03333333333333333,0
109,2028,845,lento,0,0,231,1,0.022222222222222223,0
109,2029,769,lento,0,0,304,17,0.0,0
109,2029,802,lento,0,0,271,10,0.07777777777777778,0
109,2029,817,lento,0,0,256,8,0.1,0
109,2029,850,lento,0,0,223,4,0.14444444444444443,0
109,2030,885,lento,0,0,331,6,0.03333333333333333,0
109,2030,889,lento,0,0,327,6,0.03333333333333333,0
109,2030,891,lento,0,0,325,4,0.05555555555555555,0
109,2030,899,lento,0,0,317,1,0.08888888888888889,0
109,2031,921,lento,0,0,314,14,0.022222222222222223,0
109,2031,930,lento,0,0,305,10,0.06666666666666667,0
109,2031,959,lento,0,0,276,2,0.15555555555555556,0
109,2031,961,lento,0,0,274,1,0.16666666666666666,0
109,2032,982,lento,0,0,324,5,0.011111111111111112,0
109,2032,984,lento,0,0,322,5,0.011111111111111112,0
109,2032,993,lento,0,0,313,4,0.022222222222222223,0
109,2032,1015,lento,0,0,291,1,0.05555555555555555,0
109,2033,1005,lento,0,0,363,7,0.0,0
109,2033,1009,lento,0,0,359,7,0.0,0
109,2033,1019,lento,0,0,349,6,0.011111111111111112,0
109,2033,1020,lento,0,0,348,6,0.011111111111111112,0
109,2034,1048,lento,0,0,376,10,0.0,0
109,2034,1063,lento,0,0,361,7,0.03333333333333333,0
109,2034,1076,lento,0,0,348,5,0.05555555555555555,0
109,2034,1090,lento,0,0,334,3,0.07777777777777778,0
109,2035,1111,lento,0,0,346,12,0.011111111111111112,0
109,2035,1134,lento,0,0,323,7,0.06666666666666667,0
109,2035,1142,lento,0,0,315,7,0.06666666666666667,0
109,2035,1150,lento,0,0,307,1,0.13333333333333333,0
109,2036,1167,lento,0,0,350,8,0.03333333333333333,0
109,2036,1180,lento,0,0,337,7,0.044444444444444446,0
109,2036,1182,lento,0,0,335,6,0.05555555555555555,0
109,2036,1189,lento,0,0,328,5,0.06666666666666667,0
110,2039,122,rapido,0,0,432,37,1.7777777777777777,0
110,2039,124,rapido,0,0,430,30,1.8555555555555556,0
110,2039,127,rapido,0,0,427,19,1.9777777777777779,0
110,2039,129,rapido,0,0,425,3,2.1555555555555554,0
110,2040,172,rapido,0,0,408,353,2.033333333333333,0
110,2040,178,rapido,0,0,402,317,2.433333333333333,0
110,2040,196,rapido,0,0,384,227,3.433333333333333,0
110,2040,201,rapido,0,0,379,190,3.8444444444444446,0
110,2041,257,rapido,0,0,401,430,1.4111111111111112,0
110,2041,271,rapido,0,0,387,349,2.311111111111111,0
110,2041,272,rapido,0,0,386,338,2.433333333333333,0
110,2041,329,rapido,0,0,329,20,5.633333333333334,0
110,2042,368,rapido,0,0,420,57,2.1333333333333333,0
110,2042,372,rapido,0,0,416,57,2.1333333333333333,0
110,2042,391,rapido,0,0,397,57,2.1333333333333333,0
110,2042,441,rapido,0,0,347,4,1.6888888888888889,0
110,2043,392,rapido,0,0,390,234,1.3222222222222222,0
110,2043,397,rapido,0,0,385,210,1.5888888888888888,0
110,2043,398,rapido,0,0,384,202,1.6777777777777778,0
110,2043,422,rapido,0,0,360,58,3.2777777777777777,0
110,2044,439,rapido,0,0,476,528,0.0,0
110,2044,482,rapido,0,0,433,286,2.688888888888889,0
110,2044,524,rapido,0,0,391,82,4.955555555555556,0
110,2044,537,rapido,0,0,378,12,5.277777777777778,0
110,2045,549,rapido,0,0,367,254,0.7111111111111111,0
110,2045,551,rapido,0,0,365,238,0.8888888888888888,0
110,2045,559,rapido,0,0,357,200,1.3111111111111111,0
110,2045,574,rapido,0,0,342,97,2.4555555555555557,0
110,2046,600,rapido,0,0,382,358,0.4888888888888889,0
110,2046,607,rapido,0,0,375,321,0.9,0
110,2046,614,rapido,0,0,368,286,1.288888888888889,0
110,2046,627,rapido,0,0,355,197,2.2777777777777777,0
110,2047,651,rapido,0,0,445,233,0.0,0
110,2047,652,rapido,0,0,444,233,0.0,0
110,2047,654,rapido,0,0,442,233,0.0,0
110,2047,682,rapido,0,0,414,85,1.6444444444444444,0
110,2048,705,rapido,0,0,446,383,0.9666666666666667,0
110,2048,764,rapido,0,0,387,88,4.2444444444444445,0
110,2048,794,rapido,0,0,357,68,3.611111111111111,0
110,2048,803,rapido,0,0,348,68,3.033333333333333,0
110,2049,778,rapido,0,0,360,175,0.6222222222222222,0
110,2049,785,rapido,0,0,353,143,0.9777777777777777,0
110,2049,804,rapido,0,0,334,55,1.9555555555555555,0
110,2049,810,rapido,0,0,328,8,2.477777777777778,0
110,2050,861,rapido,0,0,439,254,2.066666666666667,0
110,2050,876,rapido,0,0,424,181,2.8777777777777778,0
110,2050,892,rapido,0,0,408,109,3.6777777777777776,0
110,2050,899,rapido,0,0,401,72,4.088888888888889,0
110,2051,907,rapido,0,0,413,302,0.0,0
110,2051,920,rapido,0,0,400,262,0.4444444444444444,0
110,2051,927,rapido,0,0,393,204,1.0888888888888888,0
110,2051,943,rapido,0,0,377,116,2.066666666666667,0
110,2052,955,rapido,0,0,373,301,0.0,0
110,2052,991,rapido,0,0,337,173,1.4222222222222223,0
110,2052,1005,rapido,0,0,323,104,2.188888888888889,0
110,2052,1010,rapido,0,0,318,79,2.466666666666667,0
110,2053,1015,rapido,0,0,390,241,0.0,0
110,2053,1031,rapido,0,0,374,185,0.6222222222222222,0
110,2053,1034,rapido,0,0,371,165,0.8444444444444444,0
110,2053,1040,rapido,0,0,365,134,1.1888888888888889,0
110,2054,1068,rapido,0,0,365,429,0.2,0
110,2054,1102,rapido,0,0,331,242,2.2777777777777777,0
110,2054,1130,rapido,0,0,303,93,3.933333333333333,0
110,2054,1135,rapido,0,0,298,69,4.2,0
111,2056,120,medio,1,0,341,34,1.4333333333333333,0
111,2056,122,medio,1,0,339,29,1.4444444444444444,0
111,2056,123,medio,1,0,338,29,1.4,0
111,2056,135,medio,1,0,326,11,1.3444444444444446,0
111,2057,143,medio,1,0,445,84,0.07777777777777778,0
111,2057,147,medio,1,0,441,74,0.18888888888888888,0
111,2057,157,medio,1,0,431,51,0.4444444444444444,0
111,2057,184,medio,1,0,404,1,1.0,0
111,2058,183,medio,1,0,416,107,0.0,0
111,2058,198,medio,1,0,401,85,0.24444444444444444,0
111,2058,202,medio,1,0,397,76,0.34444444444444444,0
111,2058,219,medio,1,0,380,19,0.9777777777777777,0
111,2059,227,medio,1,0,428,181,0.05555555555555555,0
111,2059,242,medio,1,0,413,144,0.4666666666666667,0
111,2059,287,medio,1,0,368,21,1.8333333333333333,0
111,2059,293,medio,1,0,362,6,2.0,0
111,2060,299,medio,1,0,459,227,0.08888888888888889,0
111,2060,328,medio,1,0,430,141,1.0444444444444445,0
111,2060,379,medio,1,0,379,53,2.022222222222222,0
111,2060,386,medio,1,0,372,32,2.2555555555555555,0
111,2061,414,medio,1,0,529,195,0.0,0
111,2061,488,medio,1,0,455,149,0.5111111111111111,0
111,2061,559,medio,1,0,384,69,1.2222222222222223,0
111,2061,561,medio,1,0,382,66,1.2222222222222223,0
111,2062,581,medio,1,0,537,234,0.0,0
111,2062,611,medio,1,0,507,208,0.28888888888888886,0
111,2062,698,medio,1,0,420,44,1.9,0
111,2062,707,medio,1,0,411,32,1.7777777777777777,0
111,2063,711,medio,1,0,444,191,0.0,0
111,2063,744,medio,1,0,411,165,0.28888888888888886,0
111,2063,813,medio,1,0,342,110,0.8777777777777778,0
111,2063,847,medio,1,0,308,85,0.7222222222222222,0
111,2064,907,medio,1,0,446,222,0.0,0
111,2064,940,medio,1,0,413,183,0.43333333333333335,0
111,2064,941,medio,1,0,412,181,0.45555555555555555,0
111,2064,1011,medio,1,0,342,39,2.033333333333333,0
111,2065,1034,medio,1,0,450,70,0.3111111111111111,0
111,2065,1043,medio,1,0,441,58,0.4444444444444444,0
111,2065,1068,medio,1,0,416,23,0.8333333333333334,0
111,2065,1074,medio,1,0,410,11,0.9666666666666667,0
112,2068,129,rapido,0,1,60,798,3.111111111111111,383
112,2068,133,rapido,0,1,56,769,3.433333333333333,383
112,2068,178,rapido,0,1,11,468,6.355555555555555,383
112,2068,186,rapido,0,1,3,412,6.377777777777778,383
112,2069,224,rapido,0,1,56,1065,2.811111111111111,623
112,2069,232,rapido,0,1,48,989,3.6555555555555554,623
112,2069,236,rapido,0,1,44,952,4.066666666666666,623
112,2069,272,rapido,0,1,8,678,7.111111111111111,623
112,2070,319,rapido,0,1,64,359,3.577777777777778,0
112,2070,339,rapido,0,1,44,182,5.544444444444444,0
112,2070,358,rapido,0,1,25,75,6.733333333333333,0
112,2070,360,rapido,0,1,23,55,6.955555555555556,0
112,2071,396,rapido,0,1,66,1106,1.711111111111111,699
112,2071,399,rapido,0,1,63,1089,1.9,699
112,2071,418,rapido,0,1,44,952,3.422222222222222,699
112,2071,451,rapido,0,1,11,757,5.588888888888889,699
112,2072,466,rapido,0,1,87,1714,0.0,1157
112,2072,472,rapido,0,1,81,1678,0.4,1157
112,2072,476,rapido,0,1,77,1643,0.7888888888888889,1157
112,2072,528,rapido,0,1,25,1339,4.166666666666667,1157
112,2073,563,rapido,0,1,88,658,0.37777777777777777,81
112,2073,593,rapido,0,1,58,451,2.6777777777777776,81
112,2073,604,rapido,0,1,47,374,3.533333333333333,81
112,2073,629,rapido,0,1,22,208,5.377777777777778,81
112,2074,660,rapido,0,1,100,1168,0.2,435
112,2074,662,rapido,0,1,98,1162,0.26666666666666666,435
112,2074,733,rapido,0,1,27,659,5.855555555555555,435
112,2074,749,rapido,0,1,11,523,7.233333333333333,435
112,2075,766,rapido,0,1,88,1722,0.13333333333333333,1055
112,2075,769,rapido,0,1,85,1709,0.2777777777777778,1055
112,2075,774,rapido,0,1,80,1676,0.6444444444444445,1055
112,2075,779,rapido,0,1,75,1646,0.9777777777777777,1055
112,2076,869,rapido,0,1,78,1032,0.6,480
112,2076,892,rapido,0,1,55,858,2.533333333333333,480
112,2076,923,rapido,0,1,24,632,5.044444444444444,480
112,2076,924,rapido,0,1,23,624,5.133333333333334,480
112,2077,962,rapido,0,1,78,1118,0.7222222222222222,626
112,2077,1004,rapido,0,1,36,850,3.7,626
112,2077,1018,rapido,0,1,22,771,4.5777777777777775,626
112,2077,1033,rapido,0,1,7,684,5.544444444444444,626
112,2078,1074,rapido,0,1,54,753,1.5222222222222221,487
112,2078,1077,rapido,0,1,51,741,1.6555555555555554,487
112,2078,1100,rapido,0,1,28,637,2.811111111111111,487
112,2078,1106,rapido,0,1,22,610,3.111111111111111,487
113,2083,133,lento,1,0,613,22,0.06666666666666667,0
113,2083,149,lento,1,0,597,19,0.1,0
113,2083,190,lento,1,0,556,2,0.28888888888888886,0
113,2083,191,lento,1,0,555,2,0.28888888888888886,0
113,2084,183,lento,1,0,689,43,0.0,0
113,2084,194,lento,1,0,678,43,0.0,0
113,2084,200,lento,1,0,672,43,0.0,0
113,2084,276,lento,1,0,596,12,0.34444444444444444,0
113,2085,300,lento,1,0,640,30,0.0,0
113,2085,304,lento,1,0,636,30,0.0,0
113,2085,334,lento,1,0,606,13,0.18888888888888888,0
113,2085,335,lento,1,0,605,12,0.2,0
113,2086,346,lento,1,0,577,13,0.022222222222222223,0
113,2086,347,lento,1,0,576,12,0.03333333333333333,0
113,2086,349,lento,1,0,574,10,0.05555555555555555,0
113,2086,350,lento,1,0,573,4,0.12222222222222222,0
113,2087,357,lento,1,0,670,27,0.0,0
113,2087,411,lento,1,0,616,3,0.26666666666666666,0
113,2087,414,lento,1,0,613,3,0.26666666666666666,0
113,2087,423,lento,1,0,604,3,0.26666666666666666,0
113,2088,392,lento,1,0,596,35,0.022222222222222223,0
113,2088,394,lento,1,0,594,33,0.044444444444444446,0
113,2088,409,lento,1,0,579,22,0.16666666666666666,0
113,2088,415,lento,1,0,573,14,0.25555555555555554,0
113,2089,434,lento,1,0,722,19,0.0,0
113,2089,438,lento,1,0,718,16,0.03333333333333333,0
113,2089,450,lento,1,0,706,10,0.1,0
113,2089,458,lento,1,0,698,5,0.15555555555555556,0
113,2090,466,lento,1,0,647,19,0.08888888888888889,0
113,2090,478,lento,1,0,635,16,0.12222222222222222,0
113,2090,484,lento,1,0,629,14,0.14444444444444443,0
113,2090,491,lento,1,0,622,8,0.2111111111111111,0
113,2091,526,lento,1,0,649,20,0.06666666666666667,0
113,2091,528,lento,1,0,647,17,0.1,0
113,2091,555,lento,1,0,620,8,0.2,0
113,2091,561,lento,1,0,614,6,0.2222222222222222,0
113,2092,580,lento,1,0,609,31,0.011111111111111112,0
113,2092,582,lento,1,0,607,31,0.011111111111111112,0
113,2092,614,lento,1,0,575,18,0.15555555555555556,0
113,2092,615,lento,1,0,574,18,0.15555555555555556,0
113,2093,647,lento,1,0,716,20,0.0,0
113,2093,657,lento,1,0,706,14,0.06666666666666667,0
113,2093,662,lento,1,0,701,11,0.1,0
113,2093,667,lento,1,0,696,11,0.1,0
113,2094,685,lento,1,0,714,27,0.1,0
113,2094,688,lento,1,0,711,20,0.17777777777777778,0
113,2094,703,lento,1,0,696,8,0.3111111111111111,0
113,2094,771,lento,1,0,628,3,0.32222222222222224,0
113,2095,709,lento,1,0,607,17,0.03333333333333333,0
113,2095,712,lento,1,0,604,15,0.05555555555555555,0
113,2095,713,lento,1,0,603,13,0.07777777777777778,0
113,2095,714,lento,1,0,602,9,0.12222222222222222,0
113,2096,725,lento,1,0,606,17,0.011111111111111112,0
113,2096,726,lento,1,0,605,17,0.011111111111111112,0
113,2096,734,lento,1,0,597,6,0.13333333333333333,0
113,2096,742,lento,1,0,589,3,0.16666666666666666,0
113,2097,748,lento,1,0,618,23,0.011111111111111112,0
113,2097,756,lento,1,0,610,11,0.14444444444444443,0
113,2097,757,lento,1,0,609,6,0.2,0
113,2097,758,lento,1,0,608,6,0.2,0
113,2098,765,lento,1,0,612,23,0.044444444444444446,0
113,2098,766,lento,1,0,611,21,0.06666666666666667,0
113,2098,769,lento,1,0,608,17,0.1111111111111111,0
113,2098,783,lento,1,0,594,3,0.26666666666666666,0
113,2099,801,lento,1,0,656,35,0.044444444444444446,0
113,2099,817,lento,1,0,640,25,0.15555555555555556,0
113,2099,844,lento,1,0,613,15,0.26666666666666666,0
113,2099,852,lento,1,0,605,12,0.3,0
113,2100,904,lento,1,0,580,22,0.022222222222222223,0
113,2100,941,lento,1,0,543,16,0.08888888888888889,0
113,2100,955,lento,1,0,529,13,0.12222222222222222,0
113,2100,957,lento,1,0,527,13,0.12222222222222222,0
113,2101,990,lento,1,0,572,13,0.05555555555555555,0
113,2101,1024,lento,1,0,538,5,0.14444444444444443,0
113,2101,1059,lento,1,0,503,5,0.14444444444444443,0
113,2101,1064,lento,1,0,498,5,0.14444444444444443,0
113,2102,1025,lento,1,0,529,39,0.03333333333333333,0
113,2102,1040,lento,1,0,514,21,0.23333333333333334,0
113,2102,1051,lento,1,0,503,14,0.3111111111111111,0
113,2102,1056,lento,1,0,498,8,0.37777777777777777,0
113,2103,1081,lento,1,0,634,15,0.15555555555555556,0
113,2103,1086,lento,1,0,629,12,0.18888888888888888,0
113,2103,1103,lento,1,0,612,3,0.28888888888888886,0
113,2103,1105,lento,1,0,610,3,0.28888888888888886,0
113,2104,1096,lento,1,0,550,21,0.0,0
113,2104,1104,lento,1,0,542,12,0.1,0
113,2104,1110,lento,1,0,536,9,0.13333333333333333,0
113,2104,1112,lento,1,0,534,8,0.14444444444444443,0
113,2106,1142,lento,1,0,566,17,0.022222222222222223,0
113,2106,1148,lento,1,0,560,10,0.1,0
113,2106,1149,lento,1,0,559,10,0.1,0
113,2106,1150,lento,1,0,558,5,0.15555555555555556,0
113,2107,1161,lento,1,0,558,41,0.022222222222222223,0
113,2107,1176,lento,1,0,543,25,0.2,0
113,2107,1177,lento,1,0,542,24,0.2111111111111111,0
113,2107,1179,lento,1,0,540,24,0.2111111111111111,0
114,2110,121,medio,1,1,75,108,0.15555555555555556,32
114,2110,137,medio,1,1,59,94,0.3111111111111111,32
114,2110,177,medio,1,1,19,41,0.9,32
114,2110,195,medio,1,1,1,34,0.9444444444444444,32
114,2111,241,medio,1,1,51,76,0.5555555555555556,23
114,2111,253,medio,1,1,39,67,0.6555555555555556,23
114,2111,275,medio,1,1,17,41,0.9444444444444444,23
114,2111,283,medio,1,1,9,34,1.0222222222222221,23
114,2112,342,medio,1,1,62,55,0.34444444444444444,0
114,2112,345,medio,1,1,59,55,0.34444444444444444,0
114,2112,350,medio,1,1,54,46,0.4444444444444444,0
114,2112,360,medio,1,1,44,31,0.6111111111111112,0
114,2113,384,medio,1,1,87,106,0.0,0
114,2113,401,medio,1,1,70,88,0.2,0
114,2113,463,medio,1,1,8,5,1.1222222222222222,0
114,2113,464,medio,1,1,7,4,1.1333333333333333,0
114,2114,473,medio,1,1,97,139,0.24444444444444444,0
114,2114,501,medio,1,1,69,83,0.8666666666666667,0
114,2114,523,medio,1,1,47,36,1.3888888888888888,0
114,2114,537,medio,1,1,33,14,1.6333333333333333,0
114,2115,551,medio,1,1,106,89,0.16666666666666666,0
114,2115,556,medio,1,1,101,70,0.37777777777777777,0
114,2115,559,medio,1,1,98,63,0.45555555555555555,0
114,2115,573,medio,1,1,84,3,1.1222222222222222,0
114,2116,588,medio,1,1,99,57,0.35555555555555557,0
114,2116,595,medio,1,1,92,48,0.45555555555555555,0
114,2116,609,medio,1,1,78,7,0.9111111111111111,0
114,2116,610,medio,1,1,77,6,0.9222222222222223,0
114,2117,615,medio,1,1,93,113,0.1,0
114,2117,617,medio,1,1,91,110,0.13333333333333333,0
114,2117,626,medio,1,1,82,91,0.34444444444444444,0
114,2117,655,medio,1,1,53,21,1.1222222222222222,0
114,2118,672,medio,1,1,103,91,0.2,0
114,2118,677,medio,1,1,98,80,0.32222222222222224,0
114,2118,685,medio,1,1,90,75,0.37777777777777777,0
114,2118,695,medio,1,1,80,58,0.5666666666666667,0
114,2119,738,medio,1,1,80,114,0.18888888888888888,0
114,2119,740,medio,1,1,78,110,0.23333333333333334,0
114,2119,743,medio,1,1,75,107,0.26666666666666666,0
114,2119,760,medio,1,1,58,70,0.6777777777777778,0
114,2120,795,medio,1,1,106,90,0.0,0
114,2120,806,medio,1,1,95,58,0.35555555555555557,0
114,2120,812,medio,1,1,89,31,0.6555555555555556,0
114,2120,824,medio,1,1,77,4,0.9555555555555556,0
114,2121,828,medio,1,1,93,131,0.06666666666666667,0
114,2121,846,medio,1,1,75,66,0.7888888888888889,0
114,2121,852,medio,1,1,69,58,0.8777777777777778,0
114,2121,858,medio,1,1,63,42,1.0555555555555556,0
114,2122,880,medio,1,1,103,119,0.5,0
114,2122,888,medio,1,1,95,96,0.7555555555555555,0
114,2122,895,medio,1,1,88,62,1.1333333333333333,0
114,2122,908,medio,1,1,75,23,1.5666666666666667,0
114,2123,921,medio,1,1,90,134,0.3,0
114,2123,923,medio,1,1,88,126,0.3888888888888889,0
114,2123,951,medio,1,1,60,32,1.4333333333333333,0
114,2123,953,medio,1,1,58,19,1.5777777777777777,0
114,2124,965,medio,1,1,99,87,0.2111111111111111,0
114,2124,966,medio,1,1,98,87,0.2111111111111111,0
114,2124,974,medio,1,1,90,50,0.6222222222222222,0
114,2124,984,medio,1,1,80,15,1.011111111111111,0
114,2125,992,medio,1,1,90,92,0.06666666666666667,0
114,2125,995,medio,1,1,87,83,0.16666666666666666,0
114,2125,1009,medio,1,1,73,56,0.4666666666666667,0
114,2125,1046,medio,1,1,36,10,0.9777777777777777,0
114,2126,1057,medio,1,1,103,100,0.1111111111111111,0
114,2126,1076,medio,1,1,84,85,0.2777777777777778,0
114,2126,1077,medio,1,1,83,83,0.3,0
114,2126,1104,medio,1,1,56,52,0.6444444444444445,0
114,2127,1145,medio,1,1,95,103,0.0,0
114,2127,1157,medio,1,1,83,88,0.16666666666666666,0
114,2127,1168,medio,1,1,72,69,0.37777777777777777,0
114,2127,1170,medio,1,1,70,66,0.4111111111111111,0
115,2130,125,rapido,1,0,480,151,3.2777777777777777,0
115,2130,128,rapido,1,0,477,139,3.411111111111111,0
115,2130,134,rapido,1,0,471,77,4.1,0
115,2130,135,rapido,1,0,470,64,4.2444444444444445,0
115,2131,145,rapido,1,0,557,614,0.28888888888888886,0
115,2131,158,rapido,1,0,544,519,1.3444444444444446,0
115,2131,160,rapido,1,0,542,502,1.5333333333333334,0
115,2131,190,rapido,1,0,512,238,4.466666666666667,0
115,2132,242,rapido,1,0,519,71,2.611111111111111,0
115,2132,259,rapido,1,0,502,71,2.611111111111111,0
115,2132,286,rapido,1,0,475,71,2.611111111111111,0
115,2132,291,rapido,1,0,470,71,2.611111111111111,0
115,2133,243,rapido,1,0,513,557,1.3111111111111111,0
115,2133,250,rapido,1,0,506,457,2.422222222222222,0
115,2133,251,rapido,1,0,505,449,2.511111111111111,0
115,2133,254,rapido,1,0,502,438,2.6333333333333333,0
115,2134,342,rapido,1,0,562,327,1.4777777777777779,0
115,2134,379,rapido,1,0,525,188,3.022222222222222,0
115,2134,410,rapido,1,0,494,90,3.7555555555555555,0
115,2134,469,rapido,1,0,435,90,1.0888888888888888,0
115,2135,425,rapido,1,0,476,570,1.5222222222222221,0
115,2135,441,rapido,1,0,460,502,2.2777777777777777,0
115,2135,464,rapido,1,0,437,364,3.811111111111111,0
115,2135,491,rapido,1,0,410,177,5.888888888888889,0
115,2136,549,rapido,1,0,517,408,2.8222222222222224,0
115,2136,561,rapido,1,0,505,302,4.0,0
115,2136,565,rapido,1,0,501,260,4.466666666666667,0
115,2136,585,rapido,1,0,481,89,6.366666666666666,0
115,2137,596,rapido,1,0,482,386,0.2222222222222222,0
115,2137,620,rapido,1,0,458,201,2.2777777777777777,0
115,2137,645,rapido,1,0,433,23,4.2555555555555555,0
115,2137,646,rapido,1,0,432,21,4.277777777777778,0
115,2138,656,rapido,1,0,516,228,0.7888888888888889,0
115,2138,665,rapido,1,0,507,180,1.3222222222222222,0
115,2138,682,rapido,1,0,490,111,2.088888888888889,0
115,2138,689,rapido,1,0,483,78,2.4555555555555557,0
115,2139,694,rapido,1,0,555,294,0.0,0
115,2139,722,rapido,1,0,527,224,0.7777777777777778,0
115,2139,785,rapido,1,0,464,42,2.8,0
115,2139,793,rapido,1,0,456,17,3.077777777777778,0
115,2140,779,rapido,1,0,486,774,0.0,0
115,2140,824,rapido,1,0,441,650,1.3777777777777778,0
115,2140,872,rapido,1,0,393,365,4.544444444444444,0
115,2140,893,rapido,1,0,372,182,6.155555555555556,0
115,2141,921,rapido,1,0,499,681,0.3888888888888889,0
115,2141,951,rapido,1,0,469,438,3.088888888888889,0
115,2141,1011,rapido,1,0,409,54,6.966666666666667,0
115,2141,1020,rapido,1,0,400,14,6.677777777777778,0
115,2142,1011,rapido,1,0,473,581,0.0,0
115,2142,1066,rapido,1,0,418,390,2.1222222222222222,0
115,2142,1071,rapido,1,0,413,375,2.2888888888888888,0
115,2142,1111,rapido,1,0,373,237,3.8222222222222224,0
116,2145,121,rapido,0,0,551,87,6.955555555555556,0
116,2145,128,rapido,0,0,544,83,7.0,0
116,2145,147,rapido,0,0,525,83,7.0,0
116,2145,153,rapido,0,0,519,69,6.877777777777778,0
116,2146,135,rapido,0,0,486,155,1.7444444444444445,0
116,2146,139,rapido,0,0,482,120,2.1333333333333333,0
116,2146,141,rapido,0,0,480,98,2.3777777777777778,0
116,2146,145,rapido,0,0,476,56,2.8444444444444446,0
116,2147,159,rapido,0,0,561,528,0.05555555555555555,0
116,2147,175,rapido,0,0,545,386,1.6333333333333333,0
116,2147,179,rapido,0,0,541,340,2.1444444444444444,0
116,2147,183,rapido,0,0,537,320,2.3666666666666667,0
116,2148,210,rapido,0,0,558,568,0.0,0
116,2148,245,rapido,0,0,523,204,4.044444444444444,0
116,2148,258,rapido,0,0,510,85,5.366666666666666,0
116,2148,289,rapido,0,0,479,24,6.044444444444444,0
116,2149,259,rapido,0,0,499,232,0.2777777777777778,0
116,2149,262,rapido,0,0,496,211,0.5111111111111111,0
116,2149,269,rapido,0,0,489,145,1.2444444444444445,0
116,2149,276,rapido,0,0,482,77,2.0,0
116,2150,292,rapido,0,0,656,503,0.0,0
116,2150,303,rapido,0,0,645,383,1.3333333333333333,0
116,2150,312,rapido,0,0,636,283,2.4444444444444446,0
116,2150,330,rapido,0,0,618,141,4.022222222222222,0
116,2151,364,rapido,0,0,537,229,3.6444444444444444,0
116,2151,368,rapido,0,0,533,156,4.455555555555556,0
116,2151,380,rapido,0,0,521,19,5.977777777777778,0
116,2151,382,rapido,0,0,519,3,6.155555555555556,0
116,2152,396,rapido,0,0,586,588,0.7333333333333333,0
116,2152,400,rapido,0,0,582,547,1.1888888888888889,0
116,2152,424,rapido,0,0,558,268,4.288888888888889,0
116,2152,438,rapido,0,0,544,76,6.4222222222222225,0
116,2153,494,rapido,0,0,591,82,3.5555555555555554,0
116,2153,532,rapido,0,0,553,62,3.7777777777777777,0
116,2153,534,rapido,0,0,551,62,3.7777777777777777,0
116,2153,595,rapido,0,0,490,41,0.45555555555555555,0
116,2154,466,rapido,0,0,519,605,0.0,0
116,2154,476,rapido,0,0,509,494,1.2333333333333334,0
116,2154,482,rapido,0,0,503,441,1.8222222222222222,0
116,2154,509,rapido,0,0,476,87,5.7555555555555555,0
116,2155,519,rapido,0,0,496,366,0.5666666666666667,0
116,2155,537,rapido,0,0,478,184,2.588888888888889,0
116,2155,545,rapido,0,0,470,112,3.388888888888889,0
116,2155,547,rapido,0,0,468,84,3.7,0
116,2156,554,rapido,0,0,523,688,0.03333333333333333,0
116,2156,556,rapido,0,0,521,672,0.2111111111111111,0
116,2156,591,rapido,0,0,486,194,5.522222222222222,0
116,2156,593,rapido,0,0,484,161,5.888888888888889,0
116,2157,607,rapido,0,0,594,392,0.16666666666666666,0
116,2157,610,rapido,0,0,591,349,0.6444444444444445,0
116,2157,621,rapido,0,0,580,161,2.7333333333333334,0
116,2157,628,rapido,0,0,573,49,3.977777777777778,0
116,2158,632,rapido,0,0,576,591,0.0,0
116,2158,633,rapido,0,0,575,591,0.0,0
116,2158,663,rapido,0,0,545,91,5.555555555555555,0
116,2158,666,rapido,0,0,542,38,6.144444444444445,0
116,2159,673,rapido,0,0,661,354,0.6555555555555556,0
116,2159,685,rapido,0,0,649,150,2.922222222222222,0
116,2159,686,rapido,0,0,648,128,3.1666666666666665,0
116,2159,690,rapido,0,0,644,60,3.922222222222222,0
116,2160,724,rapido,0,0,628,25,2.966666666666667,0
116,2160,763,rapido,0,0,589,25,2.966666666666667,0
116,2160,768,rapido,0,0,584,25,2.966666666666667,0
116,2160,771,rapido,0,0,581,25,2.966666666666667,0
116,2161,710,rapido,0,0,548,401,0.15555555555555556,0
116,2161,714,rapido,0,0,544,374,0.45555555555555555,0
116,2161,720,rapido,0,0,538,249,1.8444444444444446,0
116,2161,722,rapido,0,0,536,223,2.1333333333333333,0
116,2162,734,rapido,0,0,576,283,0.0,0
116,2162,738,rapido,0,0,572,215,0.7555555555555555,0
116,2162,740,rapido,0,0,570,193,1.0,0
116,2162,749,rapido,0,0,561,50,2.588888888888889,0
116,2163,765,rapido,0,0,557,238,2.2333333333333334,0
116,2163,768,rapido,0,0,554,183,2.8444444444444446,0
116,2163,769,rapido,0,0,553,176,2.922222222222222,0
116,2163,775,rapido,0,0,547,94,3.8333333333333335,0
116,2164,780,rapido,0,0,646,691,0.0,0
116,2164,818,rapido,0,0,608,271,4.666666666666667,0
116,2164,828,rapido,0,0,598,126,6.277777777777778,0
116,2164,890,rapido,0,0,536,70,4.977777777777778,0
116,2165,836,rapido,0,0,524,269,0.4,0
116,2165,838,rapido,0,0,522,236,0.7666666666666667,0
116,2165,842,rapido,0,0,518,171,1.488888888888889,0
116,2165,848,rapido,0,0,512,49,2.8444444444444446,0
116,2166,882,rapido,0,0,484,99,4.366666666666666,0
116,2166,884,rapido,0,0,482,80,4.5777777777777775,0
116,2166,886,rapido,0,0,480,73,4.655555555555556,0
116,2166,887,rapido,0,0,479,72,4.666666666666667,0
116,2167,894,rapido,0,0,567,505,0.0,0
116,2167,910,rapido,0,0,551,302,2.2555555555555555,0
116,2167,919,rapido,0,0,542,195,3.4444444444444446,0
116,2167,924,rapido,0,0,537,114,4.344444444444444,0
116,2168,947,rapido,0,0,554,301,1.6777777777777778,0
116,2168,961,rapido,0,0,540,114,3.7555555555555555,0
116,2168,963,rapido,0,0,538,80,4.133333333333334,0
116,2168,967,rapido,0,0,534,22,4.777777777777778,0
116,2169,964,rapido,0,0,646,258,0.0,0
116,2169,988,rapido,0,0,622,70,2.088888888888889,0
116,2169,1004,rapido,0,0,606,70,2.088888888888889,0
116,2169,1023,rapido,0,0,587,70,2.088888888888889,0
116,2170,987,rapido,0,0,589,653,0.17777777777777778,0
116,2170,989,rapido,0,0,587,619,0.5555555555555556,0
116,2170,1002,rapido,0,0,574,427,2.688888888888889,0
116,2170,1006,rapido,0,0,570,392,3.077777777777778,0
116,2171,1073,rapido,0,0,643,34,4.3,0
116,2171,1076,rapido,0,0,640,34,4.3,0
116,2171,1087,rapido,0,0,629,34,4.3,0
116,2171,1114,rapido,0,0,602,34,4.3,0
116,2172,1074,rapido,0,0,495,265,0.13333333333333333,0
116,2172,1075,rapido,0,0,494,252,0.2777777777777778,0
116,2172,1080,rapido,0,0,489,186,1.011111111111111,0
116,2172,1089,rapido,0,0,480,64,2.3666666666666667,0
116,2173,1098,rapido,0,0,508,241,0.6111111111111112,0
116,2173,1107,rapido,0,0,499,125,1.9,0
116,2173,1111,rapido,0,0,495,70,2.511111111111111,0
116,2173,1115,rapido,0,0,491,28,2.977777777777778,0
116,2174,1119,rapido,0,0,655,327,0.0,0
116,2174,1136,rapido,0,0,638,128,2.2111111111111112,0
116,2174,1146,rapido,0,0,628,32,3.2777777777777777,0
116,2174,1156,rapido,0,0,618,32,3.2777777777777777,0
116,2175,1146,rapido,0,0,527,143,1.1888888888888889,0
116,2175,1157,rapido,0,0,516,49,2.2333333333333334,0
116,2175,1159,rapido,0,0,514,20,2.5555555555555554,0
116,2175,1160,rapido,0,0,513,10,2.6666666666666665,0
116,2176,1160,rapido,0,0,583,409,0.0,0
116,2176,1169,rapido,0,0,574,330,0.8777777777777778,0
116,2176,1171,rapido,0,0,572,310,1.1,0
116,2176,1186,rapido,0,0,557,142,2.966666666666667,0
117,2179,120,medio,0,1,24,146,1.0888888888888888,99
117,2179,129,medio,0,1,15,128,1.288888888888889,99
117,2179,131,medio,0,1,13,126,1.3111111111111111,99
117,2179,134,medio,0,1,10,119,1.3888888888888888,99
117,2180,178,medio,0,1,64,112,0.7666666666666667,0
117,2180,179,medio,0,1,63,111,0.7777777777777778,0
117,2180,201,medio,0,1,41,63,1.3111111111111111,0
117,2180,215,medio,0,1,27,35,1.6222222222222222,0
117,2181,234,medio,0,1,78,155,0.0,0
117,2181,244,medio,0,1,68,132,0.25555555555555554,0
117,2181,282,medio,0,1,30,63,1.0222222222222221,0
117,2181,284,medio,0,1,28,61,1.0444444444444445,0
117,2182,323,medio,0,1,64,43,0.4888888888888889,0
117,2182,335,medio,0,1,52,20,0.7444444444444445,0
117,2182,338,medio,0,1,49,15,0.8,0
117,2182,341,medio,0,1,46,9,0.8666666666666667,0
117,2183,360,medio,0,1,84,195,0.36666666666666664,0
117,2183,384,medio,0,1,60,130,1.0888888888888888,0
117,2183,392,medio,0,1,52,113,1.2777777777777777,0
117,2183,434,medio,0,1,10,2,2.511111111111111,0
117,2184,446,medio,0,1,88,130,0.3,0
117,2184,493,medio,0,1,41,20,1.5222222222222221,0
117,2184,494,medio,0,1,40,18,1.5444444444444445,0
117,2184,496,medio,0,1,38,17,1.5555555555555556,0
117,2185,514,medio,0,1,69,111,0.2222222222222222,0
117,2185,518,medio,0,1,65,98,0.36666666666666664,0
117,2185,524,medio,0,1,59,86,0.5,0
117,2185,539,medio,0,1,44,26,1.1666666666666667,0
117,2186,575,medio,0,1,71,179,0.7888888888888889,0
117,2186,579,medio,0,1,67,166,0.9333333333333333,0
117,2186,586,medio,0,1,60,146,1.1555555555555554,0
117,2186,617,medio,0,1,29,79,1.9,0
117,2187,658,medio,0,1,70,88,0.5222222222222223,0
117,2187,676,medio,0,1,52,46,0.9888888888888889,0
117,2187,679,medio,0,1,49,41,1.0444444444444445,0
117,2187,681,medio,0,1,47,36,1.1,0
117,2188,710,medio,0,1,87,101,0.5222222222222223,0
117,2188,718,medio,0,1,79,85,0.7,0
117,2188,731,medio,0,1,66,51,1.0777777777777777,0
117,2188,739,medio,0,1,58,17,1.4555555555555555,0
117,2189,751,medio,0,1,80,143,0.2222222222222222,0
117,2189,771,medio,0,1,60,73,1.0,0
117,2189,778,medio,0,1,53,48,1.2777777777777777,0
117,2189,788,medio,0,1,43,3,1.7777777777777777,0
117,2190,801,medio,0,1,77,97,0.6888888888888889,0
117,2190,811,medio,0,1,67,35,1.3777777777777778,0
117,2190,813,medio,0,1,65,32,1.4111111111111112,0
117,2190,817,medio,0,1,61,9,1.6666666666666667,0
117,2191,838,medio,0,1,84,97,0.8555555555555555,0
117,2191,850,medio,0,1,72,45,1.4333333333333333,0
117,2191,857,medio,0,1,65,15,1.7666666666666666,0
117,2191,858,medio,0,1,64,11,1.8111111111111111,0
117,2192,863,medio,0,1,107,104,0.07777777777777778,0
117,2192,878,medio,0,1,92,49,0.6888888888888889,0
117,2192,880,medio,0,1,90,37,0.8222222222222222,0
117,2192,888,medio,0,1,82,5,1.1777777777777778,0
117,2193,890,medio,0,1,80,221,0.011111111111111112,0
117,2193,895,medio,0,1,75,208,0.15555555555555556,0
117,2193,901,medio,0,1,69,174,0.5333333333333333,0
117,2193,918,medio,0,1,52,95,1.4111111111111112,0
117,2194,942,medio,0,1,85,230,0.0,0
117,2194,964,medio,0,1,63,120,1.2222222222222223,0
117,2194,970,medio,0,1,57,94,1.511111111111111,0
117,2194,977,medio,0,1,50,60,1.8888888888888888,0
117,2195,991,medio,0,1,97,201,0.0,0
117,2195,998,medio,0,1,90,167,0.37777777777777777,0
117,2195,1003,medio,0,1,85,145,0.6222222222222222,0
117,2195,1008,medio,0,1,80,111,1.0,0
117,2196,1053,medio,0,1,81,154,0.9111111111111111,0
117,2196,1074,medio,0,1,60,52,2.0444444444444443,0
117,2196,1076,medio,0,1,58,41,2.1666666666666665,0
117,2196,1081,medio,0,1,53,14,2.466666666666667,0
117,2197,1087,medio,0,1,82,241,0.1111111111111111,0
117,2197,1088,medio,0,1,81,235,0.17777777777777778,0
117,2197,1104,medio,0,1,65,137,1.2666666666666666,0
117,2197,1125,medio,0,1,44,35,2.4,0
117,2198,1146,medio,0,1,86,183,0.5888888888888889,0
117,2198,1166,medio,0,1,66,96,1.5555555555555556,0
117,2198,1181,medio,0,1,51,47,2.1,0
117,2198,1194,medio,0,1,38,10,2.511111111111111,0
118,2201,121,medio,0,0,652,21,0.9888888888888889,0
118,2201,126,medio,0,0,647,21,0.9888888888888889,0
118,2201,128,medio,0,0,645,21,0.9888888888888889,0
118,2201,135,medio,0,0,638,5,1.0555555555555556,0
118,2202,123,medio,0,0,541,10,1.3333333333333333,0
118,2202,124,medio,0,0,540,9,1.3444444444444446,0
118,2202,128,medio,0,0,536,4,1.4,0
118,2202,130,medio,0,0,534,2,1.4222222222222223,0
118,2203,147,medio,0,0,652,155,0.28888888888888886,0
118,2203,148,medio,0,0,651,153,0.3111111111111111,0
118,2203,156,medio,0,0,643,139,0.4666666666666667,0
118,2203,165,medio,0,0,634,110,0.7888888888888889,0
118,2204,231,medio,0,0,620,137,0.5777777777777777,0
118,2204,246,medio,0,0,605,96,1.0333333333333334,0
118,2204,261,medio,0,0,590,59,1.4444444444444444,0
118,2204,271,medio,0,0,580,40,1.6555555555555554,0
118,2205,279,medio,0,0,743,118,0.0,0
118,2205,286,medio,0,0,736,118,0.0,0
118,2205,322,medio,0,0,700,53,0.7222222222222222,0
118,2205,344,medio,0,0,678,13,1.1666666666666667,0
118,2206,337,medio,0,0,704,133,0.0,0
118,2206,343,medio,0,0,698,133,0.0,0
118,2206,350,medio,0,0,691,133,0.0,0
118,2206,395,medio,0,0,646,27,1.1777777777777778,0
118,2207,426,medio,0,0,708,83,0.23333333333333334,0
118,2207,455,medio,0,0,679,36,0.7555555555555555,0
118,2207,504,medio,0,0,630,36,0.6888888888888889,0
118,2207,543,medio,0,0,591,29,0.07777777777777778,0
118,2208,477,medio,0,0,633,139,0.26666666666666666,0
118,2208,490,medio,0,0,620,118,0.5,0
118,2208,504,medio,0,0,606,77,0.9555555555555556,0
118,2208,530,medio,0,0,580,24,1.5444444444444445,0
118,2209,561,medio,0,0,609,194,0.0,0
118,2209,562,medio,0,0,608,194,0.0,0
118,2209,566,medio,0,0,604,192,0.022222222222222223,0
118,2209,626,medio,0,0,544,76,1.3111111111111111,0
118,2210,667,medio,0,0,665,148,0.022222222222222223,0
118,2210,687,medio,0,0,645,100,0.5555555555555556,0
118,2210,719,medio,0,0,613,35,1.2777777777777777,0
118,2210,721,medio,0,0,611,33,1.3,0
118,2211,725,medio,0,0,703,137,0.0,0
118,2211,807,medio,0,0,621,33,1.1555555555555554,0
118,2211,845,medio,0,0,583,33,0.8444444444444444,0
118,2211,851,medio,0,0,577,33,0.6888888888888889,0
118,2212,828,medio,0,0,571,67,0.7333333333333333,0
118,2212,831,medio,0,0,568,62,0.7888888888888889,0
118,2212,838,medio,0,0,561,48,0.9444444444444444,0
118,2212,846,medio,0,0,553,28,1.1666666666666667,0
118,2213,863,medio,0,0,640,177,0.0,0
118,2213,881,medio,0,0,622,154,0.25555555555555554,0
118,2213,915,medio,0,0,588,72,1.1666666666666667,0
118,2213,947,medio,0,0,556,16,1.788888888888889,0
118,2214,961,medio,0,0,576,116,0.25555555555555554,0
118,2214,965,medio,0,0,572,105,0.37777777777777777,0
118,2214,978,medio,0,0,559,88,0.5666666666666667,0
118,2214,979,medio,0,0,558,88,0.5666666666666667,0
118,2215,1099,medio,0,0,648,25,0.6222222222222222,0
118,2215,1110,medio,0,0,637,25,0.6222222222222222,0
118,2215,1154,medio,0,0,593,15,0.1111111111111111,0
118,2215,1157,medio,0,0,590,8,0.18888888888888888,0
118,2216,1049,medio,0,0,561,102,0.0,0
118,2216,1058,medio,0,0,552,70,0.35555555555555557,0
118,2216,1078,medio,0,0,532,13,0.9888888888888889,0
118,2216,1082,medio,0,0,528,6,1.0666666666666667,0
118,2217,1128,medio,0,0,613,74,0.9666666666666667,0
118,2217,1143,medio,0,0,598,19,1.5777777777777777,0
118,2217,1145,medio,0,0,596,14,1.6333333333333333,0
118,2217,1147,medio,0,0,594,5,1.7333333333333334,0
119,2221,125,lento,0,0,261,5,0.06666666666666667,0
119,2221,127,lento,0,0,259,5,0.06666666666666667,0
119,2221,145,lento,0,0,241,2,0.1,0
119,2221,147,lento,0,0,239,1,0.1111111111111111,0
119,2222,160,lento,0,0,260,11,0.011111111111111112,0
119,2222,175,lento,0,0,245,7,0.05555555555555555,0
119,2222,208,lento,0,0,212,2,0.1111111111111111,0
119,2222,236,lento,0,0,184,1,0.12222222222222222,0
119,2223,221,lento,0,0,268,5,0.0,0
119,2223,228,lento,0,0,261,5,0.0,0
119,2223,248,lento,0,0,241,5,0.0,0
119,2223,262,lento,0,0,227,2,0.03333333333333333,0
119,2224,341,lento,0,0,281,7,0.07777777777777778,0
119,2224,348,lento,0,0,274,6,0.08888888888888889,0
119,2224,371,lento,0,0,251,2,0.13333333333333333,0
119,2224,376,lento,0,0,246,2,0.13333333333333333,0
119,2225,390,lento,0,0,260,15,0.0,0
119,2225,409,lento,0,0,241,13,0.022222222222222223,0
119,2225,433,lento,0,0,217,12,0.03333333333333333,0
119,2225,439,lento,0,0,211,11,0.044444444444444446,0
119,2226,491,lento,0,0,365,14,0.0,0
119,2226,512,lento,0,0,344,11,0.03333333333333333,0
119,2226,555,lento,0,0,301,3,0.12222222222222222,0
119,2226,560,lento,0,0,296,2,0.13333333333333333,0
119,2227,579,lento,0,0,328,15,0.0,0
119,2227,587,lento,0,0,320,15,0.0,0
119,2227,591,lento,0,0,316,15,0.0,0
119,2227,635,lento,0,0,272,8,0.07777777777777778,0
119,2228,690,lento,0,0,354,13,0.0,0
119,2228,694,lento,0,0,350,13,0.0,0
119,2228,706,lento,0,0,338,13,0.0,0
119,2228,775,lento,0,0,269,1,0.13333333333333333,0
119,2229,782,lento,0,0,283,8,0.011111111111111112,0
119,2229,793,lento,0,0,272,8,0.011111111111111112,0
119,2229,828,lento,0,0,237,6,0.03333333333333333,0
119,2229,830,lento,0,0,235,5,0.044444444444444446,0
119,2230,850,lento,0,0,295,8,0.0,0
119,2230,884,lento,0,0,261,7,0.011111111111111112,0
119,2230,913,lento,0,0,232,3,0.05555555555555555,0
119,2230,923,lento,0,0,222,1,0.07777777777777778,0
119,2231,935,lento,0,0,281,8,0.011111111111111112,0
119,2231,946,lento,0,0,270,6,0.03333333333333333,0
119,2231,957,lento,0,0,259,4,0.05555555555555555,0
119,2231,961,lento,0,0,255,3,0.06666666666666667,0
119,2232,977,lento,0,0,312,5,0.022222222222222223,0
119,2232,991,lento,0,0,298,3,0.044444444444444446,0
119,2232,994,lento,0,0,295,3,0.044444444444444446,0
119,2232,1000,lento,0,0,289,1,0.06666666666666667,0
119,2233,1018,lento,0,0,285,11,0.022222222222222223,0
119,2233,1022,lento,0,0,281,10,0.03333333333333333,0
119,2233,1064,lento,0,0,239,2,0.12222222222222222,0
119,2233,1069,lento,0,0,234,2,0.12222222222222222,0
119,2234,1069,lento,0,0,299,9,0.0,0
119,2234,1076,lento,0,0,292,9,0.0,0
119,2234,1082,lento,0,0,286,7,0.022222222222222223,0
119,2234,1096,lento,0,0,272,5,0.044444444444444446,0
119,2235,1107,lento,0,0,290,6,0.0,0
119,2235,1115,lento,0,0,282,5,0.011111111111111112,0
119,2235,1125,lento,0,0,272,4,0.022222222222222223,0
119,2235,1129,lento,0,0,268,2,0.044444444444444446,0
120,2239,122,lento,0,0,431,25,0.26666666666666666,0
120,2239,126,lento,0,0,427,22,0.3,0
120,2239,140,lento,0,0,413,15,0.37777777777777777,0
120,2239,142,lento,0,0,411,15,0.37777777777777777,0
120,2240,165,lento,0,0,514,42,0.0,0
120,2240,166,lento,0,0,513,42,0.0,0
120,2240,176,lento,0,0,503,40,0.022222222222222223,0
120,2240,253,lento,0,0,426,5,0.4111111111111111,0
120,2241,266,lento,0,0,446,24,0.011111111111111112,0
120,2241,269,lento,0,0,443,23,0.022222222222222223,0
120,2241,282,lento,0,0,430,19,0.06666666666666667,0
120,2241,312,lento,0,0,400,2,0.25555555555555554,0
120,2242,324,lento,0,0,425,41,0.022222222222222223,0
120,2242,337,lento,0,0,412,36,0.07777777777777778,0
120,2242,347,lento,0,0,402,26,0.18888888888888888,0
120,2242,362,lento,0,0,387,12,0.34444444444444444,0
120,2243,371,lento,0,0,570,17,0.0,0
120,2243,382,lento,0,0,559,12,0.05555555555555555,0
120,2243,386,lento,0,0,555,9,0.08888888888888889,0
120,2243,388,lento,0,0,553,2,0.16666666666666666,0
120,2244,394,lento,0,0,488,17,0.03333333333333333,0
120,2244,401,lento,0,0,481,10,0.1111111111111111,0
120,2244,402,lento,0,0,480,10,0.1111111111111111,0
120,2244,411,lento,0,0,471,3,0.18888888888888888,0
120,2245,427,lento,0,0,492,29,0.12222222222222222,0
120,2245,430,lento,0,0,489,27,0.14444444444444443,0
120,2245,433,lento,0,0,486,21,0.2111111111111111,0
120,2245,437,lento,0,0,482,15,0.2777777777777778,0
120,2246,455,lento,0,0,534,28,0.044444444444444446,0
120,2246,459,lento,0,0,530,23,0.1,0
120,2246,473,lento,0,0,516,15,0.18888888888888888,0
120,2246,485,lento,0,0,504,7,0.2777777777777778,0
120,2247,495,lento,0,0,542,44,0.022222222222222223,0
120,2247,497,lento,0,0,540,43,0.03333333333333333,0
120,2247,510,lento,0,0,527,29,0.18888888888888888,0
120,2247,528,lento,0,0,509,10,0.4,0
120,2248,551,lento,0,0,562,31,0.2,0
120,2248,554,lento,0,0,559,28,0.23333333333333334,0
120,2248,574,lento,0,0,539,10,0.43333333333333335,0
120,2248,612,lento,0,0,501,4,0.5,0
120,2249,588,lento,0,0,468,23,0.07777777777777778,0
120,2249,600,lento,0,0,456,8,0.24444444444444444,0
120,2249,605,lento,0,0,451,5,0.2777777777777778,0
120,2249,608,lento,0,0,448,2,0.3111111111111111,0
120,2250,620,lento,0,0,523,39,0.05555555555555555,0
120,2250,631,lento,0,0,512,32,0.13333333333333333,0
120,2250,633,lento,0,0,510,29,0.16666666666666666,0
120,2250,676,lento,0,0,467,3,0.45555555555555555,0
120,2251,666,lento,0,0,444,18,0.03333333333333333,0
120,2251,675,lento,0,0,435,6,0.16666666666666666,0
120,2251,677,lento,0,0,433,4,0.18888888888888888,0
120,2251,678,lento,0,0,432,3,0.2,0
120,2252,682,lento,0,0,515,24,0.0,0
120,2252,688,lento,0,0,509,19,0.05555555555555555,0
120,2252,689,lento,0,0,508,18,0.06666666666666667,0
120,2252,696,lento,0,0,501,11,0.14444444444444443,0
120,2253,714,lento,0,0,522,35,0.011111111111111112,0
120,2253,718,lento,0,0,518,29,0.07777777777777778,0
120,2253,719,lento,0,0,517,29,0.07777777777777778,0
120,2253,732,lento,0,0,504,15,0.23333333333333334,0
120,2254,746,lento,0,0,526,36,0.0,0
120,2254,750,lento,0,0,522,34,0.022222222222222223,0
120,2254,763,lento,0,0,509,21,0.16666666666666666,0
120,2254,770,lento,0,0,502,19,0.18888888888888888,0
120,2255,792,lento,0,0,518,23,0.0,0
120,2255,807,lento,0,0,503,23,0.0,0
120,2255,813,lento,0,0,497,23,0.0,0
120,2255,837,lento,0,0,473,7,0.17777777777777778,0
120,2256,841,lento,0,0,430,16,0.13333333333333333,0
120,2256,848,lento,0,0,423,9,0.2111111111111111,0
120,2256,854,lento,0,0,417,7,0.23333333333333334,0
120,2256,858,lento,0,0,413,1,0.3,0
120,2257,879,lento,0,0,519,42,0.06666666666666667,0
120,2257,898,lento,0,0,500,24,0.26666666666666666,0
120,2257,909,lento,0,0,489,18,0.3333333333333333,0
120,2257,913,lento,0,0,485,17,0.34444444444444444,0
120,2258,954,lento,0,0,529,33,0.2,0
120,2258,964,lento,0,0,519,18,0.36666666666666664,0
120,2258,969,lento,0,0,514,12,0.43333333333333335,0
120,2258,973,lento,0,0,510,12,0.43333333333333335,0
120,2259,986,lento,0,0,522,22,0.0,0
120,2259,992,lento,0,0,516,17,0.05555555555555555,0
120,2259,1004,lento,0,0,504,9,0.14444444444444443,0
120,2259,1037,lento,0,0,471,1,0.23333333333333334,0
120,2260,1023,lento,0,0,443,6,0.13333333333333333,0
120,2260,1025,lento,0,0,441,6,0.13333333333333333,0
120,2260,1026,lento,0,0,440,6,0.13333333333333333,0
120,2260,1028,lento,0,0,438,5,0.14444444444444443,0
120,2261,1052,lento,0,0,537,41,0.05555555555555555,0
120,2261,1066,lento,0,0,523,31,0.16666666666666666,0
120,2261,1095,lento,0,0,494,6,0.4444444444444444,0
120,2261,1100,lento,0,0,489,6,0.4444444444444444,0
120,2262,1099,lento,0,0,457,24,0.03333333333333333,0
120,2262,1117,lento,0,0,439,4,0.25555555555555554,0
120,2262,1118,lento,0,0,438,3,0.26666666666666666,0
120,2262,1120,lento,0,0,436,2,0.2777777777777778,0
120,2263,1130,lento,0,0,495,41,0.011111111111111112,0
120,2263,1131,lento,0,0,494,40,0.022222222222222223,0
120,2263,1156,lento,0,0,469,31,0.12222222222222222,0
120,2263,1158,lento,0,0,467,31,0.12222222222222222,0
