tree
version=v4
num_class=1
num_tree_per_iteration=1
label_index=0
max_feature_idx=2
objective=tweedie
feature_names=dias_ate_vencer quantidade_inicial media_venda_diaria_90d
monotone_constraints=-1 1 -1
feature_infos=[0:819] [1:1722] [0:9.5444444444444443]
tree_sizes=1313 1362 1680 1370 1573 1681 1376 1468 1369 1367 1579 1375 1372 1481 1372 1476 1273 1277 1487 1487 1487 1485 1589 1485 1588 1485 1699 1589 1595 1593 1592 1381 1481 1270 1380 1488 1384 1491 1493 1699 1702 1688 1700 1590 1482 1595 1285 1392 1499 1394 1500 1291 1394 1498 1283 1286 1506 1390 1292 1289 1293 1504 1501 1190 1613 1610 1396 1294 1505 1298 1404 1506 1405 1724 1612 1720 1613 1519 1396 1719 1508 1298 1617 1718 1509 1720 1720 1725 1407 1728 1720 1725 1516 1726 1311 1724 1719 1731 1724 1623 1733 1724 1207 1731 1411 1516 1730 1732 1728 1731 1731 1738 1740 1743 1740 1629 1624 1736 1732 1738

Tree=0
num_leaves=12
num_cat=0
split_feature=0 1 1 0 0 1 0 0 1 0 1
split_gain=125798 33847 2243.43 982.927 632.683 176.436 136.766 104.799 21.2693 15.528 0.806724
threshold=129.50000000000003 173.50000000000003 401.50000000000006 63.500000000000007 145.50000000000003 658.50000000000011 54.500000000000007 38.500000000000007 220.50000000000003 163.50000000000003 944.00000000000011
decision_type=2 2 2 2 2 2 2 2 2 2 2
left_child=1 -1 3 7 -2 6 -4 8 -3 -6 -7
right_child=4 2 5 -5 9 10 -8 -9 -10 -11 -12
leaf_value=2.977517321433123 2.9610728152862698 3.0783109503458994 3.1088825785200886 3.03810845477939 2.9073368428156821 3.1138013364935966 3.0902015559470417 3.0660182379284078 3.0883798408021272 2.8945687893823582 3.1176705571941836
leaf_weight=5384.8671727180481 364.00484943389893 857.92738056182861 3024.2478008270264 656.70388317108154 271.05887508392334 3531.4036240577698 1567.9905757904053 1058.4566497802734 1427.3704257011414 26619.972941398621 3024.6191997528076
leaf_count=744 47 35 54 65 46 50 50 53 46 4769 34
internal_value=2.96599 3.05945 3.0987 3.06652 2.89558 3.11024 3.10253 3.07937 3.0855 2.8947 3.11561
internal_weight=47788.6 20533.6 15148.7 4000.46 27255 11148.3 4592.24 3343.75 2285.3 26891 6556.02
internal_count=5993 1131 387 199 4862 188 104 134 81 4815 84
is_linear=0
shrinkage=1


Tree=1
num_leaves=12
num_cat=0
split_feature=0 1 1 0 0 1 0 1 0 0 1
split_gain=116559 32381.4 2419.05 948.696 635.289 206.53 154.349 114.9 152.077 16.8412 3.13612
threshold=129.50000000000003 173.50000000000003 401.50000000000006 63.500000000000007 145.50000000000003 658.50000000000011 54.500000000000007 278.50000000000006 30.500000000000004 163.50000000000003 944.00000000000011
decision_type=2 2 2 2 2 2 2 2 2 2 2
left_child=1 -1 3 7 -2 6 -4 8 -3 -6 -7
right_child=4 2 5 -5 9 10 -8 -9 -10 -11 -12
leaf_value=0.009696958703423542 -0.0046853067548373942 0.10961495598701387 0.13965651755113304 0.069309106867922896 -0.057934932809526531 0.14508103645850787 0.11970859440972233 0.11838120997895635 0.088962975837674485 -0.071424565748046634 0.14940595359165057
leaf_weight=5414.2508516311646 363.25292015075684 1269.882776260376 2941.7034931182861 669.19964027404785 260.98344612121582 3420.7624626159668 1546.1989741325378 1309.100513458252 738.47636127471924 25321.778253555298 2919.7747669219971
leaf_count=744 47 48 54 65 46 50 50 42 44 4769 34
internal_value=-0.00021356 0.0897509 0.128921 0.0955737 -0.070357 0.141189 0.132812 0.108617 0.100849 -0.0712892 0.147096
internal_weight=46175.4 20229.3 14815.1 3986.66 25946 10828.4 4487.9 3317.46 2008.36 25582.8 6340.54
internal_count=5993 1131 387 199 4862 188 104 134 92 4815 84
is_linear=0
shrinkage=0.05


Tree=2
num_leaves=15
num_cat=0
split_feature=1 0 0 1 1 0 1 0 0 1 1 0 0 1
split_gain=108626 19080.6 8019.9 2566.09 2103.24 770.119 225.255 209.709 160.596 129.777 45.5194 20.7333 12.7688 5.73283
threshold=196.50000000000003 129.50000000000003 66.500000000000014 31.500000000000004 410.50000000000006 49.500000000000007 658.50000000000011 117.50000000000001 46.500000000000007 29.500000000000004 297.50000000000006 83.500000000000014 22.500000000000004 944.00000000000011
decision_type=2 2 2 2 2 2 2 2 2 2 2 2 2 2
left_child=2 4 3 -1 5 10 8 9 -6 -4 12 -11 -2 -8
right_child=1 -3 7 -5 6 -7 13 -9 -10 11 -12 -13 -14 -15
leaf_value=-0.033018002198790197 0.10986497211688112 0.022127791224144051 -0.061469172202765404 0.022127791224144051 0.13671089703373998 0.074388220045347328 0.14206402402402685 -0.071335798684098159 0.11768787853003725 -0.033018002198790197 0.11596448182584457 -0.046610668269902233 0.099254430815739245 0.14686197815786847
leaf_weight=1681.6248025894165 742.13462257385254 2034.4306077957153 689.51907253265381 2590.5286087989807 2460.8940620422363 1115.4448938369751 3321.337194442749 22821.987801074982 1844.0882639884949 417.86935138702393 1004.9215898513794 336.65274858474731 778.64594745635986 2824.3122653961182
leaf_count=267 27 379 120 245 44 83 50 4510 57 60 30 53 34 34
internal_value=-0.000427967 0.103298 -0.0590425 0.00412767 0.126649 0.0938698 0.138059 -0.0701637 0.129129 -0.0516025 0.110599 -0.0365568 0.104501 0.144293
internal_weight=44664.4 16126.2 28538.2 4272.15 14091.8 3641.15 10450.6 24266 4304.98 1444.04 2525.7 754.522 1520.78 6145.65
internal_count=5993 738 5255 512 359 174 185 4743 101 233 91 113 61 84
is_linear=0
shrinkage=0.05


Tree=3
num_leaves=12
num_cat=0
split_feature=0 1 1 0 0 1 0 1 0 0 1
split_gain=100900 28575.3 2645.65 958.521 642.26 254.586 176.667 73.0186 47.0106 18.9946 8.55952
threshold=129.50000000000003 173.50000000000003 410.50000000000006 49.500000000000007 145.50000000000003 658.50000000000011 46.500000000000007 260.50000000000006 21.500000000000004 163.50000000000003 944.00000000000011
decision_type=2 2 2 2 2 2 2 2 2 2 2
left_child=1 -1 3 7 -2 6 -4 8 -3 -6 -7
right_child=4 2 5 -5 9 10 -8 -9 -10 -11 -12
leaf_value=0.0064242473312458807 -0.0035627789932157284 0.10324126212119894 0.13306944890300729 0.063643431465126174 -0.056625272191382796 0.13875365167004008 0.11295720711140006 0.11060888966211019 0.087135630774861195 -0.071424113644321496 0.14403296473223368
leaf_weight=5369.1370196342468 355.68233346939087 731.39047908782959 2404.0929021835327 1204.4285869598389 241.54997062683105 3232.8745183944702 1825.7910189628601 1318.3512868881226 817.52242279052734 23029.30939912796 2738.0470943450928
leaf_count=744 47 27 44 93 46 50 57 42 40 4769 34
internal_value=-0.000637325 0.0831023 0.120863 0.086748 -0.0702538 0.13447 0.124941 0.103579 0.0958736 -0.0712729 0.141198
internal_weight=43268.2 19641.6 14272.5 4071.69 23626.5 10200.8 4229.88 2867.26 1548.91 23270.9 5970.92
internal_count=5993 1131 387 202 4862 185 101 109 67 4815 84
is_linear=0
shrinkage=0.05


Tree=4
num_leaves=14
num_cat=0
split_feature=0 1 1 0 0 1 1 0 1 0 1 0 1
split_gain=93378.8 26989.4 2284.03 790.775 643.91 398.874 195.874 151.425 135.331 93.567 27.141 20.4992 11.555
threshold=129.50000000000003 194.50000000000003 460.00000000000006 63.500000000000007 145.50000000000003 127.50000000000001 658.50000000000011 46.500000000000007 297.50000000000006 30.500000000000004 155.50000000000003 163.50000000000003 944.00000000000011
decision_type=2 2 2 2 2 2 2 2 2 2 2 2 2
left_child=1 5 3 8 -2 -1 7 -4 9 -3 -7 -6 -8
right_child=4 2 6 -5 11 10 12 -9 -10 -11 -12 -13 -14
leaf_value=0.0046095461941423497 -0.003390261155041967 0.099588541746232759 0.13022851119098805 0.061419093537144226 -0.055826083713151599 0.043761739982781551 0.1351538051139399 0.11002692558729715 0.10960686559628632 0.080324561917900716 0.060235903229350442 -0.071423850424147492 0.14091193387968678
leaf_weight=4708.8233308792114 355.15726757049561 1074.8629283905029 2108.3238821029663 789.01395559310913 232.99038743972778 433.22834348678589 3155.0932607650757 1440.7128353118896 1675.7520179748535 750.85411643981934 650.89831447601318 21906.235860824585 2660.7846021652222
leaf_count=686 47 40 38 62 46 39 50 44 52 40 46 4769 34
internal_value=-0.000822493 0.0794099 0.118229 0.087976 -0.0701908 0.00460955 0.132078 0.122645 0.09923 0.0896508 0.0536991 -0.0712622 0.137812
internal_weight=41942.7 19448.3 13655.4 4290.48 22494.4 5792.95 9364.91 3549.04 3501.47 1825.72 1084.13 22139.2 5815.88
internal_count=5993 1131 360 194 4862 771 166 82 132 80 85 4815 84
is_linear=0
shrinkage=0.05


Tree=5
num_leaves=15
num_cat=0
split_feature=1 0 0 1 1 0 0 1 1 1 0 0 0 0
split_gain=86546.3 15435.4 7316.02 2234.33 2149.21 611.255 213.923 195.786 128.776 113.64 63.531 35.1194 17.6029 17.3278
threshold=194.50000000000003 117.50000000000001 66.500000000000014 29.500000000000004 482.00000000000006 63.500000000000007 117.50000000000001 297.50000000000006 29.500000000000004 658.50000000000011 30.500000000000004 33.500000000000007 83.500000000000014 36.500000000000007
decision_type=2 2 2 2 2 2 2 2 2 2 2 2 2 2
left_child=2 4 3 -1 5 7 8 10 -4 11 -2 -6 -10 -9
right_child=1 -3 6 -5 9 -7 -8 13 12 -11 -12 -13 -14 -15
leaf_value=-0.034005595361508788 0.094696257398006661 0.017275573007608524 -0.06121002410463719 0.017275573007608524 0.12825808670937816 0.066263657768641404 -0.071317400932423017 0.10895626119582227 -0.034005595361508788 0.13452047583674576 0.081574192728046419 0.1166834790949596 -0.046088989823671551 0.10145989420426137
leaf_weight=1583.5179438591003 1073.9588918685913 2313.9455456733704 666.08347368240356 2666.5423545837402 1298.1251640319824 711.06232357025146 19652.771695613861 1005.9562664031982 416.54449701309204 5541.293345451355 756.47336435317993 1636.4802026748657 332.25736856460571 1056.8350830078125
leaf_count=257 40 407 120 254 23 53 4504 26 60 81 40 40 53 35
internal_value=-0.00104546 0.0924418 -0.0578907 0.0019511 0.115252 0.0877136 -0.0699623 0.0968847 -0.0511026 0.130199 0.0848467 0.121996 -0.0361645 0.10752
internal_weight=40711.8 15394.1 25317.7 4250.06 13080.2 4604.29 21067.7 3893.22 1414.89 8475.9 1830.43 2934.61 748.802 2062.79
internal_count=5993 745 5248 511 338 194 4737 141 233 144 80 63 113 61
is_linear=0
shrinkage=0.05


Tree=6
num_leaves=12
num_cat=0
split_feature=0 1 1 0 0 1 0 1 1 0 1
split_gain=80563.5 23351.6 3026.82 956.903 651.662 322.918 206.974 66.2668 23.7913 23.0424 20.0818
threshold=129.50000000000003 155.50000000000003 410.50000000000006 49.500000000000007 145.50000000000003 658.50000000000011 46.500000000000007 208.50000000000003 297.50000000000006 163.50000000000003 944.00000000000011
decision_type=2 2 2 2 2 2 2 2 2 2 2
left_child=1 -1 3 7 -2 6 -4 -3 -9 -6 -7
right_child=4 2 5 -5 9 10 -8 8 -10 -11 -12
leaf_value=0.0013143684452732063 -0.0022299448109847678 0.076866038040855317 0.12094221378612646 0.054040028924420572 -0.054341197781750887 0.12708609752192032 0.098713184706478274 0.088726612327089741 0.097265842510924072 -0.071423311359729569 0.13406159164336781
leaf_weight=5088.5742015838623 348.03711748123169 792.40655040740967 2279.7984285354614 1333.441029548645 216.15064287185669 3028.2080144882202 1796.6002311706543 1251.7274827957153 976.28035831451416 19925.362583637238 2535.7587032318115
leaf_count=725 47 40 44 103 46 50 57 48 30 4769 34
internal_value=-0.0012232 0.0726993 0.106766 0.0721349 -0.0700706 0.122397 0.111596 0.0896021 0.0940952 -0.0712427 0.130289
internal_weight=39572.3 19082.8 13994.2 4353.86 20489.6 9640.37 4076.4 3020.41 2228.01 20141.5 5563.97
internal_count=5993 1131 406 221 4862 185 101 118 78 4815 84
is_linear=0
shrinkage=0.05


Tree=7
num_leaves=13
num_cat=0
split_feature=0 1 1 0 0 1 0 0 1 1 0 0
split_gain=74452.7 21744.3 3008.24 910.26 652.341 340.501 210.802 57.3995 38.6409 33.674 45.5501 24.7468
threshold=129.50000000000003 155.50000000000003 410.50000000000006 46.500000000000007 145.50000000000003 634.00000000000011 54.500000000000007 21.500000000000004 228.50000000000003 944.00000000000011 43.500000000000007 163.50000000000003
decision_type=2 2 2 2 2 2 2 2 2 2 2 2
left_child=1 -1 3 7 -2 6 -4 -3 -9 10 -7 -6
right_child=4 2 5 -5 11 9 -8 8 -10 -11 -12 -13
leaf_value=-0.00045843993285705212 -0.002120747394623642 0.092854638303773662 0.11478683734303359 0.050826302720596295 -0.053466384287470949 0.1259511833281336 0.092854638303773662 0.069990109875279136 0.086142892401802271 0.13010806724730334 0.11573341865106519 -0.071423001078382148
leaf_weight=5091.8409838676453 347.71971082687378 1274.2218370437622 2321.3165721893311 1523.9330334663391 208.9046368598938 1639.5692443847656 1253.9687767028809 671.2219877243042 912.06624794006348 2483.5741233825684 1813.3320226669312 18953.670931339264
leaf_count=725 47 43 48 111 46 24 43 34 33 34 36 4769
internal_value=-0.00140727 0.0690816 0.102111 0.067804 -0.0699985 0.117905 0.105606 0.0860245 0.0794311 0.125294 0.121794 -0.07123
internal_weight=38495.3 18985 13893.2 4381.44 19510.3 9511.76 3575.29 2857.51 1583.29 5936.48 3452.9 19162.6
internal_count=5993 1131 406 221 4862 185 91 110 67 94 60 4815
is_linear=0
shrinkage=0.05


Tree=8
num_leaves=12
num_cat=0
split_feature=0 1 1 0 1 1 0 0 1 0 0
split_gain=68834.8 20852.2 3163.77 1107 239.716 190.656 132.403 105.175 30.9657 26.5308 11.0455
threshold=145.50000000000003 155.50000000000003 482.00000000000006 63.500000000000007 297.50000000000006 658.50000000000011 38.500000000000007 43.500000000000007 944.00000000000011 163.50000000000003 19.500000000000004
decision_type=2 2 2 2 2 2 2 2 2 2 2
left_child=1 -1 3 4 6 7 10 -4 -7 -2 -3
right_child=9 2 5 -5 -6 8 -8 -9 -10 -11 -12
leaf_value=-0.0034439721662954505 -0.052565687409218437 0.080911242995711119 0.11372451806009409 0.046621472400721307 0.091795368349620932 0.11788962590911303 0.063748414599468381 0.094825777645861031 0.12615571543451862 -0.071422682078100277 0.074610609977770775
leaf_weight=5238.4278087615967 202.05246019363403 775.83229064941406 1684.5898914337158 1151.912543296814 2046.4829168319702 2947.8306016921997 691.42121982574463 1303.0328598022461 2487.8094844818115 18029.369155406952 933.69004821777344
leaf_count=754 46 28 32 96 61 51 42 39 35 4769 40
internal_value=-0.00158296 0.0643286 0.0966869 0.0675365 0.0808754 0.116054 0.0700271 0.105754 0.121695 -0.0712166 0.0795991
internal_weight=37492.5 19261 14022.6 5599.34 4447.43 8423.26 2400.94 2987.62 5435.64 18231.4 1709.52
internal_count=5993 1178 424 267 171 157 110 71 86 4815 68
is_linear=0
shrinkage=0.05


Tree=9
num_leaves=12
num_cat=0
split_feature=0 1 1 0 1 1 0 0 1 0 0
split_gain=63651.2 19234.8 3123.33 1079.21 225.226 196.204 132.65 105.773 33.7476 28.3942 11.9918
threshold=145.50000000000003 154.50000000000003 482.00000000000006 63.500000000000007 297.50000000000006 658.50000000000011 38.500000000000007 43.500000000000007 944.00000000000011 163.50000000000003 19.500000000000004
decision_type=2 2 2 2 2 2 2 2 2 2 2
left_child=1 -1 3 4 6 7 10 -4 -7 -2 -3
right_child=9 2 5 -5 -6 8 -8 -9 -10 -11 -12
leaf_value=-0.0051436919575849338 -0.051640109331857136 0.076714221184237943 0.10899734749582819 0.043362690793810499 0.087280240051393468 0.11316220263544369 0.059939876817552688 0.089987903894690413 0.12174185302207355 -0.071422328603471461 0.070370184133500491
leaf_weight=5196.1926708221436 195.57412052154541 801.31546592712402 1671.285816192627 1181.1918244361877 2049.6267681121826 2918.2719459533691 700.8874306678772 1304.4586706161499 2450.1463508605957 17150.148071050644 940.345046043396
leaf_count=751 46 29 32 98 61 51 42 39 35 4769 40
internal_value=-0.00176867 0.0609149 0.0918691 0.063227 0.0765171 0.111334 0.0661482 0.100895 0.1171 -0.0712023 0.0756372
internal_weight=36559.4 19213.7 14017.5 5673.37 4492.17 8344.16 2442.55 2975.74 5368.42 17345.7 1741.66
internal_count=5993 1178 427 270 172 157 111 71 86 4815 69
is_linear=0
shrinkage=0.05


Tree=10
num_leaves=14
num_cat=0
split_feature=0 1 1 1 0 0 0 1 1 1 0 0 1
split_gain=58876.5 17196.5 1962.55 1351.26 694.046 584.296 562.001 267.686 184.769 116.134 82.5798 40.5059 29.2223
threshold=129.50000000000003 208.50000000000003 482.00000000000006 112.50000000000001 63.500000000000007 154.50000000000003 43.500000000000007 215.50000000000003 658.50000000000011 331.00000000000006 41.500000000000007 30.500000000000004 944.00000000000011
decision_type=2 2 2 2 2 2 2 2 2 2 2 2 2
left_child=1 3 4 -1 9 7 -5 -2 10 11 -4 -3 -10
right_child=5 2 8 6 -6 -7 -8 -9 12 -11 -12 -13 -14
leaf_value=-0.0055203019941910958 -0.042524495010364323 0.074825291958712195 0.104486409706238 0.043348108212138962 0.043348108212138962 -0.071379384550796052 0.01662339576890148 -0.0055203019941910958 0.10873959410339958 0.086133121862737749 0.087624434210398949 0.059941560974825205 0.11684684819474363
leaf_weight=4406.2164812088013 217.49929261207581 1026.7030982971191 1515.7151107788086 1117.829442024231 873.68926906585693 16402.568473577499 657.23297071456909 233.70199346542358 2890.1109533309937 1674.283239364624 1411.1269884109497 892.47225093841553 2373.4884719848633
leaf_count=662 48 36 29 59 61 4792 73 22 50 48 39 40 34
internal_value=-0.00194358 0.0587947 0.0922165 -0.0055203 0.0655307 -0.0698353 0.0387671 -0.0136696 0.106761 0.0764376 0.096556 0.0679387 0.112417
internal_weight=35692.6 18838.9 12657.6 6181.28 4467.15 16853.8 1775.06 451.201 8190.44 3593.46 2926.84 1919.18 5263.6
internal_count=5993 1131 337 794 185 4862 132 70 152 124 68 76 84
is_linear=0
shrinkage=0.05


Tree=11
num_leaves=12
num_cat=0
split_feature=0 1 1 0 1 1 0 0 1 0 1
split_gain=54524.1 16408.7 3078.99 1071.88 197.466 114.691 102.014 84.1799 38.1922 31.7771 28.5297
threshold=145.50000000000003 128.50000000000003 482.00000000000006 41.500000000000007 658.50000000000011 366.50000000000006 43.500000000000007 16.500000000000004 944.00000000000011 163.50000000000003 228.50000000000003
decision_type=2 2 2 2 2 2 2 2 2 2 2
left_child=1 -1 3 7 6 -5 -4 -3 -6 -2 -9
right_child=9 2 4 5 8 -7 -8 10 -10 -11 -12
leaf_value=-0.0083507522500712635 -0.049876909224310761 0.078301812070114218 0.099428900512757323 0.036718852751386422 0.10344225278648148 0.055491382856644213 0.080684837414725416 0.059342643759283789 0.11248439930974137 -0.071421580407750568 0.072068436223093502
leaf_weight=4815.7111577987671 183.22275805473328 1449.3445091247559 1657.3227252960205 1920.7938752174377 2882.1015038490295 861.26009893417358 1313.4933090209961 857.20176076889038 2397.5742874145508 15518.718057870865 1026.1710548400879
leaf_count=720 46 45 32 143 51 38 39 41 35 4769 34
internal_value=-0.00208558 0.0544719 0.0817885 0.054885 0.101719 0.0367189 0.0912889 0.0742639 0.107569 -0.0711734 0.066311
internal_weight=34882.9 19181 14365.3 6114.77 8250.49 2782.05 2970.82 3332.72 5279.68 15701.9 1883.37
internal_count=5993 1178 458 301 157 181 71 120 86 4815 75
is_linear=0
shrinkage=0.05


Tree=12
num_leaves=12
num_cat=0
split_feature=0 1 1 0 1 0 1 0 1 0 1
split_gain=50495.7 15066.2 2897.55 1006.34 193.844 110.69 105.727 90.8828 41.7334 33.8445 29.361
threshold=145.50000000000003 128.50000000000003 482.00000000000006 43.500000000000007 658.50000000000011 46.500000000000007 366.50000000000006 16.500000000000004 1001.5000000000001 163.50000000000003 278.50000000000006
decision_type=2 2 2 2 2 2 2 2 2 2 2
left_child=1 -1 3 7 5 -4 -5 -3 -6 -2 -9
right_child=9 2 4 6 8 -7 -8 10 -10 -11 -12
leaf_value=-0.0098667195724468984 -0.04888759126760741 0.07418530775930339 0.09461381490211318 0.033787329631142581 0.099364298962840797 0.075180325014508997 0.051708044459861636 0.056650339465423465 0.10929522491172157 -0.071421163082734926 0.068033390250710382
leaf_weight=4795.131233215332 177.7448570728302 1455.437463760376 1709.178129196167 1830.8601598739624 3514.7721638679504 1267.6955623626709 869.24654293060303 1189.1407070159912 1740.8394565582275 14761.945222377777 822.75058650970459
leaf_count=720 46 45 33 137 61 38 38 55 25 4769 26
internal_value=-0.00222664 0.0514229 0.0774414 0.0515146 0.0968561 0.0865537 0.0337873 0.0696288 0.102674 -0.0711564 0.0618815
internal_weight=34134.7 19195.1 14399.9 6167.44 8232.49 2976.87 2700.11 3467.33 5255.61 14939.7 2011.89
internal_count=5993 1178 458 301 157 71 175 126 86 4815 81
is_linear=0
shrinkage=0.05


Tree=13
num_leaves=13
num_cat=0
split_feature=0 1 1 0 1 0 0 1 0 1 0 1
split_gain=46801.6 13796.7 2705.12 944.245 187.477 110.895 105.165 102.159 86.151 42.0353 35.9851 27.1021
threshold=145.50000000000003 128.50000000000003 482.00000000000006 43.500000000000007 658.50000000000011 63.500000000000007 46.500000000000007 278.50000000000006 16.500000000000004 1001.5000000000001 163.50000000000003 278.50000000000006
decision_type=2 2 2 2 2 2 2 2 2 2 2 2
left_child=1 -1 3 8 6 7 -4 -5 -3 -6 -2 -10
right_child=10 2 4 5 9 -7 -8 -9 11 -11 -12 -13
leaf_value=-0.011312475336318831 -0.047878656595114803 0.070183924191905028 0.089853704854648012 0.038713031129586177 0.094467990114008346 0.030956709623469858 0.070914727164497274 0.048375897415614426 0.05329479838507592 0.10440805660138733 -0.071420730070105784 0.064233794374057476
leaf_weight=4770.9940514564514 172.56988334655762 1463.1440048217773 1710.9729919433594 636.63615036010742 3512.2465343475342 1291.9019832611084 1276.5838165283203 800.62457084655762 1200.5745115280151 1731.5170078277588 14042.079762458801 829.30131721496582
leaf_count=720 46 45 33 44 61 104 38 27 55 25 4769 26
internal_value=-0.00234999 0.0485134 0.0732259 0.0483338 0.0920341 0.0309567 0.0819379 0.0464694 0.0657951 0.0977695 -0.0711383 0.0582837
internal_weight=33439.1 19224.5 14453.5 6222.18 8231.32 2729.16 2987.56 1437.26 3493.02 5243.76 14214.6 2029.88
internal_count=5993 1178 458 301 157 175 71 71 126 86 4815 81
is_linear=0
shrinkage=0.05


Tree=14
num_leaves=12
num_cat=0
split_feature=0 1 1 0 1 0 0 0 1 1 0
split_gain=43409.2 12599.5 2526.84 775.642 341.163 215.001 106.901 60.2098 55.4919 43.3722 38.1963
threshold=145.50000000000003 128.50000000000003 401.50000000000006 49.500000000000007 596.50000000000011 52.500000000000007 83.500000000000014 21.500000000000004 222.50000000000003 851.50000000000011 163.50000000000003
decision_type=2 2 2 2 2 2 2 2 2 2 2
left_child=1 -1 3 7 5 -4 9 -3 -9 -6 -2
right_child=10 2 4 -5 6 -7 -8 8 -10 -11 -12
leaf_value=-0.012690939109978209 -0.046851803920156983 0.062495741617666217 0.080683460638771659 0.028227740812933035 0.090351495760214048 0.062495741617666217 0.080683460638771659 0.04245194440399358 0.056681947478734757 0.10036343895181472 -0.071420258897532479
leaf_weight=4743.556812286377 167.68202877044678 1371.4973793029785 1739.0340118408203 1704.5143084526062 2638.0746650695801 1281.6101679801941 1702.571056842804 713.08717441558838 1268.2820901870728 2105.2880630493164 13357.324816942215
leaf_count=720 46 47 36 129 47 47 36 41 45 30 4769
internal_value=-0.0024599 0.0457373 0.0691464 0.040601 0.0843905 0.0704606 0.0909063 0.0566761 0.0508682 0.0948154 -0.0711191
internal_weight=32792.5 19267.5 14524 5057.38 9466.58 3020.64 6445.93 3352.87 1981.37 4743.36 13525
internal_count=5993 1178 458 262 196 83 113 133 86 77 4815
is_linear=0
shrinkage=0.05


Tree=15
num_leaves=13
num_cat=0
split_feature=0 1 1 0 0 1 0 1 0 0 0 1
split_gain=40266 11475.9 2409.3 886.928 226.854 207.818 96.5172 111.083 45.1038 40.475 37.3433 6.62445
threshold=145.50000000000003 122.50000000000001 464.00000000000006 38.500000000000007 87.500000000000014 705.00000000000011 63.500000000000007 278.50000000000006 16.500000000000004 163.50000000000003 30.500000000000004 224.50000000000003
decision_type=2 2 2 2 2 2 2 2 2 2 2 2
left_child=1 -1 3 8 5 10 7 -5 -3 -2 -4 -10
right_child=9 2 4 6 -6 -7 -8 -9 11 -11 -12 -13
leaf_value=-0.014022612878706171 -0.045808863140997559 0.061274562167981272 0.083717489076443788 0.032055023737080073 0.064892373602682837 0.093894923036535502 0.025382032585580784 0.042446812569149506 0.049088601590764572 -0.071419764737275945 0.075301491086146796 0.055797533532937628
leaf_weight=4569.3794779777527 163.06619906425476 1418.8963642120361 1467.3558006286621 897.35020112991333 1631.3870658874512 3700.3353500366211 1277.1082873344421 795.84096527099609 798.69111156463623 12705.965881109238 1839.7913379669189 927.59982395172119
leaf_count=705 46 45 27 60 42 55 106 27 37 4769 44 30
internal_value=-0.00257953 0.0430536 0.0647867 0.0407619 0.0817872 0.0857106 0.025382 0.038728 0.0595116 -0.0710988 0.0765276 0.0527238
internal_weight=32192.8 19323.7 14754.4 6115.49 8638.87 7007.48 2970.3 1693.19 3145.19 12869 3307.15 1726.29
internal_count=5993 1178 473 305 168 126 193 87 112 4815 71 67
is_linear=0
shrinkage=0.05


Tree=16
num_leaves=11
num_cat=0
split_feature=0 1 1 0 1 0 0 1 0 0
split_gain=37390.2 10464.7 2285 816.01 310.513 217.369 57.774 45.4276 42.8178 17.9673
threshold=145.50000000000003 112.50000000000001 401.50000000000006 49.500000000000007 658.50000000000011 54.500000000000007 38.500000000000007 944.00000000000011 163.50000000000003 21.500000000000004
decision_type=2 2 2 2 2 2 2 2 2 2
left_child=1 -1 3 6 5 -4 9 -6 -2 -3
right_child=8 2 4 -5 7 -7 -8 -9 -10 -11
leaf_value=-0.015278742652746747 -0.044751740986292421 0.055121403658350422 0.074493641592581247 0.022716511301815952 0.079251713569585353 0.055121403658350422 0.038520106484614604 0.088868204301301976 -0.071419241429623789 0.048996901092713208
leaf_weight=4404.8845434188843 158.70801734924316 1472.8520660400391 2626.5707511901855 1842.6416668891907 2900.4216709136963 1659.4736518859863 765.41095590591431 2366.2203788757324 12086.375034093857 1350.5299592018127
leaf_count=691 46 52 54 145 51 56 38 35 4769 56
internal_value=-0.00267864 0.0405198 0.0607118 0.0348079 0.0754349 0.065399 0.0508177 0.0835883 -0.0710773 0.0541367
internal_weight=31634.1 19389 14984.1 5431.43 9552.69 4286.04 3588.79 5266.64 12245.1 2823.38
internal_count=5993 1178 487 291 196 110 146 86 4815 108
is_linear=0
shrinkage=0.05


Tree=17
num_leaves=11
num_cat=0
split_feature=0 1 1 0 0 1 0 0 0 0
split_gain=34736.3 9519.21 2088.92 817.055 316.368 260.187 64.3411 56.2422 45.2206 17.5676
threshold=145.50000000000003 112.50000000000001 410.50000000000006 49.500000000000007 91.500000000000014 705.00000000000011 30.500000000000004 38.500000000000007 163.50000000000003 21.500000000000004
decision_type=2 2 2 2 2 2 2 2 2 2
left_child=1 -1 3 7 5 6 -4 9 -2 -3
right_child=8 2 4 -5 -6 -7 -8 -9 -10 -11
leaf_value=-0.016480180050927624 -0.043682452659241665 0.052080999729092893 0.074354225163369092 0.020319676354619624 0.052080999729092893 0.084723569054539635 0.06371476910799842 0.036247512275503123 -0.07141868588221402 0.046255328781637274
leaf_weight=4370.2146854400635 154.59377074241638 1533.4672069549561 1760.22532081604 1870.3936676979065 1522.2036080360413 3856.6338119506836 2380.7673015594482 772.60278463363647 11497.002784490585 1399.4239411354065
leaf_count=691 46 53 33 146 44 57 59 38 4769 57
internal_value=-0.00277628 0.0380941 0.0571195 0.0328076 0.0713544 0.0753485 0.0665989 0.0483527 -0.0710545 0.0515281
internal_weight=31117.5 19465.9 15095.7 5575.89 9519.83 7997.63 4140.99 3705.49 11651.6 2932.89
internal_count=5993 1178 487 294 193 149 92 148 4815 110
is_linear=0
shrinkage=0.05


Tree=18
num_leaves=13
num_cat=0
split_feature=0 1 1 0 1 1 0 1 0 0 0 1
split_gain=32304.5 8641.74 1913.76 851.25 150.162 150.077 149.039 114.631 372.337 87.1465 47.6791 40.0423
threshold=145.50000000000003 112.50000000000001 482.00000000000006 61.500000000000007 681.00000000000011 278.50000000000006 36.500000000000007 31.500000000000004 41.500000000000007 46.500000000000007 163.50000000000003 944.00000000000011
decision_type=2 2 2 2 2 2 2 2 2 2 2 2
left_child=1 7 3 5 9 6 -3 -1 -9 -4 -2 -6
right_child=10 2 4 -5 11 -7 -8 8 -10 -11 -12 -13
leaf_value=-0.017609935092372072 -0.042603072065904891 0.044616839507175626 0.068011290718165057 0.018049621528723196 0.07078184874748962 0.051809781583499359 0.031595810033313819 0.018049621528723196 -0.0085539480891510377 0.051809781583499359 -0.071418096517050569 0.079909770716127149
leaf_weight=2287.2800455093384 150.71041893959045 1969.3142976760864 1982.0217761993408 1551.3703064918518 2712.655309677124 2294.7975521087646 983.03466129302979 883.2918586730957 1162.7228546142578 1337.9864063262939 10936.375540018082 2383.0243988037109
leaf_count=420 46 79 37 122 47 66 63 94 177 38 4769 35
internal_value=-0.00285779 0.0358104 0.0537092 0.0339713 0.0696483 0.045142 0.0374239 -0.0176099 0.000502039 0.0613137 -0.0710303 0.0750654
internal_weight=30634.6 19547.5 15214.2 6798.52 8415.69 5247.15 2952.35 4333.29 2046.01 3320.01 11087.1 5095.68
internal_count=5993 1178 487 330 157 208 142 691 271 75 4815 82
is_linear=0
shrinkage=0.05


Tree=19
num_leaves=13
num_cat=0
split_feature=0 1 1 0 0 1 1 0 0 0 0 0
split_gain=30009.3 7922.42 1746.24 709.141 281.173 237.834 186.295 348.053 65.2636 50.1885 44.8604 13.4028
threshold=145.50000000000003 112.50000000000001 401.50000000000006 49.500000000000007 91.500000000000014 705.00000000000011 31.500000000000004 41.500000000000007 30.500000000000004 163.50000000000003 38.500000000000007 21.500000000000004
decision_type=2 2 2 2 2 2 2 2 2 2 2 2
left_child=1 6 3 10 5 8 -1 -8 -4 -2 11 -3
right_child=9 2 4 -5 -6 -7 7 -9 -10 -11 -12 -13
leaf_value=-0.018735154246377186 -0.041515738096374037 0.045698612208888906 0.06658602024395327 0.015871039791996663 0.045698612208888906 0.075931439652311458 0.015871039791996663 -0.0091905276705897977 0.056325942274019797 -0.071417464398480832 0.031818839428658367 0.040620982783476728
leaf_weight=2262.5887784957886 147.04551005363464 1512.1235198974609 1833.837251663208 1890.4783148765564 1556.0237293243408 3895.0398368835449 887.83187389373779 1157.9058513641357 2474.523118019104 10403.091851234436 787.34983682632446 1391.3726181983948
leaf_count=420 46 52 34 145 44 57 94 177 61 4769 38 56
internal_value=-0.00298764 0.0335344 0.0504772 0.0281627 0.0632345 0.0669533 -0.0187352 0.000354099 0.0588207 -0.0710047 0.042493 0.0453756
internal_weight=30199.2 19649.1 15340.7 5581.32 9759.42 8203.4 4308.33 2045.74 4308.36 10550.1 3690.85 2903.5
internal_count=5993 1178 487 291 196 152 691 271 95 4815 146 108
is_linear=0
shrinkage=0.05


Tree=20
num_leaves=13
num_cat=0
split_feature=0 1 1 0 1 0 0 1 1 0 0 1
split_gain=27908.9 7256.45 1591.73 778.101 251.627 323.838 131.138 155.014 128.849 136.028 52.7436 38.0698
threshold=145.50000000000003 112.50000000000001 482.00000000000006 61.500000000000007 31.500000000000004 41.500000000000007 87.500000000000014 634.00000000000011 278.50000000000006 36.500000000000007 163.50000000000003 862.50000000000011
decision_type=2 2 2 2 2 2 2 2 2 2 2 2
left_child=1 4 3 8 -1 -6 7 -4 9 -3 -2 -9
right_child=10 2 6 -5 5 -7 -8 11 -10 -11 -12 -13
leaf_value=-0.019788288997936984 -0.040422607283611522 0.039290452808050526 0.056936093728910203 0.013819762758380786 0.013819762758380786 -0.0097598355165657378 0.049003621469897729 0.066086547137727505 0.045725611330464669 0.026917624280235461 -0.071416797823355138 0.075403561769811833
leaf_weight=2236.671205997467 143.58720564842224 2006.4510173797607 2254.5639801025391 1576.5387063026428 891.90142059326172 1152.768461227417 1626.4311637878418 2595.762866973877 2335.5655403137207 1001.9190831184387 9895.817075252533 2073.4953231811523
leaf_count=420 46 79 48 122 94 177 38 43 66 63 4769 28
internal_value=-0.0031007 0.031401 0.0474278 0.0295944 -0.0197883 0.000268618 0.0618568 0.0648686 0.0400155 0.0328553 -0.0709776 0.0702392
internal_weight=29791.5 19752.1 15470.7 6920.47 4281.34 2044.67 8550.25 6923.82 5343.94 3008.37 10039.4 4669.26
internal_count=5993 1178 487 330 691 271 157 119 208 142 4815 71
is_linear=0
shrinkage=0.05


Tree=21
num_leaves=13
num_cat=0
split_feature=0 1 1 0 1 0 0 1 2 0 0 2
split_gain=25980.9 6637.87 1448.76 616.957 311.247 306.759 299.561 218.647 80.8056 72.0057 55.3391 38.728
threshold=145.50000000000003 112.50000000000001 350.50000000000006 49.500000000000007 31.500000000000004 91.500000000000014 41.500000000000007 705.00000000000011 2.505555555555556 22.500000000000004 163.50000000000003 1.6166666666666669
decision_type=2 2 2 2 2 2 2 2 2 2 2 2
left_child=1 4 3 8 -1 7 -6 9 -3 -4 -2 -11
right_child=10 2 5 -5 6 -7 -8 -9 -10 11 -12 -13
leaf_value=-0.020777409395779035 -0.039325865744526588 0.038782796481506787 0.059685642759374338 0.011881701835742269 0.011881701835742269 0.038782796481506787 -0.010268053500964333 0.067591732688435935 0.024277869707769274 0.054237597603249081 -0.071416099544868522 0.048789552447123817
leaf_weight=2209.6851491928101 140.32423257827759 2576.3663034439087 1342.8011436462402 1612.1156034469604 895.504638671875 1646.9158549308777 1147.3558325767517 3951.2828330993652 856.86425304412842 2365.9022903442383 9413.282586812973 1252.8181009292603
leaf_count=420 46 99 25 129 94 50 177 57 38 56 4769 33
internal_value=-0.00320149 0.0293941 0.0445408 0.0224942 -0.0207774 0.0550714 0.000241302 0.0587963 0.036674 0.0517796 -0.0709489 0.0487896
internal_weight=29411.2 19857.6 15605.1 5045.35 4252.55 10559.7 2042.86 8912.8 3433.23 4961.52 9553.61 3618.72
internal_count=5993 1178 487 266 691 221 271 171 137 114 4815 89
is_linear=0
shrinkage=0.05


Tree=22
num_leaves=14
num_cat=0
split_feature=0 1 1 0 1 0 2 0 1 0 0 2 1
split_gain=24200.8 6059.55 1316.56 716.056 365.914 275.024 159.222 149.959 117.772 183.496 57.9692 28.7671 16.1122
threshold=145.50000000000003 112.50000000000001 482.00000000000006 63.500000000000007 31.500000000000004 41.500000000000007 1.6833333333333336 21.500000000000004 1001.5000000000001 63.500000000000007 163.50000000000003 2.6944444444444451 208.50000000000003
decision_type=2 2 2 2 2 2 2 2 2 2 2 2 2
left_child=1 4 3 6 -1 -6 12 -8 9 11 -2 -4 -3
right_child=10 2 8 -5 5 -7 7 -9 -10 -11 -12 -13 -14
leaf_value=-0.021714423736251934 -0.038227693154645068 0.032847817980718716 0.059080119353619787 0.010036580983951226 0.010036580983951226 -0.010723023105580199 0.03258146236721729 0.022615065989780012 0.066334023114678273 0.040246679717440344 -0.071415348615183116 0.051896391089838671 0.040246679717440344
leaf_weight=2181.7738981246948 137.24588251113892 1055.2165937423706 3068.2418022155762 1481.0292172431946 898.64728546142578 1141.7088322639465 1165.4288749694824 1138.1122560501099 1774.0195999145508 2007.3736705780029 8954.283251285553 1854.736385345459 2199.2244396209717
leaf_count=420 46 56 52 115 94 177 36 56 25 48 4769 32 67
internal_value=-0.00330218 0.0274898 0.0417876 0.0257031 -0.0217144 0.000268378 0.0351936 0.0249162 0.0547903 0.0518262 -0.0709186 0.0570467 0.0402467
internal_weight=29057 19965.5 15743.4 7039.01 4222.13 2040.36 5557.98 2303.54 8704.37 6930.35 9091.53 4922.98 3254.44
internal_count=5993 1178 487 330 691 271 215 92 157 132 4815 84 123
is_linear=0
shrinkage=0.05


Tree=23
num_leaves=13
num_cat=0
split_feature=0 1 1 0 1 0 0 1 2 0 1 0
split_gain=22606.7 5676.37 1176.88 565.589 389.583 295.954 270.743 186.794 68.7104 53.9369 39.9914 1.05371
threshold=154.50000000000003 112.50000000000001 350.50000000000006 49.500000000000007 29.500000000000004 41.500000000000007 91.500000000000014 634.00000000000011 2.505555555555556 25.500000000000004 862.50000000000011 172.50000000000003
decision_type=2 2 2 2 2 2 2 2 2 2 2 2
left_child=1 4 3 8 -1 -6 7 9 -3 -4 -9 -2
right_child=11 2 6 -5 5 -7 -8 10 -10 -11 -12 -13
leaf_value=-0.022855829022201259 -0.0627990983799913 0.034190200067198737 0.051552846210858698 0.0082319940653743841 0.0082319940653743841 -0.012038340031183254 0.034190200067198737 0.054577879620463204 0.020450134447255644 0.043208524570908673 0.063747083667759122 -0.071414475482475134
leaf_weight=2070.0166375637054 104.2980740070343 2621.2139205932617 1378.756217956543 1656.1057319641113 949.14788913726807 1215.8242228031158 1686.147509098053 2692.1545314788818 870.61294746398926 2737.9726419448853 2263.854175567627 8473.232106089592
leaf_count=410 48 99 26 132 100 199 52 44 38 71 30 4744
internal_value=-0.00334366 0.0256054 0.0393198 0.0196531 -0.0228558 -0.00122085 0.0487273 0.0522268 0.0326683 0.0443274 0.0587783 -0.071317
internal_weight=28719.3 20141.8 15906.8 5147.93 4234.99 2164.97 10758.9 9072.74 3491.83 4116.73 4956.01 8577.53
internal_count=5993 1201 492 269 709 299 223 171 137 97 74 4792
is_linear=0
shrinkage=0.05


Tree=24
num_leaves=14
num_cat=0
split_feature=0 1 1 0 1 0 2 0 0 1 2 0 0
split_gain=21121.8 5179.3 1057.07 729.157 435.956 280.965 148.475 128.029 89.3709 59.1952 39.1132 19.9112 1.29802
threshold=154.50000000000003 112.50000000000001 524.50000000000011 63.500000000000007 29.500000000000004 63.500000000000007 2.505555555555556 21.500000000000004 83.500000000000014 228.50000000000003 2.4500000000000006 30.500000000000004 172.50000000000003
decision_type=2 2 2 2 2 2 2 2 2 2 2 2 2
left_child=1 4 3 6 -1 -6 9 -8 10 11 -4 -3 -2
right_child=12 2 8 -5 5 -7 7 -9 -10 -11 -12 -13 -14
leaf_value=-0.023669353159333231 -0.062276991256389962 0.032729023691731571 0.056073937233402843 0.0066241719568907566 0.0066241719568907566 -0.012368123693161891 0.028577902346189135 0.01953881785946867 0.04077316861086186 0.036880145037274006 0.047615580702049375 0.028577902346189135 -0.071413622764351994
leaf_weight=2041.0581741333008 100.03061580657959 1247.521656036377 3678.9529838562012 1629.6543848514557 1490.9172101020813 669.30580878257751 911.3872127532959 891.7026195526123 2091.6950511932373 2569.8662729263306 2273.8009262084961 750.2485990524292 8060.0816581249237
leaf_count=410 48 46 57 122 173 126 27 41 46 70 38 45 4744
internal_value=-0.00340154 0.0239706 0.0369177 0.0240438 -0.0236694 -0.00106689 0.0324535 0.0202757 0.0497165 0.0368801 0.0528516 0.0285779 -0.0713093
internal_weight=28406.2 20246.1 16044.8 8000.38 4201.28 2160.22 6370.73 1803.09 8044.45 4567.64 5952.75 1997.77 8160.11
internal_count=5993 1201 492 351 709 299 229 68 141 161 95 91 4792
is_linear=0
shrinkage=0.05


Tree=25
num_leaves=13
num_cat=0
split_feature=0 1 1 0 1 0 0 1 2 0 2 0
split_gain=19759.8 4750.73 1070.7 595.151 348.317 243.27 180.604 159.33 68.6096 64.6533 37.4681 1.55896
threshold=154.50000000000003 89.500000000000014 342.50000000000006 49.500000000000007 29.500000000000004 91.500000000000014 66.500000000000014 705.00000000000011 3.0166666666666671 21.500000000000004 1.6166666666666669 172.50000000000003
decision_type=2 2 2 2 2 2 2 2 2 2 2 2
left_child=1 4 3 8 -1 7 -6 9 -3 -4 -11 -2
right_child=11 2 5 -5 6 -7 -8 -9 -10 10 -12 -13
leaf_value=-0.024423443197090763 -0.061729248226285595 0.029424128191456872 0.047106555683703151 0.0048640314104019299 0.0048640314104019299 0.029424128191456872 -0.013315156637312073 0.053692255758850053 0.017052524984625318 0.042474840328596913 0.037843124973490676 -0.071412721970494114
leaf_weight=2011.5816402435303 95.984004259109497 2934.9924063682556 1354.9740524291992 1786.5092918872833 1315.5402264595032 1728.2211771011353 527.59869766235352 4088.2895545959473 657.7030348777771 2511.0222539901733 1433.2686023712158 7667.0814778804779
leaf_count=410 48 119 25 155 157 53 100 57 32 57 36 4744
internal_value=-0.00343708 0.0224541 0.0341515 0.0158353 -0.0244234 0.043013 -0.00220687 0.0462621 0.029241 0.0405209 0.0378431 -0.071301
internal_weight=28112.8 20349.7 16495 5379.2 3854.72 11115.8 1843.14 9387.55 3592.7 5299.26 3944.29 7763.07
internal_count=5993 1201 534 306 667 228 257 175 151 118 93 4792
is_linear=0
shrinkage=0.05


Tree=26
num_leaves=15
num_cat=0
split_feature=0 1 1 0 1 0 0 1 2 2 0 2 2 0
split_gain=18482.7 4356.97 958.559 572.801 382.156 219.597 170.436 145.235 62.4159 58.1941 15.8559 11.0133 8.32047 1.83727
threshold=154.50000000000003 89.500000000000014 342.50000000000006 49.500000000000007 29.500000000000004 91.500000000000014 66.500000000000014 681.00000000000011 3.0166666666666671 2.5388888888888892 52.500000000000007 0.79444444444444462 2.1055555555555561 172.50000000000003
decision_type=2 2 2 2 2 2 2 2 2 2 2 2 2 2
left_child=1 4 3 8 -1 7 11 9 -3 10 -4 -6 -9 -2
right_child=13 2 5 -5 6 -7 -8 12 -10 -11 -12 -13 -14 -15
leaf_value=-0.025155621961006819 -0.061155328272608216 0.027572379044821696 0.043929341731039281 0.0034480596353982738 0.0034480596353982738 0.027572379044821696 -0.013674036096848204 0.052330523333421301 0.015510219340109982 0.035514939031595937 0.039068763854613421 -0.0051129882307249649 0.047709255206440697 -0.071411760630013185
leaf_weight=1981.70392370224 92.147454857826233 2957.9819855690002 1858.5458450317383 1790.3996362686157 1049.7919564247131 1743.3913702964783 523.84723281860352 2302.599365234375 661.62572622299194 1713.7152614593506 1530.672459602356 268.04530668258667 2074.3469886779785 7293.2488754987717
leaf_count=410 48 119 34 155 120 53 100 31 32 40 40 37 30 4744
internal_value=-0.00349719 0.0209808 0.0320517 0.0147597 -0.0251556 0.040385 -0.00219245 0.0434575 0.0275724 0.0377069 0.0426226 0.00344806 0.0501518 -0.0712921
internal_weight=27842.1 20456.7 16633.3 5410.01 3823.39 11223.3 1841.68 9479.88 3619.61 5102.93 3389.22 1317.84 4376.95 7385.4
internal_count=5993 1201 534 306 667 228 257 175 151 114 74 157 61 4792
is_linear=0
shrinkage=0.05


Tree=27
num_leaves=14
num_cat=0
split_feature=0 1 1 0 1 1 0 0 2 0 2 2 0
split_gain=17311 3987.78 857.627 577.588 414.2 201.619 228.576 159.449 67.7506 55.298 65.1422 21.3247 2.13368
threshold=154.50000000000003 89.500000000000014 350.50000000000006 49.500000000000007 29.500000000000004 1077.0000000000002 63.500000000000007 66.500000000000014 3.2944444444444447 22.500000000000004 2.5388888888888892 0.32777777777777783 172.50000000000003
decision_type=2 2 2 2 2 2 2 2 2 2 2 2 2
left_child=1 4 3 8 -1 6 9 -6 -3 -4 -11 -8 -2
right_child=12 2 5 -5 7 -7 11 -9 -10 10 -12 -13 -14
leaf_value=-0.025830654314648895 -0.060554760248619825 0.026108093026499725 0.04529267315994677 0.0021303175523906233 0.0021303175523906233 0.055145003977651499 0.033292800539296279 -0.01394711953725763 0.014119205289445175 0.041388999346260849 0.033292800539296279 0.026108093026499725 -0.071410735875944681
leaf_weight=1951.4923839569092 88.510694742202759 3139.1960296630859 1941.606330871582 1804.2901468276978 1318.3808255195618 1503.5446510314941 1090.0162410736084 520.03564596176147 656.47202587127686 3091.5166568756104 1814.0164222717285 1728.5475878715515 6937.6501394510269
leaf_count=410 48 124 32 156 157 20 27 100 31 57 35 52 4744
internal_value=-0.0035343 0.0196213 0.0300913 0.0141186 -0.0258307 0.0380976 0.0354403 -0.00206358 0.0261081 0.0404775 0.0374853 0.0261081 -0.0712826
internal_weight=27585.3 20559.1 16769.2 5599.96 3789.91 11169.2 9665.7 1838.42 3795.67 6847.14 4905.53 2818.56 7026.16
internal_count=5993 1201 534 311 667 223 203 257 155 124 92 79 4792
is_linear=0
shrinkage=0.05


Tree=28
num_leaves=14
num_cat=0
split_feature=0 1 1 0 1 0 2 0 0 2 1 2 0
split_gain=16230.6 3649.44 782.735 726.197 440.987 148.388 134.573 127.546 79.4678 156.065 10.1456 25.8986 2.4489
threshold=154.50000000000003 89.500000000000014 524.50000000000011 63.500000000000007 29.500000000000004 66.500000000000014 2.4055555555555559 21.500000000000004 41.500000000000007 1.0722222222222224 228.50000000000003 0.90555555555555567 172.50000000000003
decision_type=2 2 2 2 2 2 2 2 2 2 2 2 2
left_child=1 4 3 6 -1 -6 10 -8 -4 -10 11 -3 -2
right_child=12 2 8 -5 5 -7 7 -9 9 -11 -12 -13 -14
leaf_value=-0.026457470985201917 -0.059927165813464162 0.026004351959452079 0.046498725368965398 0.0010262567477239998 0.0010262567477239998 -0.014202001882562036 0.021542435904700081 0.013422391638427978 0.041193824921748272 0.02839556542363186 0.02839556542363186 0.021542435904700081 -0.07140964858335154
leaf_weight=1921.0532336235046 85.063930630683899 1032.0781655311584 2567.9906044006348 1762.7611973285675 1319.3918046951294 516.19031381607056 1058.8575773239136 975.39129066467285 3088.9466960430145 2690.0151698589325 2626.2831563949585 1098.3004903793335 6599.3947402238846
leaf_count=410 48 46 38 143 157 100 32 46 54 49 69 57 4744
internal_value=-0.00355685 0.0183576 0.0282656 0.0176329 -0.0262131 -0.00194653 0.0258185 0.0146893 0.0391583 0.0358889 0.0283956 0.0236131 -0.0712725
internal_weight=27341.7 20657.3 16900.6 8553.67 3756.64 1835.58 6790.91 2034.25 8346.95 5778.96 4756.66 2130.38 6684.46
internal_count=5993 1201 534 393 667 257 250 78 141 103 172 103 4792
is_linear=0
shrinkage=0.05


Tree=29
num_leaves=14
num_cat=0
split_feature=0 1 1 0 0 1 1 2 0 0 0 2 0
split_gain=15251.5 3375.44 936.225 627.217 320.326 160.147 123.983 86.3622 72.1799 62.972 59.6936 5.86255 2.78361
threshold=154.50000000000003 43.500000000000007 278.50000000000006 36.500000000000007 102.50000000000001 596.50000000000011 29.500000000000004 1.0277777777777779 41.500000000000007 46.500000000000007 21.500000000000004 1.2722222222222224 172.50000000000003
decision_type=2 2 2 2 2 2 2 2 2 2 2 2 2
left_child=1 6 3 -3 5 10 -1 -7 -8 -9 -4 -12 -2
right_child=12 2 4 -5 -6 7 8 9 -10 -11 11 -13 -14
leaf_value=-0.027011043805269998 -0.059272246393865073 0.020126545184147988 0.035010564289763749 -0.00088685033424776858 0.020126545184147988 0.049236905768445478 -0.00088685033424776858 0.043066594292439912 -0.015494256221055569 0.035010564289763749 0.031501195706014354 0.027991827122264959 -0.071408497999085982
leaf_weight=1890.4774632453918 81.797836303710938 2596.5578002929688 1352.3860969543457 2717.2241005897522 1421.8844318389893 2150.5017566680908 488.81461715698242 2304.1860122680664 394.50318336486816 1948.2072620391846 2091.9456911087036 1388.7793397903442 6277.6371229887009
leaf_count=410 48 121 26 272 55 31 55 33 68 31 54 45 4744
internal_value=-0.00352668 0.0172397 0.0252373 0.00762202 0.0326311 0.0358571 -0.027011 0.0410481 -0.00397747 0.0368963 0.028973 0.0279918 -0.0712617
internal_weight=27104.9 20745.5 17971.7 5313.78 12657.9 11236 2773.8 6402.9 883.318 4252.39 4833.11 3480.73 6359.43
internal_count=5993 1201 668 393 275 220 533 95 123 64 125 99 4792
is_linear=0
shrinkage=0.05


Tree=30
num_leaves=14
num_cat=0
split_feature=0 1 1 0 0 1 1 2 0 0 0 2 0
split_gain=14307.5 3115.77 824.528 603.545 292.98 157.591 143.375 78.7735 63.9986 58.3273 55.968 5.0885 3.13842
threshold=154.50000000000003 43.500000000000007 278.50000000000006 38.500000000000007 102.50000000000001 29.500000000000004 596.50000000000011 1.0277777777777779 41.500000000000007 46.500000000000007 21.500000000000004 1.2722222222222224 172.50000000000003
decision_type=2 2 2 2 2 2 2 2 2 2 2 2 2
left_child=1 5 3 -3 6 -1 10 -8 -7 -9 -4 -12 -2
right_child=12 2 4 -5 -6 8 7 9 -10 -11 11 -13 -14
leaf_value=-0.027583591791196356 -0.058589819854169591 0.018841194277631236 0.032840074642323761 -0.0019626989871784533 0.018841194277631236 -0.0019626989871784533 0.046307864733073051 0.040444391033177346 -0.015602712495898766 0.032840074642323761 0.029540354006316175 0.026240633370308582 -0.071407269884852492
leaf_weight=1859.8790349960327 78.703514814376831 2768.3970437049866 1363.6891059875488 2559.3407638072968 1432.5773148536682 488.66432666778564 2171.7043704986572 2326.289608001709 391.44600391387939 1967.6193599700928 2109.4438791275024 1402.5275812149048 5971.5733156204224
leaf_count=410 48 130 26 263 55 55 31 33 68 31 54 45 4744
internal_value=-0.00356758 0.0160831 0.0236582 0.0071329 0.0305495 -0.0275836 0.0336401 0.0385264 -0.00362183 0.0345809 0.0271538 0.0262406 -0.0712502
internal_weight=26891.9 20841.6 18101.6 5327.74 12773.9 2739.99 11341.3 6465.61 880.11 4293.91 4875.66 3511.97 6050.28
internal_count=5993 1201 668 393 275 533 220 95 123 64 125 99 4792
is_linear=0
shrinkage=0.05


Tree=31
num_leaves=12
num_cat=0
split_feature=0 1 1 0 0 1 2 2 0 0 0
split_gain=13434.2 2904.34 849.646 618.619 274.547 129.933 65.7964 21.085 18.6522 4.39426 3.51393
threshold=154.50000000000003 34.500000000000007 278.50000000000006 41.500000000000007 102.50000000000001 681.00000000000011 1.3055555555555558 1.8500000000000003 22.500000000000004 54.500000000000007 172.50000000000003
decision_type=2 2 2 2 2 2 2 2 2 2 2
left_child=1 -1 3 -3 5 6 9 -7 -8 -4 -2
right_child=10 2 4 -5 -6 7 8 -9 -10 -11 -12
leaf_value=-0.028116448972907729 -0.057879809762734713 0.017189988837229671 0.032283020929719589 -0.003366447426715222 0.017189988837229671 0.041208195558227988 0.028330646156214487 0.034583921284317469 0.024378271382709382 0.029370780286533917 -0.071405969690231316
leaf_weight=2084.1484577655792 75.772487640380859 3258.617702960968 1822.4151935577393 2704.1688940525055 1442.7764759063721 2301.3190536499023 1311.6410579681396 2656.4425430297852 1933.7878389358521 1419.1922044754028 5680.4372674226761
leaf_count=449 48 174 36 303 55 30 26 37 53 38 4744
internal_value=-0.00359635 0.0150051 0.0213836 0.00577632 0.0286037 0.0315666 0.0268995 0.0376665 0.0243783 0.032283 -0.071238
internal_weight=26690.7 20934.5 18850.4 5962.79 12887.6 11444.8 6487.04 4957.76 3245.43 3241.61 5756.21
internal_count=5993 1201 752 477 275 220 153 67 79 74 4792
is_linear=0
shrinkage=0.05


Tree=32
num_leaves=13
num_cat=0
split_feature=0 1 1 0 0 1 2 2 0 0 0 0
split_gain=12631.1 2710.4 784.493 599.543 283.336 141.248 72.6274 62.115 57.0844 4.06859 3.91064 2.69664
threshold=154.50000000000003 31.500000000000004 231.50000000000003 36.500000000000007 98.500000000000014 596.50000000000011 1.0277777777777779 1.2722222222222224 46.500000000000007 21.500000000000004 172.50000000000003 54.500000000000007
decision_type=2 2 2 2 2 2 2 2 2 2 2 2
left_child=1 -1 3 -3 5 7 -7 11 -8 -9 -2 -4
right_child=10 2 4 -5 -6 6 8 9 -10 -11 -12 -13
leaf_value=-0.028601571265219158 -0.057142249044642095 0.014710769003075972 0.028724895940344598 -0.0043602277225862048 0.014710769003075972 0.041815371221461728 0.036125867472678486 0.025296869486676817 0.028724895940344598 0.021868843033009035 -0.071404581507400117 0.025849798592149018
leaf_weight=1891.4856021404266 72.996680498123169 2659.8251729011536 1689.5924510955811 2555.8801963329315 1683.397608757019 2082.230785369873 2366.0544395446777 1263.007381439209 2008.0610847473145 1652.7975559234619 5403.5016416311264 1170.4556303024292
leaf_count=425 48 153 37 307 66 29 33 26 31 56 4744 38
internal_value=-0.00359781 0.0140218 0.0198811 0.00334213 0.0260794 0.0290269 0.0341121 0.0233377 0.0304364 0.0218688 -0.0712249 0.0287249
internal_weight=26499.3 21022.8 19131.3 5215.71 13915.6 12232.2 6456.35 5775.85 4374.12 2915.8 5476.5 2860.05
internal_count=5993 1201 776 460 316 250 93 157 64 82 4792 75
is_linear=0
shrinkage=0.05


Tree=33
num_leaves=11
num_cat=0
split_feature=0 1 1 0 0 1 2 0 2 0
split_gain=11875.3 2531.34 698.898 597.405 232.641 109.23 59.1362 20.187 17.826 4.32899
threshold=154.50000000000003 31.500000000000004 278.50000000000006 41.500000000000007 102.50000000000001 681.00000000000011 2.005555555555556 56.500000000000007 1.8500000000000003 172.50000000000003
decision_type=2 2 2 2 2 2 2 2 2 2
left_child=1 -1 3 -3 5 6 7 -4 -7 -2
right_child=9 2 4 -5 -6 8 -8 -9 -10 -11
leaf_value=-0.029071537550983004 -0.056377317401962834 0.014945722879400531 0.028533910473124442 -0.005217607768422599 0.014945722879400531 0.036651417062465531 0.021415850609082517 0.024723860699998591 0.030620143787841232 -0.07140310411947505
leaf_weight=1859.9082186222076 70.368380427360535 3398.6763300895691 2723.9009799957275 2750.412246465683 1460.4682614803314 2343.21435546875 2461.6114635467529 1409.0459470748901 2703.829963684082 5140.0734140872955
leaf_count=425 48 186 55 315 55 30 57 41 37 4744
internal_value=-0.00361746 0.013068 0.0186363 0.00472895 0.0251625 0.027886 0.0236408 0.0280319 0.033427 -0.071211
internal_weight=26321.5 21111.1 19251.2 6149.09 13102.1 11641.6 6594.56 4132.95 5047.04 5210.44
internal_count=5993 1201 776 501 275 220 153 96 67 4792
is_linear=0
shrinkage=0.05


Tree=34
num_leaves=12
num_cat=0
split_feature=0 1 1 0 0 2 1 0 0 1 0
split_gain=11182.8 2366.58 641.586 580.717 241.828 117.352 57.1388 48.6736 22.1363 5.53811 4.76936
threshold=154.50000000000003 29.500000000000004 231.50000000000003 36.500000000000007 98.500000000000014 2.5388888888888892 774.00000000000011 25.500000000000004 56.500000000000007 440.50000000000006 172.50000000000003
decision_type=2 2 2 2 2 2 2 2 2 2 2
left_child=1 -1 3 -3 5 6 8 -7 9 -4 -2
right_child=10 2 4 -5 -6 7 -8 -9 -10 -11 -12
leaf_value=-0.029490363283598345 -0.055585308602182186 0.012788850604218839 0.026374698218780732 -0.0060440440331209176 0.012788850604218839 0.024101772569146973 0.035055037050138856 0.019242275781598244 0.024101772569146973 0.030095872456774093 -0.071401537223592035
leaf_weight=1737.9982838630676 67.880243539810181 2731.0312638282776 1449.2162837982178 2590.3428132534027 1702.6199927330017 1684.8612594604492 2664.8307037353516 2155.4963798522949 1939.0878124237061 2536.4906845092773 4889.4938799142838
leaf_count=410 48 159 41 316 66 32 33 46 57 41 4744
internal_value=-0.00359975 0.0122155 0.0174023 0.00260397 0.0229737 0.0256957 0.0289613 0.0192423 0.026215 0.0286476 -0.0711962
internal_weight=26149.3 21192 19454 5321.37 14132.6 12430 8589.63 3840.36 5924.79 3985.71 4957.37
internal_count=5993 1201 791 475 316 250 172 78 139 82 4792
is_linear=0
shrinkage=0.05


Tree=35
num_leaves=13
num_cat=0
split_feature=0 1 1 0 1 0 2 1 0 0 2 0
split_gain=10532.4 2216.71 571.153 616.491 143.992 166.306 73.0908 46.5501 44.1872 21.7287 12.8821 5.23201
threshold=154.50000000000003 29.500000000000004 342.50000000000006 54.500000000000007 1077.0000000000002 46.500000000000007 2.1388888888888893 851.50000000000011 16.500000000000004 21.500000000000004 0.67222222222222239 172.50000000000003
decision_type=2 2 2 2 2 2 2 2 2 2 2 2
left_child=1 -1 3 6 5 9 -3 10 -8 -4 -7 -2
right_child=11 2 4 -5 -6 7 8 -9 -10 -11 -12 -13
leaf_value=-0.02989146022756449 -0.054766673635462629 0.01423671333374027 0.028964587756823226 -0.0067781304475882228 0.037023620102210934 0.017707760001242048 0.008983002388408148 0.021178806668743826 0.0037292914430760238 0.024320368955372595 0.01423671333374027 -0.071399871203398566
leaf_weight=1707.9632911682129 65.525258660316467 3865.8834462165833 1954.7445869445801 2325.8658752441406 1597.6044731140137 1936.5796842575073 615.30283832550049 1556.5897676944733 642.17217588424683 3073.8075942993164 1995.2147097587585 4651.1362577676773
leaf_count=410 48 222 31 277 20 48 22 24 42 51 54 4744
internal_value=-0.0035918 0.0113975 0.0163352 0.00543942 0.023034 0.0209056 0.0142367 0.0148826 0.00372929 0.0274751 0.0142367 -0.0711805
internal_weight=25988.4 21271.7 19563.8 7449.22 12114.5 10516.9 5123.36 5488.38 1257.48 5028.55 3931.79 4716.66
internal_count=5993 1201 791 563 228 208 286 126 64 82 102 4792
is_linear=0
shrinkage=0.05


Tree=36
num_leaves=12
num_cat=0
split_feature=0 1 0 1 0 2 0 1 1 0 0
split_gain=9940.64 2080.05 538.388 452.692 240.42 74.7047 65.9169 37.2066 27.9556 13.8942 5.71711
threshold=154.50000000000003 29.500000000000004 107.50000000000001 342.50000000000006 30.500000000000004 2.5388888888888892 30.500000000000004 774.00000000000011 705.00000000000011 56.500000000000007 172.50000000000003
decision_type=2 2 2 2 2 2 2 2 2 2 2
left_child=1 -1 3 4 -3 7 -7 9 -4 -5 -2
right_child=10 2 8 5 -6 6 -8 -9 -10 -11 -12
leaf_value=-0.030233775540761277 -0.053921994240676001 0.015975530809835568 -0.007415118182911404 0.026424259437409739 0.0052223545032077066 0.022382437487185686 0.015975530809835568 0.031234663742145605 0.0052223545032077066 0.022382437487185686 -0.071398093966169057
leaf_weight=1678.195659995079 63.296743273735046 3006.6302542686462 1010.095535993576 2995.2786331176758 3957.0948615074158 1702.2520523071289 1726.3442878723145 2964.1195411682129 518.79094386100769 1780.4377899169922 4424.4049921035767
leaf_count=410 48 147 106 51 336 28 33 37 12 41 4744
internal_value=-0.00353008 0.0106961 0.0154035 0.0178598 0.00785314 0.0240979 0.0179432 0.0268217 -0.00741512 0.0240767 -0.0711637
internal_weight=25826.9 21339.2 19661 18132.2 6963.73 11168.4 3428.6 7739.84 1528.89 4775.72 4487.7
internal_count=5993 1201 791 673 483 190 61 129 118 92 4792
is_linear=0
shrinkage=0.05


Tree=37
num_leaves=13
num_cat=0
split_feature=0 1 0 1 0 1 2 0 0 1 2 0
split_gain=9373.24 1946.39 501.941 406.223 233.922 68.3046 54.6286 45.3922 38.8439 35.3347 12.8475 6.22472
threshold=154.50000000000003 29.500000000000004 107.50000000000001 342.50000000000006 30.500000000000004 596.50000000000011 1.0277777777777779 46.500000000000007 22.500000000000004 705.00000000000011 0.85000000000000009 172.50000000000003
decision_type=2 2 2 2 2 2 2 2 2 2 2 2
left_child=1 -1 3 4 -3 8 -7 -8 -5 -4 -10 -2
right_child=11 2 9 5 -6 6 7 -9 10 -11 -12 -13
leaf_value=-0.030584281492056106 -0.05305200521899648 0.015009404603212538 -0.0080636515806329009 0.021635004960747023 0.0043703582037061869 0.031783685356814889 0.027143379551101805 0.021635004960747023 0.018322204781979778 0.0043703582037061869 0.015009404603212538 -0.071396209426941803
leaf_weight=1648.7653818130493 61.188323616981506 3021.8077549934387 1006.3139128684998 1362.6726951599121 3965.5428776741028 2418.0343818664551 2453.3154487609863 2213.3568344116211 1331.9594764709473 519.77620697021484 1471.4824895858765 4208.7327148914337
leaf_count=410 48 147 106 24 336 33 33 33 29 12 38 4744
internal_value=-0.00351211 0.00997726 0.014457 0.0168044 0.00733405 0.0226848 0.0256746 0.0225031 0.0175954 -0.00806365 0.0150094 -0.0711458
internal_weight=25682.9 21413 19764.3 18238.2 6987.35 11250.8 7084.71 4666.67 4166.11 1526.09 2803.44 4269.92
internal_count=5993 1201 791 673 483 190 99 66 91 118 67 4792
is_linear=0
shrinkage=0.05


Tree=38
num_leaves=13
num_cat=0
split_feature=0 1 0 1 0 2 0 1 1 0 2 0
split_gain=8842.95 1819.99 467.15 362.938 229.715 65.5137 57.299 41.8668 30.2138 13.3488 10.3855 6.75478
threshold=154.50000000000003 29.500000000000004 107.50000000000001 342.50000000000006 38.500000000000007 2.5388888888888892 30.500000000000004 705.00000000000011 774.00000000000011 56.500000000000007 3.0166666666666671 172.50000000000003
decision_type=2 2 2 2 2 2 2 2 2 2 2 2
left_child=1 -1 3 4 10 8 -7 -4 9 -5 -3 -2
right_child=11 2 7 5 -6 6 -8 -9 -10 -11 -12 -13
leaf_value=-0.030911359538610884 -0.052157588429940831 0.014101555565545657 -0.0086725720544807601 0.023686751255477066 0.0035677737213880359 0.019742239661331294 0.014101555565545657 0.0035677737213880359 0.027812838864677711 0.019742239661331294 0.0088346646434668465 -0.071394200046303022
leaf_weight=1619.6738505363464 59.193917036056519 3136.360288143158 1002.227432012558 3037.6046867370605 3208.5821294784546 1725.0733909606934 1750.1694059371948 520.60460305213928 3012.3543663024902 1806.2358455657959 664.00527715682983 4003.5801308751106
leaf_count=410 48 161 106 51 291 28 33 12 37 41 31 4744
internal_value=-0.00348988 0.00930411 0.0135662 0.0158081 0.00686345 0.0213397 0.0156146 -0.00867257 0.0238699 0.0214125 0.0141016 -0.0711268
internal_weight=25545.7 21482.9 19863.2 18340.4 7008.95 11331.4 3475.24 1522.83 7856.19 4843.84 3800.37 4062.77
internal_count=5993 1201 791 673 483 190 61 118 129 92 192 4792
is_linear=0
shrinkage=0.05


Tree=39
num_leaves=15
num_cat=0
split_feature=0 1 0 1 0 1 1 2 0 0 0 0 1 2
split_gain=8348.43 1700.74 435.38 326.084 238.405 298.229 164.078 116.018 18.253 13.9336 7.30712 5.71681 5.09296 1.27381
threshold=154.50000000000003 29.500000000000004 98.500000000000014 1329.5000000000002 16.500000000000004 228.50000000000003 889.50000000000011 2.5388888888888892 63.500000000000007 3.5000000000000004 172.50000000000003 21.500000000000004 342.50000000000006 0.11666666666666668
decision_type=2 2 2 2 2 2 2 2 2 2 2 2 2 2
left_child=1 11 3 4 9 13 -4 8 -7 -3 -2 -1 -11 -6
right_child=10 2 6 -5 5 7 -8 -9 -10 12 -12 -13 -14 -15
leaf_value=-0.0092385622654520046 -0.051239771747989708 0.029724228865429428 -0.0092385622654520046 0.045659553994351121 0.0095271229976329266 0.018454788840193258 0.0033726098919308898 0.0095271229976329266 0.013990955918913093 0.021386176913780232 -0.071392066080521885 -0.031212764258149495 0.026372512194232145 0.0033726098919308898
leaf_weight=348.70800828933716 57.307719111442566 1073.6857891082764 1528.4841058254242 841.66484832763672 799.54443836212158 4936.2542181015015 614.83716630935669 2814.6435699462891 2322.6195869445801 1199.2730302810669 3808.4344331026077 1242.2439078092575 962.660400390625 2864.2767071723938
leaf_count=73 48 27 133 8 89 99 12 58 53 55 4744 337 15 242
internal_value=-0.00345747 0.00868112 0.0127356 0.0152971 0.0137889 0.0109115 -0.00855191 0.0156816 0.0184548 0.025998 -0.0711066 -0.0312128 0.0236176 0.00337261
internal_weight=25414.6 21548.9 19957.9 17814.6 16973 13737.3 2143.32 10073.5 7258.87 3235.62 3865.74 1590.95 2161.93 3663.82
internal_count=5993 1201 791 646 638 541 145 210 152 97 4792 410 70 331
is_linear=0
shrinkage=0.05


Tree=40
num_leaves=15
num_cat=0
split_feature=0 1 0 1 0 1 2 1 2 0 0 0 0 0
split_gain=7887.67 1600.54 401.902 307.948 197.747 91.0161 62.9507 62.2673 43.5156 45.8528 28.438 23.8449 7.88144 2.41013
threshold=154.50000000000003 29.500000000000004 107.50000000000001 231.50000000000003 36.500000000000007 596.50000000000011 2.594444444444445 862.50000000000011 1.0277777777777779 46.500000000000007 56.500000000000007 25.500000000000004 172.50000000000003 9.5000000000000018
decision_type=2 2 2 2 2 2 2 2 2 2 2 2 2 2
left_child=1 11 3 4 -3 6 10 -4 -7 -10 -5 13 -2 -1
right_child=12 2 7 5 -6 8 -8 -9 9 -11 -12 -13 -14 -15
leaf_value=-0.0097486554295681607 -0.050299718202353849 0.010750998356148825 -0.0097486554295681607 0.017678498349271817 0.0021405451999022595 0.027195570443655129 0.010750998356148825 0.0021405451999022595 0.023097125703694786 0.017678498349271817 0.014111763311309611 -0.031487030193418163 -0.071389789238385515 -0.014865094454601935
leaf_weight=164.05703449249268 55.524204015731812 2799.9194564819336 1128.1840131282806 3116.5027894973755 2264.3602848052979 2469.7777442932129 1666.582311630249 385.95479369163513 2499.4720115661621 2257.1131324768066 1452.6402950286865 1148.9548588991165 3622.8074753284454 252.84463429450989
leaf_count=33 48 159 109 68 250 33 45 9 33 33 52 321 4744 56
internal_value=-0.00341244 0.00811113 0.0119897 0.0140297 0.00351866 0.0179833 0.0135535 -0.00974866 0.0218035 0.0189987 0.0174725 -0.031487 -0.0710852 -0.00974866
internal_weight=25284.7 21606.4 20040.5 18526.4 5064.28 13462.1 6235.73 1514.14 7226.36 4756.59 4569.14 1565.86 3678.33 416.902
internal_count=5993 1201 791 673 409 264 165 118 99 66 120 410 4792 89
is_linear=0
shrinkage=0.05


Tree=41
num_leaves=15
num_cat=0
split_feature=0 1 0 1 0 0 2 1 1 1 0 1 1 0
split_gain=7446.43 1502.49 369.529 285.27 241.726 130.902 132.214 108.933 65.8738 63.4539 41.6856 45.9701 29.3188 11.5219
threshold=154.50000000000003 29.500000000000004 107.50000000000001 1329.5000000000002 63.500000000000007 16.500000000000004 1.427777777777778 619.50000000000011 862.50000000000011 530.50000000000011 25.500000000000004 13.500000000000002 74.500000000000014 3.5000000000000004
decision_type=2 2 2 2 2 2 2 2 2 2 2 2 2 2
left_child=1 10 3 4 5 13 12 -6 -4 -8 11 -1 -7 -3
right_child=-2 2 8 -5 7 6 9 -9 -10 -11 -12 -13 -14 -15
leaf_value=-0.021018149744175117 -0.071062399115101413 0.026587077910623525 -0.010268419422774891 0.041364671198095698 0.001450127624260856 0.013044116441845067 0.0082063291068466548 0.0082063291068466548 0.001450127624260856 0.013044116441845067 -0.031767880065575342 -0.010268419422774891 0.017961541840343681 0.021482436918275342
leaf_weight=184.18143820762634 3500.0733636021614 1087.3355360031128 1122.7673664093018 854.99280548095703 1883.4816746711731 834.07121467590332 2076.0082263946533 2131.0002174377441 386.23398160934448 3055.7865524291992 1126.6206817626953 230.36222195625305 4511.6062841415405 2186.7171068191528
leaf_count=48 4792 27 109 8 158 99 101 32 9 43 321 41 135 70
internal_value=-0.0034036 0.00752664 0.011231 0.0131687 0.0118095 0.0149625 0.0122334 0.00145013 -0.0102684 0.00820633 -0.0317679 -0.0102684 0.0178819 0.0236896
internal_weight=25171.2 21671.2 20130 18621 17766 13751.5 10477.5 4014.48 1509 5131.79 1541.16 414.544 5345.68 3274.05
internal_count=5993 1201 791 673 665 475 378 190 118 144 410 89 234 97
is_linear=0
shrinkage=0.05


Tree=42
num_leaves=15
num_cat=0
split_feature=0 1 1 0 0 2 0 1 2 0 1 0 0 0
split_gain=7032.93 1408.34 363.406 469.996 119.664 79.8658 59.004 47.429 32.5564 29.532 24.3067 14.7079 9.38097 0.417653
threshold=154.50000000000003 29.500000000000004 231.50000000000003 43.500000000000007 98.500000000000014 2.5388888888888892 27.500000000000004 13.500000000000002 0.32777777777777783 25.500000000000004 774.00000000000011 54.500000000000007 172.50000000000003 33.500000000000007
decision_type=2 2 2 2 2 2 2 2 2 2 2 2 2 2
left_child=1 6 3 -3 5 8 7 -1 -4 -7 11 13 -2 -10
right_child=12 2 4 -5 -6 9 -8 -9 10 -11 -12 -13 -14 -15
leaf_value=-0.021391708334839301 -0.047914429349705551 0.0070134193351595944 0.025086227830502357 -0.010755702747751443 0.0070134193351595944 0.015361720384686082 -0.032027713921927159 -0.010755702747751443 0.018456502477124992 0.011694849459107549 0.021310118716732409 0.015361720384686082 -0.071384800635293122 0.017561714785380673
leaf_weight=196.18940830230713 51.561000525951385 3252.8695383071899 1785.3868427276611 2173.6749947071075 1723.4690406322479 1768.4198131561279 1071.4010623693466 248.56672596931458 1595.536190032959 2257.7286176681519 2198.4261627197266 1578.7910327911377 3279.0215349197388 1879.3199768066406
leaf_count=52 48 190 34 285 66 32 313 45 27 46 26 46 4744 39
internal_value=-0.00339048 0.00698052 0.0105163 -0.000550527 0.0145774 0.0163763 -0.0320277 -0.0107557 0.0190286 0.0116948 0.017534 0.0156029 -0.0710359 0.0184565
internal_weight=25060.4 21729.8 20213.6 5426.54 14787.1 13063.6 1516.16 444.756 9037.46 4026.15 7252.07 5053.65 3330.58 3474.86
internal_count=5993 1201 791 475 316 250 410 97 172 78 138 112 4792 66
is_linear=0
shrinkage=0.05


Tree=43
num_leaves=14
num_cat=0
split_feature=0 1 0 1 0 1 0 2 1 1 1 0 1
split_gain=6650.28 1348.39 368.725 242.298 216.283 167.832 129.132 116.927 78.2617 57.9092 23.8704 9.45208 2.21422
threshold=163.50000000000003 21.500000000000004 98.500000000000014 1329.5000000000002 63.500000000000007 433.00000000000006 16.500000000000004 0.96111111111111125 530.50000000000011 619.50000000000011 43.500000000000007 3.5000000000000004 342.50000000000006
decision_type=2 2 2 2 2 2 2 2 2 2 2 2 2
left_child=1 -1 3 4 6 -4 11 10 -9 -6 -8 -3 -13
right_child=-2 2 5 -5 9 -7 7 8 -10 -11 -12 12 -14
leaf_value=-0.032469705111589024 -0.071382353520750036 0.024090834463668089 -0.011470376925765005 0.037617647240659961 0.00101993833306004 0.00101993833306004 0.011722344575666527 0.0071767955323193688 0.011722344575666527 0.0071767955323193688 0.016267893619013686 0.01840115828316833 0.021669871420866255
leaf_weight=1176.2370373010635 3139.1185085177422 1114.0752348899841 787.88225877285004 867.76620483398438 1678.2624022960663 1415.3249084949493 610.72027063369751 3010.2500076293945 3647.0182800292969 1769.2939338684082 3483.8293132781982 1265.601026058197 986.62607955932617
leaf_count=341 4769 29 138 8 149 39 89 139 51 26 138 62 15
internal_value=-0.00335043 0.00644294 0.00952895 0.0118396 0.010564 -0.00979968 0.0133337 0.0106562 0.0071768 0.00101994 0.0162679 0.0218796 0.0198421
internal_weight=24952 21812.9 20636.6 18433.4 17565.7 2203.21 14118.1 10751.8 6657.27 3447.56 4094.55 3366.3 2252.23
internal_count=5993 1224 883 706 698 177 523 417 190 175 227 106 77
is_linear=0
shrinkage=0.05


Tree=44
num_leaves=13
num_cat=0
split_feature=0 1 1 0 0 2 2 0 1 0 0 1
split_gain=6288.8 1276.84 376.308 532.028 102.774 72.9198 28.9389 28.001 20.876 14.0921 0.278519 0.257087
threshold=163.50000000000003 17.500000000000004 231.50000000000003 36.500000000000007 98.500000000000014 2.5388888888888892 0.32777777777777783 25.500000000000004 774.00000000000011 54.500000000000007 33.500000000000007 692.00000000000011
decision_type=2 2 2 2 2 2 2 2 2 2 2 2
left_child=1 -1 3 -3 5 6 -4 -7 9 10 -8 -6
right_child=-2 2 4 -5 11 7 8 -9 -10 -11 -12 -13
leaf_value=-0.032707013685304369 -0.071379454354987548 0.0055718733082274225 0.022828359667314124 -0.011959554265840947 0.0055718733082274225 0.01362838916303606 0.016630003250288138 0.010104965891698245 0.019289002605777126 0.01362838916303606 0.015860868464940846 0.010104965891698245
leaf_weight=1019.0214998722076 2986.1401746273041 3048.1283800601959 1806.1831846237183 2874.3534317016602 823.54948830604553 1787.3115997314453 1613.1684989929199 2276.1379690170288 2223.7724380493164 1592.1537294387817 1898.3571681976318 903.41564917564392
leaf_count=308 4769 195 34 405 48 32 27 46 26 46 39 18
internal_value=-0.00333071 0.00596543 0.00878791 -0.0018758 0.0130195 0.0146381 0.0171518 0.010105 0.0157496 0.013971 0.01663 0.00557187
internal_weight=24851.7 21865.6 20846.5 5922.48 14924 13197.1 9133.64 4063.45 7327.45 5103.68 3511.53 1726.97
internal_count=5993 1224 916 600 316 250 172 78 138 112 66 66
is_linear=0
shrinkage=0.05


Tree=45
num_leaves=14
num_cat=0
split_feature=0 1 0 1 0 1 0 2 1 1 1 0 0
split_gain=5955.03 1213.54 343.31 208.801 207.61 171.718 118.156 112.636 52.7272 48.4675 30.8951 8.22295 1.61374
threshold=163.50000000000003 17.500000000000004 98.500000000000014 1329.5000000000002 63.500000000000007 433.00000000000006 16.500000000000004 1.427777777777778 619.50000000000011 530.50000000000011 43.500000000000007 9.5000000000000018 3.5000000000000004
decision_type=2 2 2 2 2 2 2 2 2 2 2 2 2
left_child=1 -1 3 4 6 -4 11 10 -6 -9 -8 12 -3
right_child=-2 2 5 -5 8 -7 7 9 -10 -11 -12 -13 -14
leaf_value=-0.03291025903104005 -0.071376369944701132 0.021764185449479525 -0.012322466881454532 0.034231633653524302 7.4171315765314549e-05 7.4171315765314549e-05 0.01026554907099898 0.0060301341353170817 0.0060301341353170817 0.01026554907099898 0.014776428815085525 0.016613781087291047 0.019766911316774535
leaf_weight=998.68906807899475 2840.62425750494 1132.8698358535767 798.96871745586395 880.29299163818359 1691.5131027698517 1420.2256844043732 717.44454884529114 2108.9072844982147 1785.9509925842285 3111.6220512390137 4983.3264012336731 1145.7009506225586 1134.5837969779968
leaf_count=308 4769 30 145 8 153 39 112 103 26 43 179 36 42
internal_value=-0.00327614 0.00555585 0.00826533 0.0104728 0.00929674 -0.0103244 0.0119861 0.00944682 7.41713e-05 0.00603013 0.014501 0.020106 0.0217642
internal_weight=24750.7 21910.1 20911.4 18692.2 17811.9 2219.19 14334.5 10921.3 3477.46 5220.53 5700.77 3413.15 2267.45
internal_count=5993 1224 916 732 724 184 545 437 179 146 291 108 72
is_linear=0
shrinkage=0.05


Tree=46
num_leaves=11
num_cat=0
split_feature=0 1 1 0 1 0 0 2 2 2
split_gain=5631.58 1150.49 325.673 498.508 95.8037 88.7411 30.8741 49.0615 29.3284 18.7538
threshold=163.50000000000003 17.500000000000004 231.50000000000003 36.500000000000007 596.50000000000011 63.500000000000007 41.500000000000007 1.0277777777777779 2.6166666666666671 0.1277777777777778
decision_type=2 2 2 2 2 2 2 2 2 2
left_child=1 -1 3 -3 5 8 -6 -8 -4 -5
right_child=-2 2 4 9 6 -7 7 -9 -10 -11
leaf_value=-0.03313274343196989 -0.071373075494047949 0.0046971753578807299 0.011331329559627002 -0.0040085690091693268 0.0200643062496383 0.0046971753578807299 0.016682266553968268 0.011331329559627002 0.008014252458753866 -0.012714313376219383
leaf_weight=978.72200608253479 2702.2070447802544 3068.7814393043518 3817.500244140625 988.08134377002716 2416.215877532959 1645.6192302703857 2741.743495464325 2898.4738073348999 1532.7282028198242 1873.6804126501083
leaf_count=308 4769 195 84 157 31 81 40 43 37 248
internal_value=-0.00327433 0.00510759 0.00770412 -0.00221954 0.0116139 0.00733157 0.0153311 0.0133002 0.0113313 -0.0127143
internal_weight=24663.8 21961.5 20982.8 5930.54 15052.3 6995.85 8056.43 5640.22 5350.23 2861.76
internal_count=5993 1224 916 600 316 202 114 83 121 405
is_linear=0
shrinkage=0.05


Tree=47
num_leaves=12
num_cat=0
split_feature=0 1 0 1 0 1 1 2 1 2 0
split_gain=5338.84 1093.39 312.195 206.259 222.641 85.7481 41.6862 41.3348 7.66747 1.31207 0.969013
threshold=163.50000000000003 17.500000000000004 107.50000000000001 342.50000000000006 36.500000000000007 889.50000000000011 681.00000000000011 2.5388888888888892 862.50000000000011 0.16111111111111112 54.500000000000007
decision_type=2 2 2 2 2 2 2 2 2 2 2
left_child=1 -1 3 4 -3 -4 7 10 -8 -6 -5
right_child=-2 2 5 6 9 -7 8 -9 -10 -11 -12
leaf_value=-0.033300457839102286 -0.071369573824550406 0.0078330088784963076 -0.013019336774780064 0.013197912582125852 0.002909770331469737 -0.0020134682155568337 0.014123484904722509 0.0078330088784963076 0.017817328943734691 -0.0020134682155568337 0.01178671831055954
leaf_weight=959.10709869861603 2570.541917860508 3857.1576547622681 1209.3930926322937 2425.8359413146973 1134.7713282108307 357.73351383209229 2580.4466972351074 1985.454909324646 3174.9968757629395 2604.7174344062805 1708.2455625534058
leaf_count=308 4769 216 142 39 135 8 34 40 37 225 40
internal_value=-0.00320011 0.00476866 0.00726178 0.0089924 0.00255793 -0.0130193 0.0131081 0.0102319 0.0161639 -0.00201347 0.0131979
internal_weight=24568.4 21997.9 21038.8 19471.6 7596.65 1567.13 11875 6119.54 5755.44 3739.49 4134.08
internal_count=5993 1224 916 766 576 150 190 119 71 360 79
is_linear=0
shrinkage=0.05


Tree=48
num_leaves=13
num_cat=0
split_feature=0 1 0 1 1 0 0 2 1 1 1 0
split_gain=5061.19 1041.25 315.245 176.389 172.294 193.296 112.527 109.17 63.0576 46.0938 22.2779 6.69596
threshold=163.50000000000003 14.500000000000002 98.500000000000014 433.00000000000006 1329.5000000000002 63.500000000000007 16.500000000000004 0.96111111111111125 530.50000000000011 619.50000000000011 43.500000000000007 9.5000000000000018
decision_type=2 2 2 2 2 2 2 2 2 2 2 2
left_child=1 -1 4 -4 5 6 11 10 -9 -7 -8 -3
right_child=-2 2 3 -5 -6 9 7 8 -10 -11 -12 -13
leaf_value=-0.033463013055807789 -0.071365845701710687 0.018966968637406378 -0.013375351604586597 -0.0011082070414419685 0.030189798080371772 -0.0011082070414419685 0.0087873917935184717 0.0046007181569312355 0.0087873917935184717 0.0046007181569312355 0.012974065430105708 0.014877956753980189
leaf_weight=808.90279924869537 2445.2996785640717 2333.3003628253937 815.13800847530365 1425.3419325351715 896.53840637207031 1699.6279075145721 742.81621241569519 3054.163031578064 3728.9342269897461 1809.6614189147949 3545.5056419372559 1174.9743213653564
leaf_count=273 4769 79 156 39 8 156 118 141 51 26 138 39
internal_value=-0.00313493 0.00443982 0.00671231 -0.011022 0.00880561 0.00774414 0.0103096 0.00783571 0.00460072 -0.00110821 0.0129741 0.0181124
internal_weight=24480.2 22034.9 21226 2240.48 18985.5 18089 14579.7 11071.4 6783.1 3509.29 4288.32 3508.27
internal_count=5993 1224 951 195 756 748 566 448 192 182 256 118
is_linear=0
shrinkage=0.05


Tree=49
num_leaves=12
num_cat=0
split_feature=0 1 0 1 0 1 2 0 2 1 0
split_gain=4792.61 993.826 292.764 189.083 198.294 87.5694 70.5933 40.8582 21.8289 25.8367 24.9228
threshold=163.50000000000003 14.500000000000002 107.50000000000001 220.50000000000003 36.500000000000007 889.50000000000011 2.5388888888888892 30.500000000000004 0.30555555555555564 774.00000000000011 56.500000000000007
decision_type=2 2 2 2 2 2 2 2 2 2 2
left_child=1 -1 3 4 -3 -4 8 -8 -5 10 -10
right_child=-2 2 5 6 -6 -7 7 -9 9 -11 -12
leaf_value=-0.033641665451975528 -0.071361867217437799 0.0052448705753239504 -0.013688378821537606 0.017448010104390222 -0.002881037151510786 -0.002881037151510786 0.0092226703266409683 0.0052448705753239504 0.012263462705211463 0.014648865973201969 0.0092226703266409683
leaf_weight=792.00856149196625 2326.1674990653992 2853.2698884010315 1222.0295614004135 2224.1177978515625 2268.0543525218964 357.3812210559845 2221.9515228271484 2015.0191164016724 4169.5429029464722 2479.7718505859375 1473.2574071884155
leaf_count=273 4769 203 152 43 303 8 39 44 81 29 49
internal_value=-0.00311543 0.00407854 0.00626491 0.0079263 -0.000338851 -0.0136884 0.0108286 0.00539064 0.0130547 0.0118497 0.00987806
internal_weight=24402.6 22076.4 21284.4 19705 5121.32 1579.41 14583.7 4236.97 10346.7 8122.57 5642.8
internal_count=5993 1224 951 791 506 160 285 83 202 159 130
is_linear=0
shrinkage=0.05


Tree=50
num_leaves=13
num_cat=0
split_feature=0 1 0 1 1 0 0 2 1 1 1 0
split_gain=4542.69 949.208 269.326 183.385 149.348 178.826 101.41 102.374 37.3051 34.536 27.3185 5.57471
threshold=163.50000000000003 14.500000000000002 98.500000000000014 433.00000000000006 1329.5000000000002 63.500000000000007 16.500000000000004 1.427777777777778 619.50000000000011 530.50000000000011 43.500000000000007 9.5000000000000018
decision_type=2 2 2 2 2 2 2 2 2 2 2 2
left_child=1 -1 4 -4 5 6 11 10 -7 -9 -8 -3
right_child=-2 2 3 -5 -6 8 7 9 -10 -11 -12 -13
leaf_value=-0.033796293313611267 -0.071357636889018874 0.017184253141434614 -0.013963319613509202 -0.0013959071948313577 0.027568967498075282 -0.0013959071948313577 0.0078396512237664286 0.0039366911728237709 0.0039366911728237709 0.0078396512237664286 0.011784063404715987 0.013594921700744958
leaf_weight=775.43704724311829 2212.8470388054848 2354.311598777771 804.3600138425827 1423.3835496902466 907.91294097900391 1701.6489291191101 765.66202783584595 2131.9232017993927 1822.304931640625 3174.2092971801758 5067.3260560035706 1184.3562879562378
leaf_count=273 4769 79 156 39 8 156 123 103 26 43 179 39
internal_value=-0.00307133 0.00376505 0.00586965 -0.0105795 0.0077877 0.00679954 0.00926929 0.00692572 -0.00139591 0.00393669 0.0117426 0.0166424
internal_weight=24325.7 22112.8 21337.4 2227.74 19109.7 18201.7 14677.8 11139.1 3523.95 5306.13 5832.99 3538.67
internal_count=5993 1224 951 195 756 748 566 448 182 146 302 118
is_linear=0
shrinkage=0.05


Tree=51
num_leaves=11
num_cat=0
split_feature=0 1 1 0 1 0 2 2 0 2
split_gain=4301.93 905.068 262.836 437.968 78.9561 83.3434 27.8337 26.6598 24.4834 41.115
threshold=163.50000000000003 14.500000000000002 220.50000000000003 36.500000000000007 596.50000000000011 63.500000000000007 2.6166666666666671 0.1277777777777778 41.500000000000007 1.0277777777777779
decision_type=2 2 2 2 2 2 2 2 2 2
left_child=1 -1 3 -3 5 6 -4 -5 -6 -10
right_child=-2 2 4 7 8 -7 -8 -9 9 -11
leaf_value=-0.033962980343212566 -0.071353121367881453 0.0023800168648605039 0.0085936749531053177 -0.0059380393934613382 0.01628813571725838 0.0023800168648605039 0.0054868459089829113 -0.014256095651783179 0.013308329150419929 0.0085936749531053177
leaf_weight=759.19670855998993 2105.0550729930401 2869.961620092392 4310.4926156997681 996.21915793418884 2469.121997833252 1743.1612471342087 1613.5445213317871 1646.0488976240158 2794.7970976829529 2950.2133464813232
leaf_count=273 4769 203 97 166 31 90 39 242 40 43
internal_value=-0.00306483 0.00342716 0.00545079 -0.00395568 0.00871571 0.00506564 0.00859367 -0.0142561 0.0121217 0.0103285
internal_weight=24257.8 22152.8 21393.6 5512.23 15881.3 7667.2 5924.04 2642.27 8214.13 5745.01
internal_count=5993 1224 951 611 340 226 136 408 114 83
is_linear=0
shrinkage=0.05


Tree=52
num_leaves=12
num_cat=0
split_feature=0 1 0 1 0 1 1 2 1 2 0
split_gain=4083.28 864.976 243.262 149.745 200.046 89.529 33.3426 31.7705 5.62976 1.79663 1.7211
threshold=163.50000000000003 14.500000000000002 107.50000000000001 331.00000000000006 36.500000000000007 889.50000000000011 681.00000000000011 2.5388888888888892 862.50000000000011 0.16111111111111112 54.500000000000007
decision_type=2 2 2 2 2 2 2 2 2 2 2
left_child=1 -1 3 4 -3 -4 7 10 -8 -6 -5
right_child=-2 2 5 6 9 -7 8 -9 -10 -11 -12
leaf_value=-0.034081057478397285 -0.071348318940120489 0.0055398652450644806 -0.01447276576102091 0.010142242345347205 0.00097001640868212252 -0.0035998324277002358 0.011014018720851341 0.0055398652450644806 0.014143787720979626 -0.0035998324277002358 0.0084876749866865369
leaf_weight=743.2781685590744 2002.5218312740326 3956.9623262882233 1208.0083220601082 2639.8193092346191 1155.110680103302 358.12960886955261 2631.6154479980469 2084.9938430786133 3243.7660446166992 2400.5406358242035 1755.8811082839966
leaf_count=273 4769 232 152 43 141 8 34 42 37 220 42
internal_value=-0.00298908 0.0031862 0.00513553 0.00663116 0.00106412 -0.0138308 0.0100156 0.00754042 0.0127441 -0.00359983 0.0101422
internal_weight=24180.6 22178.1 21434.8 19868.7 7512.61 1566.14 12356.1 6480.69 5875.38 3555.65 4395.7
internal_count=5993 1224 951 791 593 160 198 127 71 361 85
is_linear=0
shrinkage=0.05


Tree=53
num_leaves=13
num_cat=0
split_feature=0 1 0 1 0 1 2 0 2 1 0 2
split_gain=3876.38 826.336 224.756 185.272 126.409 207.817 69.7707 28.5673 18.1569 14.1061 2.39569 1.98598
threshold=163.50000000000003 14.500000000000002 98.500000000000014 433.00000000000006 30.500000000000004 228.50000000000003 2.2944444444444447 9.5000000000000018 1.6611111111111112 546.50000000000011 3.5000000000000004 0.79444444444444462
decision_type=2 2 2 2 2 2 2 2 2 2 2 2
left_child=1 -1 4 -4 7 -6 -7 10 11 -10 -3 -9
right_child=-2 2 3 -5 5 6 -8 8 9 -11 -12 -13
leaf_value=-0.034191755659760445 -0.071343201829754677 0.018005737370094414 -0.014677383352534627 -0.0018347075504493529 -0.0018347075504493529 0.0077310441431711289 0.0029481682963608882 0.013017359931556078 0.0077310441431711289 0.010374202037363604 0.014763403219619463 0.010652504487539264
leaf_weight=727.69995856285095 1904.9911583065987 1191.7051112651825 790.25211101770401 1425.2597978115082 2803.9162464141846 7122.1207904815674 2354.1389894485474 1023.6512835025787 1441.281574010849 1180.2457656860352 1187.3705706596375 955.4527223110199
leaf_count=273 4769 34 156 39 331 135 47 71 51 15 45 27
internal_value=-0.00291435 0.00295969 0.00483699 -0.0102413 0.00657193 0.00351758 0.00773104 0.0119445 0.00964031 0.00773104 0.0163944 0.0130174
internal_weight=24108.1 22203.1 21475.4 2215.51 19259.9 12280.2 9476.26 6979.71 4600.63 2621.53 2379.08 1979.1
internal_count=5993 1224 951 195 756 513 182 243 164 66 79 98
is_linear=0
shrinkage=0.05


Tree=54
num_leaves=11
num_cat=0
split_feature=0 1 1 0 2 0 1 0 2 2
split_gain=3678.06 788.38 215.255 403.563 75.0296 43.3957 38.6999 64.0123 8.2532 2.16441
threshold=163.50000000000003 14.500000000000002 220.50000000000003 54.500000000000007 2.594444444444445 30.500000000000004 851.50000000000011 72.500000000000014 2.1055555555555561 0.81666666666666676
decision_type=2 2 2 2 2 2 2 2 2 2
left_child=1 -1 3 8 6 -6 7 9 -3 -4
right_child=-2 2 4 -5 5 -7 -8 -9 -10 -11
leaf_value=-0.034308037671595543 -0.071337746894062234 0.0017295037070056843 0.010922582125763448 -0.014889971097293942 0.0056123055628872712 0.0017295037070056843 0.014120171680006295 0.0056123055628872712 -0.0065802336951441293 0.0096899092799272446
leaf_weight=712.4602245092392 1812.2188500165939 3094.4159197807312 2329.4284753799438 1621.7942984700203 2168.6665859222412 2014.6024358272552 3272.473819732666 2228.9568830728531 788.27208423614502 3999.1112298965454
leaf_count=273 4769 265 55 298 37 46 41 86 48 75
internal_value=-0.00286336 0.00272167 0.0045281 -0.00400099 0.00746 0.0017295 0.00949511 0.00772499 0.0017295 0.0109226
internal_weight=24042.4 22230.2 21517.7 5504.48 16013.2 4183.27 11830 8557.5 3882.69 6328.54
internal_count=5993 1224 951 611 340 83 257 216 313 130
is_linear=0
shrinkage=0.05


Tree=55
num_leaves=11
num_cat=0
split_feature=0 1 0 1 0 2 1 1 0 2
split_gain=3492.08 752.243 205.096 454.512 78.896 94.7758 58.7103 12.7758 5.48582 2.2803
threshold=163.50000000000003 14.500000000000002 63.500000000000007 410.50000000000006 16.500000000000004 0.96111111111111125 530.50000000000011 43.500000000000007 3.5000000000000004 2.1944444444444451
decision_type=2 2 2 2 2 2 2 2 2 2
left_child=1 -1 4 -4 8 7 -7 -6 -3 -10
right_child=-2 2 3 -5 5 6 -8 -9 9 -11
leaf_value=-0.034408417728831853 -0.07133192417270677 0.016710528328371006 -0.015077326056547402 0.0021867810841237436 0.0059387619672617983 0.0021867810841237436 0.0059387619672617983 0.0096907428503998534 0.014045948353145991 0.01091838058345657
leaf_weight=697.55134809017181 1723.9730323553085 1200.8724443912506 2021.1837091445923 4550.5945332050323 748.05016779899597 3091.7993714809418 3930.1534805297852 3615.3314056396484 1240.3392605781555 1156.1127367019653
leaf_count=273 4769 34 300 84 118 141 52 138 58 26
internal_value=-0.00279758 0.00251509 0.00425377 -0.00311023 0.0074838 0.00544347 0.00218678 0.00969074 0.013938 0.0125423
internal_weight=23976 22252 21554.4 6571.78 14982.7 11385.3 7021.95 4363.38 3597.32 2396.45
internal_count=5993 1224 951 384 567 449 193 256 118 84
is_linear=0
shrinkage=0.05


Tree=56
num_leaves=13
num_cat=0
split_feature=0 1 0 1 1 0 0 2 1 2 1 0
split_gain=3317.92 717.915 191.994 181.703 118.61 138.442 75.4173 93.2241 37.4364 27.3823 9.3952 4.13586
threshold=163.50000000000003 14.500000000000002 98.500000000000014 433.00000000000006 1329.5000000000002 63.500000000000007 16.500000000000004 0.96111111111111125 530.50000000000011 0.29444444444444445 43.500000000000007 9.5000000000000018
decision_type=2 2 2 2 2 2 2 2 2 2 2 2
left_child=1 -1 4 -4 5 6 11 10 -9 -7 -8 -3
right_child=-2 2 3 -5 -6 9 7 8 -10 -11 -12 -13
leaf_value=-0.034491271456362688 -0.071325724101209381 0.013878612311647658 -0.015237018825304739 -0.0021775624640462182 0.023028164123327817 0.0023570306848563712 0.0056925852452977101 0.0023570306848563712 0.0056925852452977101 -0.0021775624640462182 0.0090281398057390494 0.01068574307401865
leaf_weight=682.97494471073151 1640.0330707132816 2407.8479840755463 774.23156529664993 1429.9523890018463 929.26465606689453 1364.3076574802399 749.83490657806396 3094.7223522663116 3822.3797569274902 2178.6239547729492 3627.3748183250427 1206.6279850006104
leaf_count=273 4769 79 156 39 8 80 118 141 51 102 138 39
internal_value=-0.00271307 0.00234318 0.00401723 -0.00996272 0.00560759 0.00472906 0.00689162 0.00487909 0.00235703 -0.00217756 0.00902814 0.0131772
internal_weight=23908.2 22268.1 21585.2 2204.18 19381 18451.7 14908.8 11294.3 6917.1 3542.93 4377.21 3614.48
internal_count=5993 1224 951 195 756 748 566 448 192 182 256 118
is_linear=0
shrinkage=0.05


Tree=57
num_leaves=12
num_cat=0
split_feature=0 1 1 0 2 0 1 0 2 2 0
split_gain=3148.34 683.39 187.843 413.913 66.9154 38.3687 30.7382 43.0009 12.5865 3.09873 5.70315
threshold=163.50000000000003 14.500000000000002 231.50000000000003 54.500000000000007 2.5388888888888892 30.500000000000004 889.50000000000011 72.500000000000014 2.1055555555555561 1.0277777777777779 33.500000000000007
decision_type=2 2 2 2 2 2 2 2 2 2 2
left_child=1 -1 3 8 6 -6 7 9 -3 -4 -11
right_child=-2 2 4 -5 5 -7 -8 -9 -10 10 -12
leaf_value=-0.034595029542761641 -0.071319121438560631 0.0014725252409368693 0.01035484133630314 -0.015428464068362811 0.0050839028645237282 0.0014725252409368693 0.013456671810674392 0.0050839028645237282 -0.0069779694137129707 0.0095734083638897849 0.0075150523894858077
leaf_weight=668.73264467716217 1560.1886839270592 3523.9633555412292 2616.5511522293091 1713.3857228755951 2243.1189212799072 2092.4622778892517 2602.711133480072 2341.6710557937622 846.9356951713562 1867.5454597473145 1774.9408149719238
leaf_count=273 4769 277 56 308 38 45 32 83 50 28 34
internal_value=-0.00267802 0.00212906 0.0037381 -0.00370902 0.00665407 0.00147253 0.00869528 0.00725301 0.00147253 0.0099462 0.00879198
internal_weight=23852.2 22292 21623.3 6084.28 15539 4335.58 11203.4 8600.71 4370.9 6259.04 3642.49
internal_count=5993 1224 951 635 316 83 233 201 327 118 62
is_linear=0
shrinkage=0.05


Tree=58
num_leaves=11
num_cat=0
split_feature=0 1 0 1 0 1 2 2 0 0
split_gain=2991.35 651.083 174.801 111.159 183.008 92.1022 57.4571 17.8453 32.9703 12.5189
threshold=163.50000000000003 14.500000000000002 107.50000000000001 596.50000000000011 54.500000000000007 433.00000000000006 2.0388888888888892 1.0277777777777779 46.500000000000007 16.500000000000004
decision_type=2 2 2 2 2 2 2 2 2 2
left_child=1 -1 3 4 6 -4 -3 -5 -9 -8
right_child=-2 2 5 7 -6 -7 9 8 -10 -11
leaf_value=-0.034670664905544372 -0.071312074580196311 0.0056279620491333704 -0.015576025689909179 0.012755582468903254 -0.0039716016102478704 -0.0039716016102478704 0.0032280711342880606 0.010231716194740914 0.0056279620491333704 0.00082818021944274997
leaf_weight=654.8102034330368 1484.2404853701591 6314.0131211280823 606.86196440458298 2672.8079147338867 3382.2353432178497 934.17563533782959 1379.0850515365601 2688.237850189209 2413.2170829772949 1261.5986926555634
leaf_count=273 4769 330 130 33 270 30 34 33 33 58
internal_value=-0.00260387 0.00197074 0.00351861 0.00476238 0.00181124 -0.0127056 0.00562796 0.00944469 0.00770785 0.00082818
internal_weight=23791.3 22307 21652.2 20111.2 12336.9 1541.04 8954.7 7774.26 5101.45 2640.68
internal_count=5993 1224 951 791 692 160 422 99 66 92
is_linear=0
shrinkage=0.05


Tree=59
num_leaves=11
num_cat=0
split_feature=0 1 0 1 0 2 1 1 0 2
split_gain=2842.2 619.702 163.327 401.544 64.5555 85.44 26.8289 21.0153 4.32556 1.79859
threshold=163.50000000000003 14.500000000000002 63.500000000000007 410.50000000000006 16.500000000000004 1.6388888888888891 705.00000000000011 43.500000000000007 3.5000000000000004 2.1944444444444451
decision_type=2 2 2 2 2 2 2 2 2 2
left_child=1 -1 4 -4 8 7 -7 -6 -3 -10
right_child=-2 2 3 -5 5 6 -8 -9 9 -11
leaf_value=-0.034743061436254989 -0.071304559043745483 0.01440776972334764 -0.015718197204548808 0.0014443013618067287 0.0047945820734442129 0.0014443013618067287 0.0047945820734442129 0.0081448627850816968 0.012057917343673813 0.0092990651623895831
leaf_weight=641.21324837207794 1411.998460650444 1217.8355751037598 1982.7134556174278 4582.5593543052673 782.44856214523315 2892.7286930084229 2145.8868942260742 5652.6256709098816 1256.0836153030396 1168.6447620391846
leaf_count=273 4769 34 300 84 125 104 26 194 58 26
internal_value=-0.00253453 0.00181844 0.00330667 -0.00327789 0.00616649 0.00432476 0.0014443 0.00814486 0.011965 0.0107326
internal_weight=23734.7 22322.7 21681.5 6565.27 15116.3 11473.7 5038.62 6435.07 3642.56 2424.73
internal_count=5993 1224 951 384 567 449 130 319 118 84
is_linear=0
shrinkage=0.05


Tree=60
num_leaves=11
num_cat=0
split_feature=0 1 1 0 2 0 2 1 0 2
split_gain=2701.04 589.388 158.088 380.042 61.5732 33.6246 30.7571 30.7246 34.172 13.1894
threshold=163.50000000000003 14.500000000000002 231.50000000000003 54.500000000000007 2.5388888888888892 30.500000000000004 0.2277777777777778 851.50000000000011 72.500000000000014 2.1055555555555561
decision_type=2 2 2 2 2 2 2 2 2 2
left_child=1 -1 3 9 6 -6 -4 8 -8 -3
right_child=-2 2 4 -5 5 -7 7 -9 -10 -11
leaf_value=-0.034808433093302039 -0.071296555436472384 0.0010181415079844485 0.013513430582198952 -0.015849095052588757 0.0043705372200600308 0.0010181415079844485 0.0073473276180332642 0.010028746638058327 0.0043705372200600308 -0.0074154767723021535
leaf_weight=627.9370105266571 1343.2816641628742 3543.4613256454468 1905.6060862541199 1684.7970036864281 2257.0332298278809 2098.950834274292 5407.1796646118164 2740.4739451408386 1222.963924407959 846.93517541885376
leaf_count=273 4769 277 45 308 38 45 101 34 53 50
internal_value=-0.00246307 0.00167969 0.00311024 -0.00373388 0.00577017 0.00101814 0.00772293 0.00654406 0.00466591 0.00101814
internal_weight=23678.6 22335.3 21707.4 6075.19 15632.2 4355.98 11276.2 9370.62 6630.14 4390.4
internal_count=5993 1224 951 635 316 83 233 188 154 327
is_linear=0
shrinkage=0.05


Tree=61
num_leaves=13
num_cat=0
split_feature=0 1 0 1 1 0 1 2 2 0 2 1
split_gain=2566.83 559.895 151.751 172.106 93.5113 113.634 105.892 39.9005 35.6756 12.4348 8.37926 6.77207
threshold=163.50000000000003 14.500000000000002 98.500000000000014 433.00000000000006 1329.5000000000002 36.500000000000007 228.50000000000003 1.8500000000000003 4.5833333333333339 9.5000000000000018 0.79444444444444462 301.50000000000006
decision_type=2 2 2 2 2 2 2 2 2 2 2 2
left_child=1 -1 4 -4 5 8 -7 -8 9 -3 -11 -12
right_child=-2 2 3 -5 -6 6 7 -9 -10 10 11 -13
leaf_value=-0.034871288218490018 -0.071288015484795172 0.01158723799297604 -0.015975755886470308 -0.0026256414256161766 0.019637965923775372 -0.0026256414256161766 0.0039985055760947599 0.00061846901830870911 0.0039985055760947599 0.0098615668126527788 0.0067914983565628825 0.0083265325846078302
leaf_weight=614.97802591323853 1277.9184404611588 1977.2790277004242 748.75408184528351 1438.0022251605988 946.74608612060547 2319.1913087368011 5544.8985843658447 2527.704478263855 1275.4426603317261 1333.4015305042267 1181.3115680217743 2439.7658538818359
leaf_count=273 4769 70 156 39 8 293 112 50 28 100 58 37
internal_value=-0.00239704 0.00154544 0.00291978 -0.00956867 0.00431739 0.00353651 6.31685e-05 0.00386258 0.00793384 0.00958449 0.0081359 0.0067915
internal_weight=23625.4 22347.5 21732.5 2186.76 19545.7 18599 10391.8 8072.6 8207.2 6931.76 4954.48 3621.08
internal_count=5993 1224 951 195 756 748 455 162 293 265 195 95
is_linear=0
shrinkage=0.05


Tree=62
num_leaves=13
num_cat=0
split_feature=0 1 0 0 1 1 2 2 0 1 2 0
split_gain=2437.53 530.656 139.803 92.173 168.144 91.6921 56.6139 18.9651 10.2791 8.24938 5.24894 0.182618
threshold=163.50000000000003 14.500000000000002 107.50000000000001 30.500000000000004 231.50000000000003 433.00000000000006 2.505555555555556 4.5833333333333339 9.5000000000000018 546.50000000000011 0.79444444444444462 3.5000000000000004
decision_type=2 2 2 2 2 2 2 2 2 2 2 2
left_child=1 -1 3 7 -5 -4 -6 8 11 10 -10 -3
right_child=-2 2 5 4 6 -7 -8 -9 9 -11 -12 -13
leaf_value=-0.034944459431558009 -0.071278907110242901 0.013110488994146602 -0.016117970106012864 -0.0040409617989463275 0.0048460564128245251 -0.0040409617989463275 0.00037805454567394761 0.0048460564128245251 0.0088059827800091844 0.010369395832738413 0.0072425697272799575 0.011997648966265899
leaf_weight=602.33115005493164 1215.745211571455 1023.3129549026489 588.95867300033569 2902.5076801776886 8103.3659229278564 935.08261036872864 2087.8617238998413 1203.9446802139282 1046.4149978160858 920.4117431640625 1987.9375336170197 961.90521574020386
leaf_count=273 4769 30 130 353 153 30 42 25 71 11 66 40
internal_value=-0.0023596 0.00138999 0.00270852 0.00380845 0.00131577 -0.0118904 0.00479707 0.00837634 0.00963908 0.0081612 0.00724257 0.0125776
internal_weight=23579.8 22364 21761.7 20237.7 13093.7 1524.04 10191.2 7143.93 5939.98 3954.76 3034.35 1985.22
internal_count=5993 1224 951 791 548 160 195 243 218 148 137 70
is_linear=0
shrinkage=0.05


Tree=63
num_leaves=10
num_cat=0
split_feature=0 1 1 0 2 0 2 0 1
split_gain=2315.94 502.609 134.383 417.019 132.817 65.7105 16.1437 33.9984 5.22323
threshold=163.50000000000003 14.500000000000002 596.50000000000011 77.500000000000014 2.3833333333333337 16.500000000000004 1.0277777777777779 46.500000000000007 410.50000000000006
decision_type=2 2 2 2 2 2 2 2 2
left_child=1 -1 3 4 -3 -6 -4 -8 -5
right_child=-2 2 6 8 5 -7 7 -9 -10
leaf_value=-0.035005245563232229 -0.071269193501805148 0.003419955501734274 0.010304199527217004 -0.016240870889411601 -0.001575180472603222 -0.0065703164469407176 0.0080406177527866749 0.003419955501734274 -0.0065703164469407176
leaf_weight=589.9866851568222 1156.6064738333225 8826.1492960453033 3123.179881811142 1184.5915049314499 1158.0347814559937 1504.9162526130676 2720.8399543762207 2624.6882457733154 645.48185729980469
leaf_count=273 4769 493 43 220 29 71 33 38 24
internal_value=-0.00230857 0.0012587 0.0025235 -0.00060772 0.00310024 -0.00657032 0.00744763 0.00577704 -0.0162409
internal_weight=23534.5 22377.9 21787.9 13319.2 11489.1 2662.95 8468.71 5345.53 1830.07
internal_count=5993 1224 951 837 593 100 114 71 244
is_linear=0
shrinkage=0.05


Tree=64
num_leaves=14
num_cat=0
split_feature=0 1 0 1 2 1 2 0 2 1 2 0 0
split_gain=2202.91 476.135 128.675 348.918 62.2374 63.3852 46.782 27.6659 19.8023 15.2904 6.98712 5.32406 3.86376
threshold=163.50000000000003 14.500000000000002 63.500000000000007 250.50000000000003 0.79444444444444462 524.50000000000011 1.0722222222222224 16.500000000000004 0.061111111111111116 44.500000000000007 0.41666666666666669 16.500000000000004 38.500000000000007
decision_type=2 2 2 2 2 2 2 2 2 2 2 2 2
left_child=1 11 4 -4 8 7 -5 -6 -3 -10 -11 -1 -7
right_child=-2 2 3 6 5 12 -8 -9 9 10 -12 -13 -14
leaf_value=-0.01632719853201213 -0.071258834225776974 0.019152271881041131 -0.01632719853201213 0.00071926616561978913 0.0035507727928599862 0.0063822794201001832 -0.0078039661831961708 0.00071926616561978913 0.0063822794201001832 0.013349817500257852 0.008577403422618337 -0.035042422166891823 0.0040257369882694578
leaf_weight=94.200136661529541 1100.3542322516441 511.30053663253784 1280.5463362932205 3816.0213420391083 2121.8004875183105 2834.9479446411133 1461.0533092021942 3583.6316409111023 799.83004951477051 1407.2557182312012 1707.7090635299683 483.7430431842804 2280.2389907836914
leaf_count=34 4769 57 256 87 61 35 41 158 119 55 52 239 30
internal_value=-0.00222297 0.00117399 0.00238803 -0.00346841 0.00490694 0.00286335 0.000719266 0.000719266 0.00990121 0.00868837 0.010737 -0.0350424 0.00638228
internal_weight=23482.6 22382.3 21804.3 6557.62 15246.7 10820.6 5277.07 5705.43 4426.1 3914.79 3114.96 577.943 5115.19
internal_count=5993 1224 951 384 567 284 128 219 283 226 107 273 65
is_linear=0
shrinkage=0.05


Tree=65
num_leaves=14
num_cat=0
split_feature=0 1 1 0 2 0 1 0 0 2 2 2 0
split_gain=2095.11 445.16 119.607 289.165 55.7055 53.54 28.1225 33.8047 26.0307 22.8897 15.5961 3.99869 2.66343
threshold=163.50000000000003 16.500000000000004 220.50000000000003 54.500000000000007 2.594444444444445 21.500000000000004 851.50000000000011 72.500000000000014 30.500000000000004 0.061111111111111116 3.1166666666666671 0.81666666666666676 33.500000000000007
decision_type=2 2 2 2 2 2 2 2 2 2 2 2 2
left_child=1 5 3 10 6 -1 7 11 -6 -5 -3 -4 -13
right_child=-2 2 4 9 8 -7 -8 -9 -10 -11 -12 12 -14
leaf_value=-0.016382223854847337 -0.071247786963994905 0.000155691895090445 0.0073853356609330685 -0.0081132659798784455 0.0031724132853576635 -0.035079567850553058 0.010077703410972619 0.0031724132853576635 0.000155691895090445 -0.016382223854847337 -0.0081132659798784455 0.0065931742716389338 0.0051787439446785823
leaf_weight=160.50814151763916 1046.8477824181318 3522.4788017272949 2395.2714729309082 526.31475424766541 2219.266185760498 487.24764573574066 3358.0700418949127 2230.8804024457932 2028.849262714386 989.22866314649582 361.86487770080566 2116.0751190185547 1991.2030086517334
leaf_count=50 4769 273 55 95 37 245 41 86 46 194 27 33 42
internal_value=-0.00214566 0.00108865 0.00231512 -0.00413572 0.00444711 -0.0350796 0.00618913 0.00469297 0.000155692 -0.0163822 0.000155692 0.00718507 0.00580101
internal_weight=23434.1 22387.3 21739.5 5399.89 16339.6 647.756 12091.5 8733.43 4248.12 1515.54 3884.34 6502.55 4107.28
internal_count=5993 1224 929 589 340 295 257 216 83 289 300 130 75
is_linear=0
shrinkage=0.05


Tree=66
num_leaves=12
num_cat=0
split_feature=0 1 0 1 2 2 0 2 1 0 2
split_gain=1991.13 419.454 111.666 352.156 125.572 113.136 57.1682 31.8169 9.54941 11.805 8.2079
threshold=163.50000000000003 16.500000000000004 36.500000000000007 210.50000000000003 0.16111111111111112 2.505555555555556 21.500000000000004 4.5833333333333339 681.00000000000011 9.5000000000000018 0.79444444444444462
decision_type=2 2 2 2 2 2 2 2 2 2 2
left_child=1 6 7 4 -4 -5 -1 8 9 -3 -11
right_child=-2 2 3 5 -6 -7 -8 -9 -10 10 -12
leaf_value=-0.01648497279918849 -0.071235994158744056 0.009853413851155287 -0.0067361868836424551 0.0030125990319035826 -0.01648497279918849 -0.0067361868836424551 -0.035127536476654002 0.0030125990319035826 0.012304929411098436 0.0079081742301324344 0.0056234977398457236
leaf_weight=159.4559850692749 995.95328943431377 1585.1654849052429 1081.3886011838913 9163.6887965202332 1316.1285772323608 1846.1446769237518 476.7404277920723 1282.6141967773438 1198.2451324462891 1327.8645262718201 2959.6181170940399
leaf_count=50 4769 60 182 213 207 43 245 28 13 96 87
internal_value=-0.00209662 0.000980921 0.00215759 -0.000669664 -0.016485 0.0030126 -0.0351275 0.00669486 0.0082344 0.0074019 0.00596293
internal_weight=23393 22397.1 21760.9 13407.4 2397.52 11009.8 636.196 8353.51 7070.89 5872.65 4287.48
internal_count=5993 1224 929 645 389 256 295 284 256 243 183
is_linear=0
shrinkage=0.05


Tree=67
num_leaves=11
num_cat=0
split_feature=0 1 1 0 2 0 0 1 1 0
split_gain=1894.36 395.157 109.212 359.436 119.334 65.6438 60.318 25.467 16.4141 20.6692
threshold=163.50000000000003 16.500000000000004 596.50000000000011 77.500000000000014 2.3833333333333337 16.500000000000004 21.500000000000004 410.50000000000006 889.50000000000011 41.500000000000007
decision_type=2 2 2 2 2 2 2 2 2 2
left_child=1 6 3 4 -3 -6 -1 -5 9 -4
right_child=-2 2 8 7 5 -7 -8 -9 -10 -11
leaf_value=-0.016553319611924733 -0.071223427495603925 0.0028330009125566661 0.0069212650300369471 -0.016553319611924733 -0.0020816101684714818 -0.0069962212494996297 -0.03515321709813992 -0.0069962212494996297 0.0091640224601742381 0.0028330009125566661
leaf_weight=158.4132034778595 947.54333527386189 8806.3765819072723 2379.4000129699707 1137.7497166991234 1162.0312404632568 1496.573676109314 466.48813605308533 644.88412928581238 3385.0892074108124 2761.4452657699585
leaf_count=50 4769 480 29 211 29 71 245 24 41 44
internal_value=-0.00201389 0.000916993 0.00204658 -0.000794275 0.00256088 -0.00699622 -0.0351532 -0.0165533 0.00646028 0.00467851
internal_weight=23346 22398.5 21773.5 13247.6 11465 2658.6 624.901 1782.63 8525.93 5140.85
internal_count=5993 1224 929 815 580 100 295 235 114 73
is_linear=0
shrinkage=0.05


Tree=68
num_leaves=13
num_cat=0
split_feature=0 1 0 1 2 0 1 2 0 1 0 2
split_gain=1802.45 372.274 103.353 309.13 56.7505 58.3418 51.3371 46.1076 43.0469 17.1095 1.87456 1.43969
threshold=163.50000000000003 15.500000000000002 63.500000000000007 250.50000000000003 0.16111111111111112 16.500000000000004 524.50000000000011 1.0722222222222224 16.500000000000004 42.500000000000007 9.5000000000000018 0.061111111111111116
decision_type=2 2 2 2 2 2 2 2 2 2 2 2
left_child=1 8 4 -4 9 10 -7 -5 -1 11 -6 -3
right_child=-2 2 3 7 5 6 -8 -9 -10 -11 -12 -13
leaf_value=-0.01663491034595781 -0.071210012573698259 0.013099024155165159 -0.01663491034595781 0.00039781725543022489 0.0087049526597025705 0.00039781725543022489 0.0050229328725978385 -0.0081185465452637932 -0.035174862365047292 0.019203496702434 0.0066914426278434956 0.0087049526597025705
leaf_weight=113.56714999675751 901.49689215421677 236.05834245681763 1240.6080684661865 3834.349506855011 2394.2660012245178 5720.0545012950897 4717.0419158935547 1460.2864367961884 453.13336682319641 739.29099416732788 1175.085597038269 315.46869683265686
leaf_count=38 4769 32 253 87 69 271 62 41 243 50 33 45
internal_value=-0.00193103 0.000860288 0.00190504 -0.00335789 0.00415353 0.00322841 0.00134091 0.000397817 -0.0351749 0.0141815 0.00870495 0.00870495
internal_weight=23300.7 22399.2 21832.5 6535.24 15297.3 14006.4 10437.1 5294.64 566.701 1290.82 3569.35 551.527
internal_count=5993 1224 943 381 562 435 333 128 281 127 102 77
is_linear=0
shrinkage=0.05


Tree=69
num_leaves=11
num_cat=0
split_feature=0 1 1 0 2 0 0 1 1 0
split_gain=1714.73 349.395 97.4016 332.198 112.222 65.0911 65.083 35.1387 16.2889 18.3509
threshold=163.50000000000003 16.500000000000004 596.50000000000011 77.500000000000014 2.3833333333333337 16.500000000000004 21.500000000000004 410.50000000000006 889.50000000000011 41.500000000000007
decision_type=2 2 2 2 2 2 2 2 2 2
left_child=1 6 3 4 -3 -6 -1 -5 9 -4
right_child=-2 2 8 7 5 -7 -8 -9 -10 -11
leaf_value=-0.016677477310113268 -0.071195696433355313 0.002578442907058972 0.0064594249246077125 -0.016677477310113268 -0.002295992885683332 -0.0071704286784256364 -0.035197103740106608 -0.0071704286784256364 0.0086899018079904071 0.002578442907058972
leaf_weight=156.45538771152496 857.69868788123131 8826.0163893699646 2390.6802101135254 1120.0095349550247 1164.4110250473022 1490.8028583526611 447.06028515100479 642.50940775871277 3395.8354732990265 2766.8361206054688
leaf_count=50 4769 480 29 211 29 71 245 24 41 44
internal_value=-0.0018565 0.000801489 0.00184215 -0.00084395 0.00233662 -0.00717043 -0.0351971 -0.0166775 0.00600084 0.00422895
internal_weight=23258.3 22400.6 21797.1 13243.7 11481.2 2655.21 603.516 1762.52 8553.35 5157.52
internal_count=5993 1224 929 815 580 100 295 235 114 73
is_linear=0
shrinkage=0.05


Tree=70
num_leaves=12
num_cat=0
split_feature=0 1 1 0 0 2 1 0 2 2 2
split_gain=1631.72 326.889 91.5943 278.468 67.0326 47.1566 44.7111 44.1536 39.2328 16.7856 13.2044
threshold=163.50000000000003 16.500000000000004 231.50000000000003 54.500000000000007 21.500000000000004 0.2277777777777778 851.50000000000011 63.500000000000007 0.061111111111111116 2.0388888888888892 3.4111111111111114
decision_type=2 2 2 2 2 2 2 2 2 2 2
left_child=1 4 3 9 -1 -4 7 10 -5 -3 -7
right_child=-2 2 5 8 -6 6 -8 -9 -10 -11 -12
leaf_value=-0.016729353223210616 -0.071180428331951776 0.00010410500774962369 0.011049936532378537 -0.008312624107730494 -0.035212019346474568 0.0039503065686857025 0.0068860770227874742 0.00010410500774962369 -0.016729353223210616 -0.008312624107730494 0.0019668174630813186
leaf_weight=155.44625675678253 816.03912070393562 3501.2193851470947 1935.7667574882507 536.1700028181076 437.55303227901459 6232.6602945327759 3673.227965593338 1676.3874814510345 1049.8050453662872 870.28693890571594 2331.4151420593262
leaf_count=50 4769 261 45 97 245 111 45 72 202 53 43
internal_value=-0.00177514 0.00075639 0.00175331 -0.00353174 -0.035212 0.00373995 0.00272222 0.00101454 -0.0167294 0.000104105 0.00382953
internal_weight=23216 22399.9 21806.9 5957.48 592.999 15849.5 13913.7 10240.5 1585.98 4371.51 8564.08
internal_count=5993 1224 929 613 295 316 271 226 299 314 154
is_linear=0
shrinkage=0.05


Tree=71
num_leaves=13
num_cat=0
split_feature=0 1 0 1 2 2 0 2 0 2 1 0
split_gain=1551.69 303.161 91.429 231.084 157.544 111.86 84.0026 14.8233 6.30418 6.58331 4.10209 0.0879116
threshold=163.50000000000003 17.500000000000004 30.500000000000004 208.50000000000003 0.16111111111111112 2.505555555555556 21.500000000000004 4.5833333333333339 9.5000000000000018 0.79444444444444462 339.50000000000006 3.5000000000000004
decision_type=2 2 2 2 2 2 2 2 2 2 2 2
left_child=1 6 7 4 -4 -5 -1 8 11 -10 -11 -3
right_child=-2 2 3 5 -6 -7 -8 -9 9 10 -12 -13
leaf_value=-0.015885253326074888 -0.071164133613649982 0.010079341775313867 -0.0056513973788575589 0.0028610947327573407 -0.015885253326074888 -0.0056513973788575589 -0.035236888742840915 0.0028610947327573407 0.0079693048479616748 0.0051276143232822239 0.0065484595856219498 0.0092835536013485334
leaf_weight=175.56532573699951 776.41397644579411 1021.8589949607849 1192.6262289881706 9642.5472111105919 1529.7713114619255 2247.3228750228882 455.28466731309891 1213.7052593231201 1019.6324603557587 1084.7222740650177 1860.2796897888184 960.10789108276367
leaf_count=54 4769 26 192 221 225 51 254 25 62 51 26 37
internal_value=-0.00171939 0.000690356 0.00168109 -0.000587084 -0.0137247 0.00242191 -0.0334516 0.00630927 0.00739413 0.00623989 0.00512761 0.00969872
internal_weight=23179.8 22403.4 21772.6 14612.3 2722.4 11889.9 630.85 7160.31 5946.6 3964.63 2945 1981.97
internal_count=5993 1224 916 689 417 272 308 227 202 139 77 63
is_linear=0
shrinkage=0.05


Tree=72
num_leaves=12
num_cat=0
split_feature=0 1 0 0 1 2 2 2 1 0 2
split_gain=1476.87 281.388 86.0757 81.7443 263.787 124.369 97.7319 26.0604 5.77536 8.05362 7.17194
threshold=163.50000000000003 17.500000000000004 21.500000000000004 36.500000000000007 210.50000000000003 0.16111111111111112 2.505555555555556 4.5833333333333339 705.00000000000011 9.5000000000000018 0.79444444444444462
decision_type=2 2 2 2 2 2 2 2 2 2 2
left_child=1 2 -1 7 5 -5 -6 8 9 -3 -11
right_child=-2 3 -4 4 6 -7 -8 -9 -10 10 -12
leaf_value=-0.015457878773290495 -0.071146748224502065 0.0082247587891679467 -0.035243724126609734 -0.0065648151996643162 0.0023282483739618643 -0.015457878773290495 -0.0065648151996643162 0.0023282483739618643 0.010175347557584194 0.0066584772496777319 0.0046126167038055667
leaf_weight=174.52423965930939 738.72408017516136 1597.3719053268433 445.71856099367142 1057.7236660718918 9220.8182234168053 1271.6467900872231 1840.9366600513458 1287.5687413215637 1131.3125534057617 1310.4779732227325 3062.4705753326416
leaf_count=54 4769 59 254 177 213 206 43 28 12 90 88
internal_value=-0.00163609 0.0006593 -0.0325214 0.00160564 -0.000818866 -0.0154579 0.00232825 0.00547536 0.00689699 0.00627417 0.0050922
internal_weight=23139.3 22400.6 620.243 21780.3 13391.1 2329.37 11061.8 8389.2 7101.63 5970.32 4372.95
internal_count=5993 1224 308 916 639 383 256 277 249 237 178
is_linear=0
shrinkage=0.05


Tree=73
num_leaves=15
num_cat=0
split_feature=0 1 0 0 2 1 1 0 1 2 1 2 0 1
split_gain=1405.42 260.535 87.7554 79.0775 76.2777 89.5714 68.5179 42.7147 32.2545 32.8599 27.7637 20.798 14.7676 8.49784
threshold=163.50000000000003 17.500000000000004 21.500000000000004 107.50000000000001 0.16111111111111112 220.50000000000003 889.50000000000011 36.500000000000007 681.00000000000011 1.6611111111111112 38.500000000000007 0.67222222222222239 59.500000000000007 250.50000000000003
decision_type=2 2 2 2 2 2 2 2 2 2 2 2 2 2
left_child=1 2 -1 4 10 7 11 -6 9 -7 -3 13 -12 -5
right_child=-2 3 -4 6 5 8 -8 -9 -10 -11 12 -13 -14 -15
leaf_value=-0.015025012180487355 -0.071128197029225404 0.0061432083852821853 -0.035251418177378945 -0.012183926901538498 -0.00026905424671737067 0.0036282563329706184 -0.0036606710646919292 -0.0036606710646919292 0.0060503821359669217 -0.00026905424671737067 0.020340433915238716 -0.015025012180487355 0.010857281386612148 -0.0093428416225896423
leaf_weight=173.52634942531586 702.87507857382298 512.65320825576782 436.39997488260269 263.55234986543655 2491.9250783920288 4993.1980724334717 364.01882123947144 1208.0347709655762 5684.6455307006836 3693.6481056213379 676.19843196868896 250.96133404970169 1056.8681437969208 592.99603891372681
leaf_count=54 4769 84 254 80 146 114 8 168 66 87 47 35 54 27
internal_value=-0.00156076 0.000625361 -0.0315783 0.00152824 0.00233904 0.00125877 -0.00966038 -0.00366067 0.00312256 0.00120613 0.0110277 -0.015025 0.014567 -0.00934284
internal_weight=23101.5 22398.6 609.926 21788.7 20317.2 18071.5 1471.53 3699.96 14371.5 8686.85 2245.72 1107.51 1733.07 856.548
internal_count=5993 1224 308 916 766 581 150 314 267 201 185 142 101 107
is_linear=0
shrinkage=0.05


Tree=74
num_leaves=14
num_cat=0
split_feature=0 1 0 0 1 2 0 2 1 2 1 2 1
split_gain=1334.98 239.664 89.0559 75.3657 227.97 52.0073 47.9233 44.4282 21.6947 17.0352 13.589 4.76555 2.33713
threshold=163.50000000000003 17.500000000000004 21.500000000000004 63.500000000000007 250.50000000000003 0.79444444444444462 16.500000000000004 1.0722222222222224 530.50000000000011 0.072222222222222229 57.500000000000007 0.33888888888888896 44.500000000000007
decision_type=2 2 2 2 2 2 2 2 2 2 2 2 2
left_child=1 2 -1 5 -5 9 -7 -6 -8 12 -11 -12 -3
right_child=-2 3 -4 4 7 6 8 -9 -10 10 11 -13 -14
leaf_value=-0.014617864036709749 -0.071108400625693791 0.012724367098558892 -0.035289953082817863 -0.014617864036709749 8.7711899098890528e-05 0.004673745670581147 8.7711899098890528e-05 -0.0072650760688054289 0.0023807287848400189 0.004673745670581147 0.011285549706705139 0.0072445618940642003 0.019211849788635139
leaf_weight=172.57061183452606 668.77727310359478 298.23161554336548 427.32290726900101 1177.9977914690971 3859.3928978443146 3129.7948951721191 3576.8605597019196 1458.6672704219818 4213.2123794555664 823.58983659744263 1062.6124548912048 1928.6408610343933 279.6275315284729
leaf_count=54 4769 38 254 242 87 71 157 41 54 111 34 56 25
internal_value=-0.00155053 0.000528494 -0.0306225 0.00138673 -0.0031257 0.00330112 0.00145268 8.77119e-05 8.77119e-05 0.00789481 0.00667966 0.00873477 0.0158914
internal_weight=23077.3 22408.5 599.894 21808.6 6496.06 15312.6 10919.9 5318.06 7790.07 4392.7 3814.84 2991.25 577.859
internal_count=5993 1224 308 916 370 546 282 128 211 264 201 90 63
is_linear=0
shrinkage=0.05


Tree=75
num_leaves=15
num_cat=0
split_feature=0 1 0 2 0 1 0 1 0 2 2 2 0 2
split_gain=1269.85 224.959 218.618 83.0122 112.892 65.9375 55.0681 36.4166 18.7223 36.402 8.7064 6.8374 4.82356 3.49378
threshold=163.50000000000003 34.500000000000007 36.500000000000007 0.30555555555555564 83.500000000000014 336.50000000000006 22.500000000000004 862.50000000000011 102.50000000000001 0.038888888888888896 0.02777777777777778 2.927777777777778 54.500000000000007 0.18333333333333338
decision_type=2 2 2 2 2 2 2 2 2 2 2 2 2 2
left_child=1 2 -1 8 5 6 -5 -6 9 -3 -4 -7 13 -11
right_child=-2 3 10 4 7 11 -8 -9 -10 12 -12 -13 -14 -15
leaf_value=-0.0090043061516041599 -0.071087268050573624 0.019702392401545255 -0.022152560706403545 0.00030605494919633654 -0.0090043061516041599 0.0040192179013803231 -0.003712587694609637 -0.003712587694609637 0.0040192179013803231 0.012646550715473978 -0.035300815261202927 0.0016256261582060783 0.0067903784106978244 0.008376624228062712
leaf_weight=632.13904273509979 636.34535390138626 711.51776361465454 221.90789616107941 2097.8908987045288 1024.4021906852722 7185.485897064209 2723.0440318584442 723.77967309951782 677.13539135456085 651.71010971069336 440.86312329769135 3034.8258657455444 1706.6217045783997 577.63678789138794
leaf_count=150 4769 50 95 80 90 104 181 13 64 47 214 50 64 22
internal_value=-0.00149369 0.000485638 -0.0197353 0.00172665 0.000135342 0.00157913 -0.00324058 -0.00900431 0.00790309 0.00956154 -0.0353008 0.00385269 0.00709808 0.00996287
internal_weight=23045.3 22409 1294.91 21114.1 16789.4 15041.2 4820.93 1748.18 4324.62 3647.49 662.771 10220.3 2935.97 1229.35
internal_count=5993 1224 459 765 518 415 261 103 247 183 309 154 133 69
is_linear=0
shrinkage=0.05


Tree=76
num_leaves=14
num_cat=0
split_feature=0 1 0 2 0 2 1 0 2 1 0 0 2
split_gain=1207.14 210.08 185.342 76.4985 114.158 71.143 59.3864 60.1449 42.7886 12.7164 12.4248 8.677 0.396848
threshold=163.50000000000003 43.500000000000007 41.500000000000007 2.505555555555556 41.500000000000007 0.061111111111111116 1177.0000000000002 77.500000000000014 0.59444444444444455 9.5000000000000018 22.500000000000004 91.500000000000014 1.5388888888888892
decision_type=2 2 2 2 2 2 2 2 2 2 2 2 2
left_child=1 2 9 6 -5 11 7 8 -3 -1 12 -4 -10
right_child=-2 3 5 4 -6 -7 -8 -9 10 -11 -12 -13 -14
leaf_value=-0.020030491607112847 -0.071064717000901584 0.0090727361787182048 -0.020030491607112847 0.00020153215044821824 -0.006722084777854043 -0.035320833418596147 0.015285488333200313 0.00020153215044821824 0.0061088607098287798 -0.006722084777854043 0.0026294021981861683 -0.027675662512854495 0.0051854415534232246
leaf_weight=144.94750010967255 605.49804957211018 2708.7609124183655 353.47802758216858 3523.6602759361267 1723.3738346099854 407.2191401720047 1030.5184555053711 3572.2403884530067 1153.9512624740601 926.93776953220367 5459.2567863464355 95.183395683765411 1312.9796080589294
leaf_count=76 4769 128 111 76 63 175 10 190 30 136 152 47 30
internal_value=-0.00146047 0.00042305 -0.0153525 0.00190832 -0.0032982 -0.0333389 0.00370126 0.00285998 0.00505727 -0.00672208 0.00314499 -0.0200305 0.00610886
internal_weight=23018 22412.5 1927.77 20484.7 5247.03 855.881 15237.7 14207.2 10634.9 1071.89 7926.19 448.661 2466.93
internal_count=5993 1224 545 679 139 333 540 530 340 212 212 158 60
is_linear=0
shrinkage=0.05


Tree=77
num_leaves=13
num_cat=0
split_feature=0 1 0 1 0 1 2 0 2 1 1 0
split_gain=1147.61 188.629 122.928 67.0824 116.183 124.272 45.2399 49.9252 40.3714 28.9243 5.79524 0.570528
threshold=163.50000000000003 21.500000000000004 36.500000000000007 1177.0000000000002 63.500000000000007 250.50000000000003 0.79444444444444462 22.500000000000004 0.67222222222222239 530.50000000000011 43.500000000000007 25.500000000000004
decision_type=2 2 2 2 2 2 2 2 2 2 2 2
left_child=1 2 -1 4 6 -6 10 -8 -7 -9 11 -3
right_child=-2 3 -4 -5 5 8 7 9 -10 -11 -12 -13
leaf_value=-0.011938593078300433 -0.071040645094725047 0.0052075893447643563 -0.035337269946292639 0.012680060101243895 -0.011938593078300433 -0.0015101842399638566 0.0038148348037537979 -0.0015101842399638566 -0.0067243886591321442 0.0011523252818949707 0.0066003438857749151 0.0038148348037537979
leaf_weight=328.64184033870697 576.15824104845524 329.98582983016968 376.25639140605927 1199.6926879882812 1139.3637299537659 2358.4305810928345 4333.7557761669159 2835.5280823707581 1886.4868643283844 3641.9376449584961 3478.2743444442749 506.79980206489563
leaf_count=111 4769 37 230 12 231 62 107 125 55 47 133 74
internal_value=-0.00142635 0.000366105 -0.0250703 0.0011931 0.000520628 -0.00578617 0.0027658 0.00102933 -0.00151018 -0.00151018 0.00660034 0.00381483
internal_weight=22991.3 22415.2 704.898 21710.3 20510.6 5384.28 15126.3 10811.2 4244.92 6477.47 4315.06 836.786
internal_count=5993 1224 341 883 871 348 523 279 117 172 244 111
is_linear=0
shrinkage=0.05


Tree=78
num_leaves=12
num_cat=0
split_feature=0 1 0 1 0 2 0 1 0 2 1
split_gain=1091.87 179.756 90.5683 68.3007 233.094 90.4306 45.969 13.457 12.2273 10.4918 6.09896
threshold=163.50000000000003 17.500000000000004 21.500000000000004 596.50000000000011 77.500000000000014 2.0388888888888892 16.500000000000004 851.50000000000011 41.500000000000007 0.02777777777777778 410.50000000000006
decision_type=2 2 2 2 2 2 2 2 2 2 2
left_child=1 2 -1 4 5 -3 -7 8 -5 -4 -6
right_child=-2 3 9 7 10 6 -8 -9 -10 -11 -12
leaf_value=-0.013173518453583395 -0.071014951549187896 0.0016599415776732574 -0.024255369500534085 0.0045623175073871806 -0.013173518453583395 -0.0020884078034149691 -0.0058367571845031954 0.006536311679905287 0.0016599415776732574 -0.035337220547484775 -0.0058367571845031954
leaf_weight=169.52500104904175 548.252371519804 8488.3403582572937 146.89318692684174 2231.1805191040039 1063.953761279583 1414.6555166244507 1597.7111532688141 4223.8774406909943 2186.2348833084106 251.33113729953766 639.47035932540894
leaf_count=54 4769 458 80 27 206 34 80 51 36 174 24
internal_value=-0.00136627 0.00034051 -0.02741 0.00106295 -0.00119876 0.0015 -0.00583676 0.00451864 0.00258832 -0.0353372 -0.0131735
internal_weight=22961.4 22413.2 567.749 21845.4 13204.1 11500.7 3012.37 8641.29 4417.42 398.224 1703.42
internal_count=5993 1224 308 916 802 572 114 114 63 254 230
is_linear=0
shrinkage=0.05


Tree=79
num_leaves=15
num_cat=0
split_feature=0 1 0 2 2 0 1 2 0 2 1 0 1 0
split_gain=1038.79 168.41 168.127 80.7625 69.4965 100.166 99.0607 27.116 16.9236 10.8036 8.28158 6.76666 4.02397 2.84763
threshold=163.50000000000003 43.500000000000007 41.500000000000007 0.061111111111111116 0.30555555555555564 46.500000000000007 851.50000000000011 5.3500000000000005 77.500000000000014 0.17222222222222225 9.5000000000000018 91.500000000000014 692.00000000000011 56.500000000000007
decision_type=2 2 2 2 2 2 2 2 2 2 2 2 2 2
left_child=1 2 10 11 8 7 -7 -6 9 13 -1 -4 -10 -3
right_child=-2 4 3 -5 5 6 -8 -9 12 -11 -12 -13 -14 -15
leaf_value=-0.018867873743131057 -0.070987541127248296 0.017893099346702392 -0.018867873743131057 -0.035335821698719135 0.0039635149577887966 -0.0061602023448045279 -0.00029839758228163913 -0.00029839758228163913 0.0039635149577887966 0.0080769296080558332 -0.0061602023448045279 -0.027101847720925096 0.0069127862303092636 0.012372640019506746
leaf_weight=140.41993701457977 521.71059664338827 453.30660390853882 346.23559272289276 390.3291671872139 8275.2677884101868 4585.8391149044037 2614.4947164058685 1199.5675826072693 840.4093217253685 733.93155288696289 924.10702979564667 91.186322510242462 1304.345516204834 512.09296941757202
leaf_count=76 4769 28 111 175 204 231 33 27 77 27 136 47 16 36
internal_value=-0.00130922 0.000315898 -0.0139528 -0.0315755 0.00163236 0.000235088 -0.00420993 0.00361314 0.00769194 0.0114184 -0.0061602 -0.0188679 0.00473542 0.0149806
internal_weight=22933.2 22411.5 1892.28 827.751 20519.3 16675.2 7200.33 9474.84 3844.09 1699.33 1064.53 437.422 2144.75 965.4
internal_count=5993 1224 545 333 679 495 264 231 184 91 212 158 93 64
is_linear=0
shrinkage=0.05


Tree=80
num_leaves=13
num_cat=0
split_feature=0 1 0 0 1 2 2 2 0 2 0 0
split_gain=988.57 155.017 90.1968 61.1468 173.128 101.029 85.16 16.5369 10.3835 10.3925 1.69595 0.0518329
threshold=163.50000000000003 17.500000000000004 21.500000000000004 30.500000000000004 208.50000000000003 0.16111111111111112 2.505555555555556 0.02777777777777778 12.500000000000002 2.005555555555556 3.5000000000000004 22.500000000000004
decision_type=2 2 2 2 2 2 2 2 2 2 2 2
left_child=1 2 -1 8 5 -5 -6 -4 10 11 -3 -10
right_child=-2 3 7 4 6 -7 -8 -9 9 -11 -12 -13
leaf_value=-0.012423313763231537 -0.070958272577578543 0.0082518410507003755 -0.02387520934878282 -0.0053682285517075851 0.0019136808425634735 -0.012423313763231537 -0.0053682285517075851 -0.035327104934334101 0.0048897551481000036 0.0019136808425634735 0.0059021483814099759 0.0034017179953317379
leaf_weight=167.97192013263702 496.46650374680758 1245.9384069442749 143.98905253410339 1183.8297895789146 9712.2948954701424 1482.7161766290665 2233.5572531223297 241.15558475255966 1130.7839198112488 1875.6518430709839 2055.7542052268982 933.06693124771118
leaf_count=54 4769 30 80 192 221 225 51 174 46 47 64 40
internal_value=-0.0012437 0.000304063 -0.0258129 0.000966235 -0.000895623 -0.0124124 0.00167598 -0.0353271 0.00472298 0.00298844 0.00679107 0.00488976
internal_weight=22903.2 22406.7 553.117 21853.6 14612.4 2666.55 11945.9 385.145 7241.2 3939.5 3301.69 2063.85
internal_count=5993 1224 308 916 689 417 272 254 227 133 94 86
is_linear=0
shrinkage=0.05


Tree=81
num_leaves=11
num_cat=0
split_feature=0 1 0 1 0 2 0 2 1 0
split_gain=940.856 142.291 89.5759 59.4291 207.47 83.5136 37.0819 14.9964 12.2645 10.4214
threshold=163.50000000000003 17.500000000000004 27.500000000000004 596.50000000000011 77.500000000000014 2.0388888888888892 16.500000000000004 0.02777777777777778 851.50000000000011 41.500000000000007
decision_type=2 2 2 2 2 2 2 2 2 2
left_child=1 2 -1 4 5 -3 -7 -4 9 -5
right_child=-2 3 7 8 -6 6 -8 -9 -10 -11
leaf_value=-0.011988739687106308 -0.070927038420104463 0.0014800892166607308 -0.023651620272848187 0.0041853878993188378 -0.011988739687106308 -0.0019102010239799173 -0.005300491264620566 -0.035314500858590066 0.0060673471542424563 0.0014800892166607308
leaf_weight=196.53570091724396 472.45678561925888 8497.5371417999268 137.91760921478271 2239.8478622436523 1687.3388736248016 1418.1396970748901 1589.7379825115204 210.89910262823105 4237.9445784091949 2186.2088832855225
leaf_count=70 4769 458 78 27 230 34 80 160 51 36
internal_value=-0.0011761 0.000298037 -0.0249055 0.000928006 -0.00118484 0.00138776 -0.00530049 -0.0353145 0.00414501 0.00230343
internal_weight=22874.6 22402.1 545.352 21856.8 13192.8 11505.4 3007.88 348.817 8664 4426.06
internal_count=5993 1224 308 916 802 572 114 238 114 63
is_linear=0
shrinkage=0.05


Tree=82
num_leaves=14
num_cat=0
split_feature=0 1 0 0 1 2 2 2 2 0 1 2 0
split_gain=895.157 137.208 77.0723 58.1366 199.749 79.4492 70.9827 21.0276 20.6266 4.26545 4.41802 4.73938 0.0215404
threshold=163.50000000000003 16.500000000000004 21.500000000000004 36.500000000000007 210.50000000000003 0.16111111111111112 2.505555555555556 0.02777777777777778 4.5833333333333339 9.5000000000000018 681.00000000000011 0.79444444444444462 3.5000000000000004
decision_type=2 2 2 2 2 2 2 2 2 2 2 2 2
left_child=1 2 -1 8 5 -5 -6 -4 9 12 11 -11 -3
right_child=-2 3 7 4 6 -7 -8 -9 -10 10 -12 -13 -14
leaf_value=-0.012417679856321926 -0.070893694997113427 0.0075533173752870917 -0.023861479323174263 -0.0054776254942261347 0.0014624288678696568 -0.012417679856321926 -0.0054776254942261347 -0.035305278790026602 0.0014624288678696568 0.0048913572460379017 0.0059792429202890534 0.0034236030607788627 0.0070918226492176634
leaf_weight=146.29796528816223 449.62139584869146 1046.8803839683533 141.00589644908905 1056.1478592157364 9288.1282666325569 1226.525810778141 1827.4487414360046 208.22919166088104 1293.6128268241882 1354.3303163051605 836.76907348632812 2999.2447371482849 974.88764333724976
leaf_count=50 4769 27 80 182 213 207 43 165 28 96 9 87 37
internal_value=-0.00112051 0.000283137 -0.0257076 0.000872273 -0.00118014 -0.0124177 0.00146243 -0.0353053 0.00410499 0.00538478 0.00462408 0.00380347 0.0073344
internal_weight=22849.1 22399.5 495.533 21904 13398.3 2282.67 11115.6 349.235 8505.72 7212.11 5190.34 4353.58 2021.77
internal_count=5993 1224 295 929 645 389 256 245 284 256 192 183 64
is_linear=0
shrinkage=0.05


Tree=83
num_leaves=15
num_cat=0
split_feature=0 1 0 1 2 0 1 2 0 2 2 2 0 1
split_gain=851.497 126.754 156.764 70.269 66.0818 112.179 64.4919 25.4498 21.4187 20.1295 18.1715 6.44696 2.48319 2.07184
threshold=163.50000000000003 43.500000000000007 77.500000000000014 4.5000000000000009 0.67222222222222239 46.500000000000007 739.50000000000011 0.5277777777777779 77.500000000000014 5.0611111111111118 0.17222222222222225 0.2277777777777778 56.500000000000007 692.00000000000011
decision_type=2 2 2 2 2 2 2 2 2 2 2 2 2 2
left_child=1 2 3 -1 8 9 -7 -5 10 -6 12 13 -3 -10
right_child=-2 4 -4 7 5 6 -8 -9 11 -11 -12 -13 -14 -15
leaf_value=-0.020589382643628584 -0.070858112843756607 0.016952288582297203 -0.035297356114937888 -0.0054362991625643252 0.0025929873713376643 -0.0054362991625643252 -0.0014216558956133302 -0.013012840903096455 0.004096866432549637 -0.0014216558956133302 0.0060443148502229149 0.0025929873713376643 0.011806585895483362 0.0056007454937616096
leaf_weight=130.40826630592346 427.90306138247252 455.90747308731079 262.22142249345779 1249.720346570015 7669.8770141601562 2386.1711623668671 2950.3516006469727 208.57825660705566 670.35443246364594 1272.7987966537476 2239.4101462364197 1430.6884828805923 513.98713397979736 957.22300338745117
leaf_count=91 4769 28 154 247 184 150 38 53 69 28 80 54 36 12
internal_value=-0.00107293 0.000263401 -0.0122652 -0.00588141 0.00139256 -0.000486121 -0.0054363 -0.0054363 0.0056721 0.00259299 0.00852493 0.00267656 0.0142403 0.00560075
internal_weight=22825.6 22397.7 1850.93 1588.71 20546.8 14279.2 5336.52 1458.3 6267.57 8942.68 3209.3 3058.27 969.895 1627.58
internal_count=5993 1224 545 391 679 400 188 300 279 212 144 135 64 81
is_linear=0
shrinkage=0.05


Tree=84
num_leaves=13
num_cat=0
split_feature=0 1 0 1 2 0 1 0 2 2 0 2
split_gain=809.4 115.185 153.737 70.4402 59.5674 77.1139 43.2258 44.636 32.4037 25.3678 7.21989 0.816085
threshold=163.50000000000003 43.500000000000007 80.500000000000014 4.5000000000000009 2.505555555555556 41.500000000000007 1177.0000000000002 77.500000000000014 0.59444444444444455 0.5277777777777779 22.500000000000004 1.5388888888888892
decision_type=2 2 2 2 2 2 2 2 2 2 2 2
left_child=1 2 3 -1 6 -6 7 8 -3 -5 11 -10
right_child=-2 4 -4 9 5 -7 -8 -9 10 -11 -12 -13
leaf_value=-0.02049012010541543 -0.070820132965106253 0.0074070665290143223 -0.035299398305941261 -0.0052340348778373638 -0.00022023071109685875 -0.0052340348778373638 0.012666388640628762 -0.00022023071109685875 0.0048730693079061015 -0.012862077491626399 0.0018942627492949306 0.0036042162141485625
leaf_weight=129.83156752586365 407.24738040566444 2741.2007927894592 238.66241919994354 1263.9608389139175 3537.6031494140625 1701.0502203702927 1047.5273094177246 3559.7808349728584 1167.2842473983765 207.07294404506683 5477.4324131011963 1328.2794003486633
leaf_count=92 4769 128 147 253 76 63 10 190 30 53 152 30
internal_value=-0.00105025 0.000221336 -0.0117621 -0.00568084 0.00129402 -0.00330814 0.00286768 0.00214774 0.00400876 -0.00523403 0.00233907 0.0046984
internal_weight=22806.9 22399.7 1839.53 1600.87 20560.2 5238.65 15321.5 14274 10714.2 1471.03 7973 2495.56
internal_count=5993 1224 545 398 679 139 540 530 340 306 212 60
is_linear=0
shrinkage=0.05


Tree=85
num_leaves=15
num_cat=0
split_feature=0 1 0 1 2 0 1 2 0 2 2 2 0 1
split_gain=769.086 104.426 150.762 69.5219 55.8628 103.156 55.9135 24.3191 18.107 17.0559 15.9614 6.23059 2.21209 1.61175
threshold=163.50000000000003 43.500000000000007 80.500000000000014 4.5000000000000009 0.67222222222222239 46.500000000000007 739.50000000000011 0.5277777777777779 77.500000000000014 5.0611111111111118 0.17222222222222225 0.2277777777777778 56.500000000000007 692.00000000000011
decision_type=2 2 2 2 2 2 2 2 2 2 2 2 2 2
left_child=1 2 3 -1 8 9 -7 -5 10 -6 12 13 -3 -10
right_child=-2 4 -4 7 5 6 -8 -9 11 -11 -12 -13 -14 -15
leaf_value=-0.02031689827023175 -0.070779593695966467 0.01560583499551404 -0.035305705657603395 -0.0050463170553036868 0.0022838359897295315 -0.0050463170553036868 -0.0013812405327870779 -0.01268160766276772 0.0036625401757989368 -0.0013812405327870779 0.0054031343861487809 0.0022838359897295315 0.010771463410400578 0.005041244361868342
leaf_weight=128.13763821125031 387.60264618694782 459.60368728637695 233.49975973367691 1261.4538043737411 7682.7887134552002 2378.9101014137268 2949.7558670043945 205.59996843338013 671.37115955352783 1271.7515497207642 2249.7656645774841 1433.7855540513992 517.48004913330078 960.23919677734375
leaf_count=92 4769 28 147 253 184 150 38 53 69 28 80 54 36 12
internal_value=-0.00104143 0.000168182 -0.0112787 -0.00532809 0.00118605 -0.000543217 -0.00504632 -0.00504632 0.00511089 0.00228384 0.00772467 0.00235782 0.0130591 0.00504124
internal_weight=22791.7 22404.1 1828.69 1595.19 20575.5 14283.2 5328.67 1467.05 6292.25 8954.54 3226.85 3065.4 977.084 1631.61
internal_count=5993 1224 545 398 679 400 188 306 279 212 144 135 64 81
is_linear=0
shrinkage=0.05


Tree=86
num_leaves=15
num_cat=0
split_feature=0 1 0 2 1 0 1 1 0 0 2 0 2 0
split_gain=731.102 95.2081 184.554 58.4159 86.7714 68.3514 26.1934 17.9334 32.6677 11.7861 34.1008 3.02394 2.52963 0.108154
threshold=163.50000000000003 34.500000000000007 54.500000000000007 0.31666666666666671 336.50000000000006 22.500000000000004 5.5000000000000009 851.50000000000011 56.500000000000007 102.50000000000001 0.061111111111111116 54.500000000000007 0.19444444444444448 196.50000000000003
decision_type=2 2 2 2 2 2 2 2 2 2 2 2 2 2
left_child=1 2 6 9 5 -5 -1 8 -6 10 -3 12 -12 -2
right_child=13 3 -4 4 7 -7 -8 -9 -10 -11 11 -13 -14 -15
leaf_value=-0.020831170156679166 -0.049811764468212325 0.015935065056060092 -0.035301440687503238 -0.0019658974572055871 0.0015178747933469669 -0.0063608996258550854 -0.0063608996258550854 0.0027835032448845598 -0.0019658974572055871 0.0027835032448845598 0.01001478320151853 0.0050278382594070199 0.0063106708078439992 -0.071229643824634342
leaf_weight=123.72932088375092 10.846015639603136 874.73457074165344 365.81669574975967 2118.7554821968079 6440.1454925537109 2999.2572392225266 699.69105923175812 3367.3981609344482 1858.1427969932556 679.94043755531311 609.15526437759399 1658.8094708919525 609.83976030349731 358.07354689389467
leaf_count=82 125 67 224 80 99 238 153 41 55 65 41 57 22 4644
internal_value=-0.00101762 0.000133447 -0.0136272 0.000905382 -0.000442997 -0.00587009 -0.0063609 0.0019383 0.000252246 0.00601 0.00727217 0.00502784 0.0075935 -0.0707363
internal_weight=22774.3 22405.4 1189.24 21216.2 16783.7 5118.01 823.42 11665.7 8298.29 4432.48 3752.54 2877.8 1219 368.92
internal_count=5993 1224 459 765 513 318 235 195 154 252 187 120 63 4769
is_linear=0
shrinkage=0.05


Tree=87
num_leaves=15
num_cat=0
split_feature=0 1 0 2 2 0 1 0 1 2 2 0 1 2
split_gain=695.43 88.1277 149.589 64.4263 51.011 47.2161 39.379 47.3242 19.3423 15.8536 13.1911 7.94098 4.5503 4.15933
threshold=163.50000000000003 44.500000000000007 77.500000000000014 0.5277777777777779 2.9722222222222228 25.500000000000004 1177.0000000000002 56.500000000000007 5.5000000000000009 0.25000000000000006 0.55000000000000016 36.500000000000007 464.00000000000006 1.0000000180025095e-35
decision_type=2 2 2 2 2 2 2 2 2 2 2 2 2 2
left_child=1 2 3 8 6 -6 7 10 -1 -9 -3 -12 -13 -4
right_child=-2 4 13 -5 5 -7 -8 9 -10 -11 11 12 -14 -15
leaf_value=-0.01229678517272011 -0.070693550001546687 0.0066442473768150269 -0.019960358110621464 -0.019960358110621464 -0.00084401987935637374 -0.0046332122348187559 0.011635234866779321 0.0015699968028453294 -0.0046332122348187559 -0.00084401987935637374 0.004444830192431015 0.0015699968028453294 0.0030074134976381724 -0.035287503986424169
leaf_weight=157.19391810894012 351.17011749744415 1750.2152800559998 56.542402744293213 210.42776262760162 2113.6530885696411 1921.1989032626152 1054.5368385314941 2024.5157892107964 1238.4529864788055 4225.6770541667938 4290.1653804779053 1210.0174984931946 1961.1260528564453 188.8788977265358
leaf_count=109 4769 67 23 57 43 64 10 120 229 186 104 54 26 132
internal_value=-0.000977394 0.000118542 -0.0103264 -0.00463321 0.00106001 -0.0039793 0.00229126 0.00165326 -0.00463321 -0.00084402 0.00398401 0.00301632 0.00157 -0.0352875
internal_weight=22753.8 22402.6 1851.5 1606.07 20551.1 4034.85 16516.3 15461.7 1395.65 6250.19 9211.52 7461.31 3171.14 245.421
internal_count=5993 1224 550 395 674 107 567 557 338 306 251 184 80 155
is_linear=0
shrinkage=0.05


Tree=88
num_leaves=12
num_cat=0
split_feature=0 1 0 1 0 2 2 0 1 0 0
split_gain=660.79 80.3272 116.063 47.7471 138.786 62.5056 25.2107 14.355 10.0222 8.66164 0.38216
threshold=163.50000000000003 21.500000000000004 36.500000000000007 596.50000000000011 77.500000000000014 2.0388888888888892 0.02777777777777778 16.500000000000004 851.50000000000011 41.500000000000007 196.50000000000003
decision_type=2 2 2 2 2 2 2 2 2 2 2
left_child=1 2 -1 4 5 -3 -4 -7 9 -5 -2
right_child=10 3 6 8 -6 7 -8 -9 -10 -11 -12
leaf_value=-0.0084697685911736664 -0.04766074182193842 0.0010615896459040066 -0.021877659977135862 0.0034854239646505587 -0.0084697685911736664 -0.0013493957489406636 -0.035285551363098057 -0.003760381143785334 0.0051824308646908459 0.0010615896459040066 -0.071208933505902225
leaf_weight=311.70654928684235 10.05992119759321 8431.0716195106506 128.07015156745911 2252.3304748535156 1644.3796386122704 1421.6827812194824 189.59710484743118 1573.4562039375305 4264.252631187439 2189.5198125839233 324.2102310732007
leaf_count=111 125 435 75 27 221 34 155 79 51 36 4644
internal_value=-0.000969161 7.34137e-05 -0.0175223 0.000582732 -0.00132803 0.000949006 -0.0352856 -0.00376038 0.00345121 0.00178842 -0.0706445
internal_weight=22740.3 22406.1 629.374 21776.7 13070.6 11426.2 317.667 2995.14 8706.1 4441.85 334.27
internal_count=5993 1224 341 883 769 548 230 113 114 63 4769
is_linear=0
shrinkage=0.05


Tree=89
num_leaves=15
num_cat=0
split_feature=0 1 0 1 2 0 0 2 2 1 2 2 0 0
split_gain=628.435 73.963 144.575 65.7037 47.0836 61.6374 26.7245 23.7119 21.7805 13.1066 8.20977 7.05525 5.30979 1.67917
threshold=163.50000000000003 44.500000000000007 77.500000000000014 4.5000000000000009 2.1944444444444451 46.500000000000007 77.500000000000014 0.17222222222222225 0.5277777777777779 692.00000000000011 1.0000000180025095e-35 0.79444444444444462 22.500000000000004 56.500000000000007
decision_type=2 2 2 2 2 2 2 2 2 2 2 2 2 2
left_child=1 2 3 -1 6 -6 7 13 -5 -8 -4 -9 -13 -3
right_child=-2 4 10 8 5 -7 9 11 -10 -11 -12 12 -14 -15
leaf_value=-0.019796574184586215 -0.070596441088240522 0.013703713399154459 -0.019796574184586215 -0.0043232804503361586 -5.6075994824038476e-05 -0.0043232804503361586 -5.6075994824038476e-05 0.0050185092458415572 -0.012059927317461187 0.0019503117413588783 -0.035269867918836267 0.00356460413534373 0.0019503117413588783 0.0094531778052471815
leaf_weight=121.02720510959625 318.21351160854101 440.97977590560913 55.817685663700104 1271.6709574460983 4667.1850509643555 1750.1542817354202 1807.1708929538727 3266.8509981632233 203.93066668510437 2340.4212946891785 181.72814041376114 1965.2928447723389 3810.8282473087311 522.04016160964966
leaf_count=91 4769 26 23 250 99 67 159 106 54 30 132 44 107 36
internal_value=-0.000935773 5.67053e-05 -0.00956126 -0.00432328 0.000914699 -0.00263753 0.00252538 0.0039567 -0.00432328 -5.6076e-05 -0.0352699 0.00316161 0.0021107 0.0114118
internal_weight=22723.3 22405.1 1834.17 1596.63 20570.9 6417.34 14153.6 10006 1475.6 4147.59 237.546 9042.97 5776.12 963.02
internal_count=5993 1224 550 395 674 166 508 319 304 189 155 257 151 62
is_linear=0
shrinkage=0.05


Tree=90
num_leaves=15
num_cat=0
split_feature=0 0 0 1 2 1 2 0 2 2 0 2 0 0
split_gain=474.475 95.9094 69.2349 188.954 222.839 58.2273 54.2958 34.2228 9.02214 8.34102 8.55635 3.21573 0.614216 0.334067
threshold=145.50000000000003 163.50000000000003 22.500000000000004 208.50000000000003 0.33888888888888896 128.50000000000003 2.927777777777778 83.500000000000014 1.3722222222222225 0.78333333333333344 12.500000000000002 0.27222222222222231 196.50000000000003 12.500000000000002
decision_type=2 2 2 2 2 2 2 2 2 2 2 2 2 2
left_child=2 -2 9 4 7 -6 -5 -4 -7 11 -11 13 -3 -1
right_child=1 12 3 6 5 8 -8 -9 -10 10 -12 -13 -14 -15
leaf_value=0.013197509349081885 -0.028307004116618534 -0.049423956990035933 -0.0055976280739630235 0.0016789272097307473 -0.028307004116618534 -0.016716704137900093 -0.0055976280739630235 -0.016716704137900093 -0.022511854127259312 0.0056722087794656715 0.0016789272097307473 0.0065317125606934277 -0.071186088767318204 0.010344273796044474
leaf_weight=274.86052250862122 72.281534314155579 9.3536143675446493 1619.0228382349014 11402.97087430954 587.29196327924728 456.6521463394165 2192.8968172073364 288.94216907024384 378.94579362869263 2827.2765634059906 1590.4308699369431 505.80319833755493 293.5736101269722 211.95094001293182
leaf_count=40 46 125 319 249 162 31 46 116 32 62 48 43 4644 30
internal_value=-0.000933629 -0.0566182 4.23132e-06 -0.00156958 -0.0122407 -0.0278358 0.00104545 -0.00559763 -0.0167167 0.00492743 0.0039952 0.00906823 -0.0705409 0.011979
internal_weight=22712.3 375.209 22337 16926.7 3330.85 1422.89 13595.9 1907.97 835.598 5410.32 4417.71 992.615 302.927 486.811
internal_count=5993 4815 1178 955 660 225 295 435 63 223 110 113 4769 70
is_linear=0
shrinkage=0.05


Tree=91
num_leaves=15
num_cat=0
split_feature=0 0 1 0 0 1 2 0 1 2 2 0 1 1
split_gain=443.656 96.8214 66.9898 68.7518 49.1465 134.066 47.824 37.2282 17.2107 15.838 13.2965 6.61783 5.15758 1.92612
threshold=145.50000000000003 196.50000000000003 17.500000000000004 21.500000000000004 77.500000000000014 410.50000000000006 0.79444444444444462 16.500000000000004 634.00000000000011 0.17222222222222225 0.02777777777777778 54.500000000000007 108.50000000000001 45.500000000000007
decision_type=2 2 2 2 2 2 2 2 2 2 2 2 2 2
left_child=2 -2 3 -1 6 -6 9 -8 -9 11 -5 13 -11 -4
right_child=1 -3 4 10 5 -7 7 8 -10 12 -12 -13 -14 -15
leaf_value=-0.0088870289720585586 -0.027912409139721372 -0.071173746450174311 0.010886336981189376 -0.018399719055889965 -0.0088870289720585586 -0.0011945367791469173 0.0027759734301778553 -0.0011945367791469173 0.00079071832551546911 0.0027759734301778553 -0.027912409139721372 0.0067539938423815012 0.0051284489404684651 0.015849043963379893
leaf_weight=162.16747224330902 80.566509090363979 279.30325334519148 549.09451699256897 131.74466270208359 951.3848888874054 3767.1089420318604 3179.5841045379639 5070.9365339279175 3569.3636817932129 632.34116768836975 197.06082540750504 776.28375601768494 3020.8955430984497 318.43080234527588
leaf_count=54 171 4644 66 80 172 68 71 202 43 92 164 75 74 17
internal_value=-0.000858539 -0.0558552 3.0391e-05 -0.0182155 0.000441469 -0.00407601 0.00168693 -8.24316e-05 -0.00119454 0.00563438 -0.0279124 0.00970933 0.00379866 0.0127241
internal_weight=22686.3 359.87 22326.4 490.973 21835.4 4718.49 17116.9 11819.9 8640.3 5297.05 328.805 1643.81 3653.24 867.525
internal_count=5993 4815 1178 298 880 240 640 316 245 324 244 158 166 83
is_linear=0
shrinkage=0.05


Tree=92
num_leaves=13
num_cat=0
split_feature=0 0 0 1 2 2 2 0 1 2 0 2
split_gain=331.399 188.35 59.6041 201.829 178.145 53.2171 18.8282 8.04081 6.60802 3.01424 0.880831 0.11921
threshold=137.50000000000003 163.50000000000003 36.500000000000007 210.50000000000003 0.16111111111111112 2.5388888888888892 6.0166666666666675 9.5000000000000018 681.00000000000011 0.79444444444444462 196.50000000000003 1.4055555555555557
decision_type=2 2 2 2 2 2 2 2 2 2 2 2
left_child=2 -2 6 4 -4 -5 7 11 9 -9 -3 -1
right_child=1 10 3 5 -6 -7 -8 8 -10 -11 -12 -13
leaf_value=0.0072904085812076809 -0.020654639698863435 -0.045543805770066878 -0.0072673505373645839 0.00061080203670246423 -0.020654639698863435 -0.0072673505373645839 0.00061080203670246423 0.0037317949922913382 0.0050153181275233568 0.0024482718570593199 -0.071160776106378706 0.0064800506064645394
leaf_weight=790.08820343017578 218.11304718255997 8.9241692684590799 1185.4493725895882 9282.7462763786316 1226.0219423770905 1729.7724237442017 715.62686204910278 1487.5103214979172 934.38020324707031 3285.2697719335556 265.72887423634529 1545.2488272190094
leaf_count=57 69 125 287 202 251 41 18 157 10 97 4644 35
internal_value=-0.000848592 -0.0413625 5.3231e-05 -0.00204021 -0.0151455 0.000610802 0.00326182 0.00428574 0.00327342 0.00244827 -0.070433 0.00675721
internal_weight=22674.9 492.766 22182.1 13424 2411.47 11012.5 8758.12 8042.5 5707.16 4772.78 274.653 2335.34
internal_count=5993 4838 1155 781 538 243 374 356 264 254 4769 92
is_linear=0
shrinkage=0.05


Tree=93
num_leaves=15
num_cat=0
split_feature=0 0 0 1 2 0 1 2 1 0 0 1 0 1
split_gain=304.297 187.718 52.686 289.063 34.6478 34.2304 12.8734 17.421 9.70767 2.7452 2.65636 4.54211 1.00235 0.556898
threshold=137.50000000000003 163.50000000000003 77.500000000000014 410.50000000000006 0.79444444444444462 30.500000000000004 38.500000000000007 0.17222222222222225 728.00000000000011 25.500000000000004 16.500000000000004 503.50000000000006 196.50000000000003 222.50000000000003
decision_type=2 2 2 2 2 2 2 2 2 2 2 2 2 2
left_child=2 -2 4 -4 6 10 9 -8 -7 -1 -6 -12 -3 -9
right_child=1 12 3 -5 5 8 7 13 -10 -11 11 -13 -14 -15
leaf_value=0.0040415779525520808 -0.020078365831901535 -0.045225405780217491 -0.020078365831901535 -0.0016706898410679815 0.002155791133788059 -0.0016706898410679815 0.011215966382089864 0.0040415779525520808 0.00024255064636003883 0.002155791133788059 0.00024255064636003883 0.0012800449175673378 -0.071147155756329503 0.0048276374205008764
leaf_weight=484.75958847999573 216.24105805158615 8.6826321817934495 963.99907582998276 3685.7492027282715 3192.1383247375488 3339.9584897756577 1157.2634339332581 1059.6518604755402 2594.7313461303711 686.21772426366806 1221.6024557352066 1490.5408935546875 252.81650161743164 2298.5629558563232
leaf_count=101 69 125 235 64 72 155 82 68 31 229 52 19 4644 47
internal_value=-0.000784356 -0.0402238 6.71008e-05 -0.00466387 0.00132249 -0.000218351 0.00452993 0.00592736 -0.00167069 0.00215579 0.00215579 0.000404299 -0.0703724 0.00410208
internal_weight=22652.9 477.74 22175.2 4649.75 17525.4 11839 5686.46 4515.48 5934.69 1170.98 5904.28 2712.14 261.499 3358.21
internal_count=5993 4838 1155 299 856 329 527 197 186 330 143 71 4769 115
is_linear=0
shrinkage=0.05


Tree=94
num_leaves=11
num_cat=0
split_feature=0 0 1 0 2 0 1 2 0 0
split_gain=278.324 186.826 50.3103 198.888 80.4569 20.0803 19.4064 19.1488 17.6094 1.12479
threshold=137.50000000000003 163.50000000000003 278.50000000000006 77.500000000000014 2.1055555555555561 16.500000000000004 851.50000000000011 0.67222222222222239 46.500000000000007 196.50000000000003
decision_type=2 2 2 2 2 2 2 2 2 2
left_child=2 -2 3 4 -1 -6 7 -4 -9 -3
right_child=1 9 6 -5 5 -7 -8 8 -10 -11
leaf_value=-0.0008376289568315029 -0.019511467782144586 -0.044909898622969097 0.0025752419589901172 -0.019511467782144586 -0.0055060886631597729 -0.010174548369488043 0.0045782099775556187 0.00089440876063610691 -0.0008376289568315029 -0.07113284525987594
leaf_weight=5382.4633145928383 214.45455312728882 8.4508078098297101 2681.8554964065552 705.28435868024826 601.13042545318604 551.95916891098022 4209.1413688659668 5680.3845825195312 2363.4077854156494 240.53387014567852
leaf_count=601 69 125 63 214 20 55 48 89 65 4644
internal_value=-0.000759028 -0.0390662 4.32636e-05 -0.00337677 -0.000837629 -0.0101745 0.00170152 0.000572274 -0.000786424 -0.0703083
internal_weight=22639.1 463.439 22175.6 7240.84 6535.55 1153.09 14934.8 10725.6 8043.79 248.985
internal_count=5993 4838 1155 890 676 75 265 217 154 4769
is_linear=0
shrinkage=0.05


Tree=95
num_leaves=15
num_cat=0
split_feature=1 0 1 0 2 1 1 2 2 0 0 2 2 0
split_gain=257.447 187.835 67.9388 49.9287 117.744 66.294 61.7167 42.5975 14.5438 10.5521 7.99224 7.067 3.0683 0.520725
threshold=4.5000000000000009 137.50000000000003 250.50000000000003 25.500000000000004 2.9722222222222228 193.50000000000003 705.00000000000011 0.11666666666666668 0.78333333333333344 38.500000000000007 12.500000000000002 1.7277777777777781 0.19444444444444448 16.500000000000004
decision_type=2 2 2 2 2 2 2 2 2 2 2 2 2 2
left_child=9 3 -3 8 5 7 -6 -5 12 -1 -10 -7 -2 -14
right_child=1 2 -4 4 6 11 -8 -9 10 -11 -12 -13 13 -15
leaf_value=-0.042757684688250801 0.013303452083043774 -0.030402153768130449 -0.015009986645324359 -0.0022681080448413455 -0.015009986645324359 0.0015909919011602978 -0.0061272079908429892 -0.0061272079908429892 0.004877503109418843 -0.069812689266710234 0.0015909919011602978 -0.0012409064889859463 0.0088584320307499506 0.0062454099217112355
leaf_weight=62.542014122009277 343.28136014938354 254.6522703692317 150.04606879875064 1098.8408944606781 983.28444504737854 8892.0076360702515 919.22033500671387 1480.9636626243591 2843.6642735004425 114.75308062508702 2045.4789080619812 2638.044650554657 417.16387820243835 379.28267228603363
leaf_count=41 41 3703 247 233 51 199 13 272 62 954 59 55 36 27
internal_value=-0.000717483 -0.000242107 -0.0304022 0.00038218 -0.00107806 0.000496661 -0.0127511 -0.00612721 0.00426005 -0.0605622 0.00307314 0.00159099 0.00934441 0.00762345
internal_weight=22623.2 22445.9 404.698 22041.2 16012.4 14109.9 1902.5 2579.8 6028.87 177.295 4889.14 11530.1 1139.73 796.447
internal_count=5993 4998 3950 1048 823 759 64 505 225 995 121 254 104 63
is_linear=0
shrinkage=0.05


Tree=96
num_leaves=15
num_cat=0
split_feature=1 0 1 0 1 2 0 1 0 0 2 2 2 1
split_gain=242.707 177.574 68.5204 48.784 211.531 48.4448 34.1 32.5006 11.0414 9.40137 8.84403 5.3431 4.91159 2.87247
threshold=4.5000000000000009 137.50000000000003 250.50000000000003 77.500000000000014 410.50000000000006 0.17222222222222225 16.500000000000004 634.00000000000011 38.500000000000007 54.500000000000007 1.6611111111111112 0.05000000000000001 0.02777777777777778 45.500000000000007
decision_type=2 2 2 2 2 2 2 2 2 2 2 2 2 2
left_child=8 3 -3 5 -5 9 -7 10 -1 11 -8 -2 -11 -13
right_child=1 2 -4 4 -6 6 7 -9 -10 12 -12 13 -14 -15
leaf_value=-0.041684705907271379 0.018767123623043037 -0.030104509232606658 -0.014868858322529592 -0.014868858322529592 -0.0013111214846489908 0.0048568934314898952 0.00040160218551884782 0.0021143258556866862 -0.069710828385520882 0.0090192510879219864 -0.0013111214846489908 0.0090192510879219864 0.004994632431517319 0.014477483817376929
leaf_weight=61.009526968002319 261.23871171474457 249.54740578681231 149.2962309345603 930.58209717273712 3689.4613542556763 3719.0978343486786 5194.683758020401 4036.6193046569824 109.31348108127713 353.91444540023804 2656.6714465618134 430.07931840419769 481.22382962703705 287.35912990570068
leaf_count=41 42 3703 247 219 64 116 252 48 954 55 116 67 54 15
internal_value=-0.000687858 -0.000235211 -0.0301045 0.000366793 -0.00420044 0.0015782 0.00067907 -0.000628242 -0.0599738 0.0093102 -0.00131112 0.0126349 0.00540357 0.010379
internal_weight=22610.1 22439.8 398.844 22040.9 4620.04 17420.9 15607.1 11888 170.323 1813.82 7851.36 978.677 835.138 717.438
internal_count=5993 4998 3950 1048 283 765 532 416 995 233 368 124 109 82
is_linear=0
shrinkage=0.05


Tree=97
num_leaves=15
num_cat=0
split_feature=1 0 1 2 0 1 0 2 1 0 1 0 2 2
split_gain=228.382 167.265 68.9668 45.6833 148.226 54.1664 24.7338 28.8891 18.4654 11.5232 9.61792 8.50747 6.27156 4.5954
threshold=4.5000000000000009 137.50000000000003 250.50000000000003 2.1388888888888893 46.500000000000007 774.00000000000011 77.500000000000014 0.16111111111111112 410.50000000000006 38.500000000000007 76.500000000000014 54.500000000000007 0.79444444444444462 0.05000000000000001
decision_type=2 2 2 2 2 2 2 2 2 2 2 2 2 2
left_child=9 3 -3 6 -5 -6 7 11 -8 -1 -9 13 -12 -2
right_child=1 2 -4 4 5 -7 8 10 -10 -11 12 -13 -14 -15
leaf_value=-0.040605831378529911 0.017722141941059821 -0.029816338881092298 -0.014753380314406908 -0.00073900824920310301 -0.014753380314406908 -0.0077461942818050052 -0.00073900824920310301 0.0011277754346611948 0.0011277754346611948 -0.069602599166147958 0.0047744006878560601 0.0053810045623574644 0.002051816917391524 0.0099056229376637515
leaf_weight=59.562884092330933 262.82749617099762 244.60076788440347 148.56481531262398 4695.9748514890671 784.58907079696655 929.87465286254883 810.38917523622513 881.21100622415543 3347.6424026489258 104.14140010625124 3130.3802299499512 836.13160026073456 5685.2669563293457 683.43718385696411
leaf_count=41 42 3703 247 105 55 13 203 165 58 954 84 108 140 75
internal_value=-0.00070036 -0.000269796 -0.0298163 0.000309578 -0.00324482 -0.0147534 0.0017668 0.00299456 -0.000739008 -0.0593629 0.00191869 0.00884332 0.00297586 0.0120931
internal_weight=22604.6 22440.9 393.166 22047.7 6410.44 1714.46 15637.3 11479.3 4158.03 163.704 9696.86 1782.4 8815.65 946.265
internal_count=5993 4998 3950 1048 173 68 875 614 261 995 389 225 224 117
is_linear=0
shrinkage=0.05


Tree=98
num_leaves=15
num_cat=0
split_feature=1 0 1 0 1 0 2 0 1 0 2 0 2 0
split_gain=214.797 157.342 69.2635 43.0093 140.379 49.6733 29.5439 26.1814 28.6036 11.995 9.8497 3.54827 2.87396 1.17305
threshold=4.5000000000000009 137.50000000000003 250.50000000000003 63.500000000000007 410.50000000000006 77.500000000000014 0.17222222222222225 16.500000000000004 539.50000000000011 38.500000000000007 0.061111111111111116 43.500000000000007 0.02777777777777778 9.5000000000000018
decision_type=2 2 2 2 2 2 2 2 2 2 2 2 2 2
left_child=9 3 -3 6 5 -5 10 13 -9 -1 12 -12 -2 -8
right_child=1 2 -4 4 -6 -7 7 8 -10 -11 11 -13 -14 -15
leaf_value=-0.039523168597909469 0.017203794247243453 -0.029516477181971441 -0.014631345144314536 -0.007709105299156695 -0.00078686545399885401 -0.014631345144314536 0.0046933119611343591 -0.00078686545399885401 0.0021244403504847649 -0.069487625389232671 0.0091945223197963683 0.0046933119611343591 0.010148358679921215 0.0031230726755087685
leaf_weight=58.197419285774231 270.12272655963898 239.80546562746167 147.85015779361129 775.83325606584549 4627.7603960037231 921.90674996376038 2503.7717213630676 5881.5660208463669 4660.4601364135742 99.223827473819256 409.37347912788391 455.92659890651703 324.5358475446701 1223.4345738887787
leaf_count=41 45 3703 247 109 78 219 78 291 60 954 50 39 41 38
internal_value=-0.000713103 -0.000303551 -0.0295165 0.000253787 -0.00322773 -0.0146313 0.00165399 0.000960568 -0.000313019 -0.0587294 0.00842606 0.00501226 0.0133768 0.0045619
internal_weight=22599.8 22442.3 387.656 22054.7 6325.5 1697.74 15729.2 14269.2 10542 157.421 1459.96 865.3 594.659 3727.21
internal_count=5993 4998 3950 1048 406 328 642 467 351 995 175 89 86 116
is_linear=0
shrinkage=0.05


Tree=99
num_leaves=14
num_cat=0
split_feature=1 0 1 2 0 1 2 0 2 0 1 0 2
split_gain=202.108 148.055 69.4127 42.8749 53.9848 90.7985 25.7367 12.4543 6.10952 3.8368 8.66855 1.49662 0.596946
threshold=4.5000000000000009 137.50000000000003 250.50000000000003 6.1500000000000012 36.500000000000007 231.50000000000003 1.8500000000000003 38.500000000000007 0.33888888888888896 9.5000000000000018 301.50000000000006 19.500000000000004 0.18333333333333338
decision_type=2 2 2 2 2 2 2 2 2 2 2 2 2
left_child=7 3 -3 4 8 -6 -7 -1 11 -10 -11 -2 -13
right_child=1 2 -4 -5 5 6 -8 -9 9 10 -12 12 -14
leaf_value=-0.038438822408787467 0.0093107505175565354 -0.029191313649973682 -0.014482017424552077 -0.010875946196714871 -0.0051055189032279871 0.0012707747780985349 -0.0019571420465886911 -0.069365508648489921 0.0050742440507388804 0.0012707747780985349 0.0037947531954866383 0.0073856391361336038 0.00522541896843433
leaf_weight=56.908695101737976 484.21996366977692 235.15822672098875 147.15222153812647 835.48278474807739 2640.4244185686111 7932.1122889518738 2517.1005535125732 94.548386465758085 2105.3405320644379 1712.8250287771225 3113.2617263793945 357.85397565364838 357.98522627353668
leaf_count=41 52 3703 247 20 493 163 55 954 59 93 44 43 26
internal_value=-0.000699038 -0.000309205 -0.0291913 0.000227279 0.000664908 -0.00132274 0.00119123 -0.0580734 0.00386429 0.00329314 0.00251526 0.00715769 0.00569033
internal_weight=22590.4 22438.9 382.31 22056.6 21221.1 13089.6 10449.2 151.457 8131.49 6931.43 4826.09 1200.06 715.839
internal_count=5993 4998 3950 1048 1028 711 218 995 317 196 137 121 69
is_linear=0
shrinkage=0.05


Tree=100
num_leaves=15
num_cat=0
split_feature=1 0 1 2 0 1 0 2 1 0 1 2 0 1
split_gain=189.997 139.029 69.4287 40.3362 140.703 56.8789 21.3264 23.5643 16.879 12.8988 9.57979 7.92218 5.6306 4.0696
threshold=4.5000000000000009 137.50000000000003 250.50000000000003 2.0388888888888892 46.500000000000007 755.00000000000011 77.500000000000014 0.061111111111111116 410.50000000000006 38.500000000000007 76.500000000000014 0.79444444444444462 61.500000000000007 350.50000000000006
decision_type=2 2 2 2 2 2 2 2 2 2 2 2 2 2
left_child=9 3 -3 6 13 -6 7 12 -8 -1 -9 -12 -2 -5
right_child=1 2 -4 4 5 -7 8 10 -10 -11 11 -13 -14 -15
leaf_value=-0.037354883697320429 0.014132561591661687 -0.028860421325285449 -0.014335129135227533 -0.0054712037326275238 -0.014335129135227533 -0.0075000691122113069 -0.00066500908919508127 0.0010766488490137874 0.0010766488490137874 -0.069235838187834839 0.0049185175133377272 0.002085880069697846 0.006530939482193277 -0.00066500908919508127
leaf_weight=55.692492187023163 519.11001431941986 230.65791068226099 146.47191495448351 1375.5221980810165 805.45068407058716 992.33830642700195 802.84281629323959 1384.8794132471085 3321.0702180862427 90.103303581476212 3583.4552948474884 5203.8229351043701 312.49491775035858 3760.2054557800293
leaf_count=41 78 3703 247 63 56 14 203 243 57 954 102 134 48 50
internal_value=-0.000696718 -0.000325772 -0.0288604 0.000190163 -0.00296758 -0.0143351 0.00163756 0.00281831 -0.000665009 -0.0573951 0.00215613 0.00309511 0.0109058 -0.000665009
internal_weight=22584.1 22438.3 377.13 22061.2 6933.52 1797.79 15127.7 11003.8 4123.91 145.796 10172.2 8787.28 831.605 5135.73
internal_count=5993 4998 3950 1048 183 70 865 605 260 995 479 236 126 113
is_linear=0
shrinkage=0.05


Tree=101
num_leaves=15
num_cat=0
split_feature=1 0 1 2 0 1 2 0 2 0 1 2 0 0
split_gain=178.55 130.412 69.3162 37.3582 49.2025 85.2699 21.4404 13.3261 5.03668 4.14917 7.63927 1.85685 1.79663 0.0887086
threshold=4.5000000000000009 137.50000000000003 250.50000000000003 6.1500000000000012 36.500000000000007 231.50000000000003 1.8500000000000003 38.500000000000007 0.20555555555555557 9.5000000000000018 301.50000000000006 1.6611111111111112 22.500000000000004 3.5000000000000004
decision_type=2 2 2 2 2 2 2 2 2 2 2 2 2 2
left_child=7 3 -3 4 8 -6 -7 -1 12 13 11 -11 -2 -10
right_child=1 2 -4 -5 5 6 -8 -9 9 10 -12 -13 -14 -15
leaf_value=-0.036273404484644466 0.01026965177192231 -0.02851552124986555 -0.014177965771684451 -0.010239291656609369 -0.0048363427394805571 0.0011423940721073647 -0.0018469743336865961 -0.069098175379183238 0.0053847969613550857 0.0024534421990980394 0.0037644903260887139 0.0011423940721073647 0.005458993403757717 0.0047146320885023685
leaf_weight=54.544803202152252 343.28295874595642 226.30030231550336 145.80871132388711 830.14905166625977 2635.6761695742607 7943.4892563819885 2508.2591443061829 85.877384252846241 1120.3592479228973 1341.5332533121109 3117.9143180847168 788.77179038524628 353.14307487010956 1081.2416319847107
leaf_count=41 40 3703 247 20 493 163 55 954 26 84 44 39 43 41
internal_value=-0.000689524 -0.000336488 -0.0285155 0.00015959 0.000566606 -0.00133228 0.00114239 -0.0566946 0.00361707 0.0032361 0.00247102 0.00114239 0.00768189 0.00505796
internal_weight=22576.4 22435.9 372.109 22063.8 21233.7 13087.4 10451.7 140.422 8146.25 7449.82 5248.22 2130.31 696.426 2201.6
internal_count=5993 4998 3950 1048 1028 711 218 995 317 234 167 123 83 67
is_linear=0
shrinkage=0.05


Tree=102
num_leaves=10
num_cat=0
split_feature=1 0 1 1 0 1 2 0 0
split_gain=167.666 122.099 69.0811 37.2808 100.786 102.756 43.2221 46.3205 13.7339
threshold=4.5000000000000009 137.50000000000003 250.50000000000003 851.50000000000011 77.500000000000014 410.50000000000006 2.0388888888888892 16.500000000000004 38.500000000000007
decision_type=2 2 2 2 2 2 2 2 2
left_child=8 3 -3 4 6 -6 -2 -8 -1
right_child=1 2 -4 -5 5 -7 7 -9 -10
leaf_value=-0.035196390451829922 0.0017387351060892898 -0.028162484011775613 -0.014019332807449998 0.0043523399642125061 -0.014019332807449998 -0.0048598815772054813 -0.00073385633597559746 -0.0048598815772054813 -0.068952065580293237
leaf_weight=53.461821377277374 10210.67729473114 222.08256907761097 145.16268285736442 4215.6426429748535 910.63357830047607 1519.6708688735962 2111.696117401123 3100.0317250490189 81.859972588717937
leaf_count=41 597 3703 247 48 219 38 41 105 954
internal_value=-0.00068873 -0.000352804 -0.0281625 0.000123818 -0.00087487 -0.0103364 0.000616685 -0.00320645 -0.0559722
internal_weight=22570.9 22435.6 367.245 22068.4 17852.7 2430.3 15422.4 5211.73 135.322
internal_count=5993 4998 3950 1048 1000 257 743 146 995
is_linear=0
shrinkage=0.05


Tree=103
num_leaves=15
num_cat=0
split_feature=1 0 1 2 1 0 0 1 1 2 0 0 2 0
split_gain=157.561 114.428 68.7378 36.9396 93.1839 46.7108 44.8847 20.3298 19.8883 22.1948 14.1199 13.7792 32.0798 5.68738
threshold=4.5000000000000009 137.50000000000003 250.50000000000003 0.31666666666666671 110.50000000000001 83.500000000000014 22.500000000000004 862.50000000000011 336.50000000000006 1.6944444444444446 38.500000000000007 102.50000000000001 0.038888888888888896 22.500000000000004
decision_type=2 2 2 2 2 2 2 2 2 2 2 2 2 2
left_child=10 3 -3 11 6 8 -5 -7 9 -6 -1 12 -2 -14
right_child=1 2 -4 4 5 7 -8 -9 -10 -11 -12 -13 13 -15
leaf_value=-0.034125785221367361 0.013574123576997076 -0.027780786763659096 -0.013827825394022528 -0.0069619599722637792 -0.00041582273045042626 -0.0069619599722637792 -0.013827825394022528 -0.003081623888025597 0.0014174861470760169 -0.003081623888025597 -0.068797030613208826 0.0014174861470760169 0.0084406527087476837 0.0033071818404982953
leaf_weight=52.439932107925415 913.02672535181046 218.00100297480822 144.53348540142179 436.95657551288605 2252.1243572235107 876.73473572731018 486.80815666913986 661.12418746948242 10354.802245140076 1857.3337063789368 78.04093861952424 621.67763203382492 493.06561589241028 3111.9347100257874
leaf_count=41 120 3703 247 55 90 58 132 10 154 84 954 75 52 218
internal_value=-0.000653251 -0.0003333 -0.0277808 0.000125136 -0.00100223 -9.60946e-05 -0.0138278 -0.00696196 0.000798712 -0.00224913 -0.0552283 0.0038372 0.00519688 0.00330718
internal_weight=22558.6 22428.1 362.534 22065.6 16925.9 16002.1 923.765 1537.86 14464.3 4109.46 130.481 5139.7 4518.03 3605
internal_count=5993 4998 3950 1048 583 396 187 68 328 174 995 465 390 270
is_linear=0
shrinkage=0.05


Tree=104
num_leaves=12
num_cat=0
split_feature=1 0 1 1 0 2 0 1 0 1 2
split_gain=147.756 106.758 68.2888 34.7422 138.3 63.2464 43.6769 26.2089 14.4821 7.51507 1.61854
threshold=4.5000000000000009 137.50000000000003 250.50000000000003 596.50000000000011 83.500000000000014 2.0388888888888892 16.500000000000004 433.00000000000006 38.500000000000007 851.50000000000011 1.9833333333333336
decision_type=2 2 2 2 2 2 2 2 2 2 2
left_child=8 3 -3 4 5 -2 -7 -6 -1 10 -5
right_child=1 2 -4 9 7 6 -8 -9 -10 -11 -12
leaf_value=-0.033063455410788402 0.00051644718870880375 -0.027409388955443554 -0.013659409860514074 0.0021553376108841287 -0.013659409860514074 -0.0031049502179694172 -0.0067477921885309494 -0.0067477921885309494 -0.068632581447987229 0.004057770711533965 0.00051644718870880375
leaf_weight=51.475708842277527 9100.1402031183243 214.05494737997651 143.92215154320002 2101.4108371734619 708.7786705493927 1432.5229139328003 1609.4049451351166 532.23407745361328 74.410640306770802 4224.8763999938965 2360.7228221893311
leaf_count=41 613 3703 247 32 183 34 89 18 954 48 31
internal_value=-0.00065984 -0.000355432 -0.0274033 8.45072e-05 -0.00151374 0.000163825 -0.00672635 -0.0136594 -0.0544633 0.00254663 0.00111526
internal_weight=22554 22428.1 357.977 22070.1 13383.1 12142.1 3041.93 1241.01 125.886 8687.01 4462.13
internal_count=5993 4998 3950 1048 937 736 123 201 995 111 63
is_linear=0
shrinkage=0.05


Tree=105
num_leaves=13
num_cat=0
split_feature=1 0 1 0 1 2 2 0 2 0 2 2
split_gain=138.693 99.7632 68.486 35.2842 92.8523 126.596 30.8417 14.8185 6.94728 4.41323 2.46296 1.06874
threshold=4.5000000000000009 137.50000000000003 250.50000000000003 22.500000000000004 208.50000000000003 0.33888888888888896 2.927777777777778 38.500000000000007 0.78333333333333344 12.500000000000002 0.27222222222222231 1.7277777777777781
decision_type=2 2 2 2 2 2 2 2 2 2 2 2
left_child=7 3 -3 8 5 -5 11 -1 10 -10 -2 -6
right_child=1 2 -4 4 6 -7 -8 -9 9 -11 -12 -13
leaf_value=-0.032011180031318191 0.0099933846670513422 -0.027007045405749993 -0.013280543654534075 -0.0040307389747570171 0.0012627566299502927 -0.013280543654534075 -0.0040307389747570171 -0.068458198530825062 0.0039583555554504133 0.0012627566299502927 0.0050682620349587724 -0.00030309579806479543
leaf_weight=50.565900981426239 472.43216931819916 210.23819592967629 143.32724048197269 1801.8902056217194 8794.7143955230713 1333.6990164518356 2159.4075698852539 70.959906712174416 2863.1763617992401 1595.403272151947 507.33440017700195 2539.3144378662109
leaf_count=41 54 3703 247 358 189 201 46 954 62 48 38 52
internal_value=-0.0006261 -0.000336167 -0.0266477 8.65863e-05 -0.0010568 -0.00880593 0.000744452 -0.0536779 0.00358231 0.00274343 0.00739309 0.00126276
internal_weight=22542.5 22420.9 353.565 22067.4 16629 3135.59 13493.4 121.526 5438.35 4458.58 979.767 11334
internal_count=5993 4998 3950 1048 846 559 287 995 202 110 92 241
is_linear=0
shrinkage=0.05


Tree=106
num_leaves=15
num_cat=0
split_feature=1 0 1 0 2 1 2 0 1 0 2 0 1 0
split_gain=130.128 93.1685 68.5576 33.6122 113.972 51.0222 21.4215 20.0264 24.4491 15.1273 8.80238 5.23106 2.51468 0.833774
threshold=4.5000000000000009 137.50000000000003 250.50000000000003 63.500000000000007 2.1944444444444451 165.50000000000003 0.16111111111111112 16.500000000000004 539.50000000000011 38.500000000000007 0.02777777777777778 54.500000000000007 45.500000000000007 9.5000000000000018
decision_type=2 2 2 2 2 2 2 2 2 2 2 2 2 2
left_child=9 3 -3 6 5 -5 10 13 -9 -1 -2 12 -12 -8
right_child=1 2 -4 4 -6 -7 7 8 -10 -11 11 -13 -14 -15
leaf_value=-0.030970639155915886 0.015208361930223109 -0.026593154371229194 -0.012902306201699782 -0.0068677846555292889 -0.012902306201699782 -0.00083326310935879502 0.003945516239105871 -0.00083326310935879502 0.0017505785825747949 -0.068273349396368907 0.0060626305769258988 0.003945516239105871 0.010224350005523986 0.0026324009952355745
leaf_weight=49.707431256771088 273.35969293117523 206.55044937878847 142.7573002949357 695.98036098480225 608.68299460411072 4998.402636051178 2535.486946105957 5891.4108673334122 4670.6600608825684 67.680016979575157 536.34104239940643 323.87445497512817 301.700026512146 1228.0026931762695
leaf_count=41 45 3703 247 243 35 128 80 297 60 954 79 27 16 38
internal_value=-0.000589847 -0.000313674 -0.0258971 9.25096e-05 -0.00299317 -0.000833263 0.00132665 0.000742937 -0.000373068 -0.0528726 0.0071481 0.00524034 0.00817974 0.00387423
internal_weight=22530.6 22413.2 349.308 22063.9 6303.07 5694.38 15760.8 14325.6 10562.1 117.387 1435.28 1161.92 838.041 3763.49
internal_count=5993 4998 3950 1048 406 371 642 475 357 995 167 122 95 118
is_linear=0
shrinkage=0.05


Tree=107
num_leaves=15
num_cat=0
split_feature=1 0 1 2 1 2 1 2 1 0 2 0 0 1
split_gain=121.921 73.0927 122.604 39.5909 45.0563 36.3393 20.6159 27.9589 18.1212 10.2026 10.1538 9.79901 6.55348 3.6811
threshold=6.5000000000000009 107.50000000000001 250.50000000000003 0.061111111111111116 77.500000000000014 0.05000000000000001 596.50000000000011 2.1944444444444451 3.5000000000000004 72.500000000000014 0.67222222222222239 83.500000000000014 16.500000000000004 808.00000000000011
decision_type=2 2 2 2 2 2 2 2 2 2 2 2 2 2
left_child=5 3 -3 11 12 8 7 9 -1 -6 -4 -2 -5 -8
right_child=1 2 10 4 6 -7 13 -9 -10 -11 -12 -13 -14 -15
leaf_value=-0.044097835497810656 0.012436882372145753 -0.01936666808162478 -0.005081903706290432 -0.0021445050725169682 0.0010082457505391398 -0.065797549452823414 0.0015941346568733473 -0.0021445050725169682 -0.01936666808162478 -0.00056812966098891422 -0.012224285893957607 0.0047884104050347912 -0.005081903706290432 0.0037554348631940468
leaf_weight=44.906839398667216 866.01299124956131 412.72116765752435 731.98927401378751 471.01107859611511 6386.930995464325 76.424410622566938 3817.2209281921387 2917.9316725730896 87.687777325510979 875.42517566680908 400.90708095580339 286.34591054916382 1073.6048196554184 4075.9295997619629
leaf_count=346 108 3435 151 60 193 739 51 106 309 62 135 26 227 45
internal_value=-0.000586045 -0.000229182 -0.0107154 0.000551624 2.23384e-05 -0.0385042 0.000792894 -0.000694047 -0.0223981 0.00100825 -0.0050819 0.00955448 -0.0050819 0.00271054
internal_weight=22525 22316 1545.62 20770.4 19618.1 209.019 18073.4 10180.3 132.595 7262.36 1132.9 1152.36 1544.62 7893.15
internal_count=5993 4599 3721 878 744 1394 457 361 655 255 286 134 287 96
is_linear=0
shrinkage=0.05


Tree=108
num_leaves=15
num_cat=0
split_feature=1 0 1 0 1 2 2 0 2 2 1 0 0 2
split_gain=114.686 81.8807 68.0279 31.9425 115.512 85.021 30.8603 16.0505 12.0779 3.28659 2.74329 3.0027 2.43896 1.99431
threshold=4.5000000000000009 137.50000000000003 250.50000000000003 36.500000000000007 210.50000000000003 0.16111111111111112 2.505555555555556 38.500000000000007 5.7944444444444452 0.78333333333333344 681.00000000000011 9.5000000000000018 22.500000000000004 0.27222222222222231
decision_type=2 2 2 2 2 2 2 2 2 2 2 2 2 2
left_child=7 3 -3 8 5 -5 -6 -1 9 12 11 -11 13 -2
right_child=1 2 -4 4 6 -7 -8 -9 -10 10 -12 -13 -14 -15
leaf_value=-0.028545285304145726 0.0092880932571176751 -0.025806168766401516 -0.01227114994051777 -0.0056586838089668122 0.00043678131561729512 -0.01227114994051777 -0.0056586838089668122 -0.067938248530281228 0.00043678131561729512 0.0029792845381503858 0.0038982032943937414 0.0018492535835832658 0.0038982032943937414 0.0053933596878739725
leaf_weight=47.707715928554535 474.6444274187088 200.17320288717747 141.83068562671542 1134.2948117256165 9246.0177550315857 1145.7953278422356 1772.2363271713257 62.354091560468078 836.12689113616943 1406.4850859642029 1444.5572280883789 3220.4861607551575 879.55394208431244 508.54810237884521
leaf_count=41 54 3703 247 243 201 229 42 954 20 39 15 95 72 38
internal_value=-0.000589901 -0.000338711 -0.0245804 3.80638e-05 -0.00150671 -0.0117541 0.000436781 -0.0512736 0.00238028 0.00326173 0.00269726 0.00206037 0.00509915 0.00688852
internal_weight=22520.8 22410.7 342.004 22068.7 13298.3 2280.09 11018.3 110.062 8770.4 7934.27 6071.53 4626.97 1862.75 983.193
internal_count=5993 4998 3950 1048 715 472 243 995 333 313 149 134 164 92
is_linear=0
shrinkage=0.05


Tree=109
num_leaves=15
num_cat=0
split_feature=1 0 1 2 0 1 0 0 0 2 1 1 0 0
split_gain=107.387 76.2242 67.7924 31.1974 81.3464 42.9337 40.5494 16.2665 9.35215 13.6372 8.297 3.73888 2.10586 1.97076
threshold=4.5000000000000009 137.50000000000003 250.50000000000003 0.67222222222222239 83.500000000000014 301.50000000000006 22.500000000000004 38.500000000000007 77.500000000000014 0.02777777777777778 433.00000000000006 76.500000000000014 59.500000000000007 25.500000000000004
decision_type=2 2 2 2 2 2 2 2 2 2 2 2 2 2
left_child=7 3 -3 8 5 6 -5 -1 9 12 -10 13 -2 -11
right_child=1 2 -4 4 -6 -7 -8 -9 10 11 -12 -13 -14 -15
leaf_value=-0.027555566527327126 0.016004745880485314 -0.025370464381822402 -0.011905274805348361 -0.0022736271191506527 -0.011905274805348361 0.00063163742433787874 -0.0060789213710415657 -0.067722663000604852 0.00063163742433787874 0.0033837052998232108 0.0023336960303851177 0.004433714569261304 0.0091983466552244646 0.0023336960303851177
leaf_weight=47.004383683204651 195.37733912467957 196.83337008580565 141.32389802858233 1746.3502529859543 1056.4630794525146 9816.8470697402954 1739.8585050702095 59.500284660607576 565.58066946268082 581.00290298461914 2539.0360651016235 2672.6862854957581 286.83360838890076 866.56532603502274
leaf_count=41 32 3703 247 77 64 153 146 954 161 82 41 85 45 162
internal_value=-0.000563474 -0.00032425 -0.0238478 3.72997e-05 -0.00134001 -0.000252568 -0.00517889 -0.0504167 0.00260328 0.00403575 0.000631637 0.00310291 0.0119835 0.0023337
internal_weight=22511.3 22404.8 338.157 22066.6 14359.5 13303.1 3486.21 106.505 7707.08 4602.47 3104.62 4120.25 482.211 1447.57
internal_count=5993 4998 3950 1048 440 376 223 995 608 406 202 329 77 244
is_linear=0
shrinkage=0.05


Tree=110
num_leaves=15
num_cat=0
split_feature=1 0 1 2 0 1 0 1 2 0 2 0 1 2
split_gain=100.43 70.7979 67.4622 30.7277 39.0918 59.919 16.4491 13.6171 12.9388 10.7623 8.05389 2.13865 2.09236 0.557005
threshold=4.5000000000000009 137.50000000000003 250.50000000000003 6.1500000000000012 52.500000000000007 356.50000000000006 38.500000000000007 808.00000000000011 0.31666666666666671 36.500000000000007 1.6166666666666669 12.500000000000002 301.50000000000006 0.17222222222222225
decision_type=2 2 2 2 2 2 2 2 2 2 2 2 2 2
left_child=6 3 -3 4 7 -6 -1 8 13 11 -7 -10 -13 -2
right_child=1 2 -4 -5 5 10 -8 -9 9 -11 -12 12 -14 -15
leaf_value=-0.026583636166369176 0.0048585208793214627 -0.024934193090966741 -0.011550781016461033 -0.0094509982593792077 -0.0045310925079268772 0.00018495445802394069 -0.067494482101650377 0.0079040174214774061 0.0029228495620522137 0.00018495445802394069 -0.0021730690249514685 0.0012912136889560487 0.0022415569798977615 0.0032365183039131037
leaf_weight=46.340600967407227 927.25199437141418 193.61006988957524 140.83885275945067 823.18815660476685 2401.8689929842949 5417.2557168006897 56.788316363468766 1003.4997024536133 2772.5045435428619 2090.4203380942345 1797.8710870742798 1560.2708457708359 2310.909309387207 962.37605667114258
leaf_count=41 115 3703 247 20 420 95 954 11 75 86 34 89 34 69
internal_value=-0.000552937 -0.000325205 -0.0231229 2.13439e-05 0.000388813 -0.00196944 -0.0495432 0.00233935 0.00181302 0.000987178 0.000184954 0.00239747 0.00156026 0.00485852
internal_weight=22505 22401.9 334.449 22067.4 21244.2 9617 103.129 11627.2 10623.7 8734.11 7215.13 6643.68 3871.18 1889.63
internal_count=5993 4998 3950 1048 1028 549 995 479 468 284 129 198 123 184
is_linear=0
shrinkage=0.05


Tree=111
num_leaves=15
num_cat=0
split_feature=1 0 1 2 2 1 1 2 1 0 0 2 1 0
split_gain=94.1625 56.2371 109.878 37.7545 34.8482 40.9069 18.3718 24.0793 15.0776 8.8473 8.68425 5.91823 3.62302 2.44085
threshold=6.5000000000000009 107.50000000000001 250.50000000000003 0.05000000000000001 0.061111111111111116 77.500000000000014 596.50000000000011 2.1944444444444451 3.5000000000000004 83.500000000000014 72.500000000000014 0.67222222222222239 808.00000000000011 9.5000000000000018
decision_type=2 2 2 2 2 2 2 2 2 2 2 2 2 2
left_child=3 4 -3 8 9 -6 7 10 -1 -2 -7 -4 -8 -5
right_child=1 2 11 13 5 6 12 -9 -10 -11 -12 -13 -14 -15
leaf_value=-0.041818910381107757 0.011596829524253338 -0.017745480527020817 -0.0045425787370650056 -0.041818910381107757 -0.0045425787370650056 0.00089477637714836561 0.0013943824104901883 -0.0019248459582034722 -0.017745480527020817 0.0043961711904763187 -0.00051503479052755329 -0.011144029632042911 0.003536791165150393 -0.068665930294696392
leaf_weight=39.810250533744693 870.82350033521652 397.56637104228139 730.65740122646093 6.7704919576644889 1542.0299133658409 6395.0852999687195 3822.835018157959 2911.3103466033936 85.065389227122068 286.94807183742523 872.64959478378296 395.24334986507893 4082.5823631286621 61.244085133075714
leaf_count=346 108 3435 151 5 287 193 51 106 309 26 62 135 45 734
internal_value=-0.000549358 -0.000247801 -0.00951722 -0.0352432 0.000432064 -6.53949e-05 0.000692887 -0.000711538 -0.0186608 0.00885774 0.000894776 -0.00454258 0.00250109 -0.064977
internal_weight=22500.6 22307.7 1523.47 192.89 20784.3 19626.5 18084.5 10179 124.876 1157.77 7267.73 1125.9 7905.42 68.0146
internal_count=5993 4599 3721 1394 878 744 457 361 655 134 255 286 96 739
is_linear=0
shrinkage=0.05


Tree=112
num_leaves=15
num_cat=0
split_feature=1 2 0 2 1 2 1 0 2 1 0 1 0 2
split_gain=85.9918 53.4192 53.5035 37.5699 33.9475 28.9216 39.6333 19.7003 21.2067 14.5024 8.01644 6.42338 5.84925 3.81805
threshold=6.5000000000000009 7.2777777777777786 107.50000000000001 0.05000000000000001 250.50000000000003 0.061111111111111116 77.500000000000014 49.500000000000007 1.7500000000000002 3.5000000000000004 83.500000000000014 705.00000000000011 22.500000000000004 1.2388888888888892
decision_type=2 2 2 2 2 2 2 2 2 2 2 2 2 2
left_child=3 2 5 9 -4 10 -7 11 -9 -1 -2 12 -8 -14
right_child=1 -3 4 -5 -6 6 7 8 -10 -11 -12 -13 13 -15
leaf_value=-0.041119515371447604 0.010971571653569922 -0.017190618862492627 -0.0085911799965955795 -0.064600531047246376 -0.0039563457717117032 -0.0039563457717117032 0.0030430898460020489 0.00075678666858815052 -0.0014818615171044531 -0.017190618862492627 0.0042780344601677138 0.0042780344601677138 0.0018999382572950998 0.00075678666858815052
leaf_weight=38.807484040036798 874.39114689826965 258.9934110045433 393.25539689511061 65.02132386341691 1122.6518345102668 1538.9705488085747 3889.7600555419922 5728.871330499649 1934.9610161781311 84.441123062744737 287.45083206892014 1873.1835403442383 2285.8071780204773 2120.5134072303772
leaf_count=346 108 16 3427 739 286 287 91 152 63 309 26 20 60 63
internal_value=-0.000552943 -0.000268204 8.25887e-06 -0.034113 -0.00859118 0.000678488 0.000218742 0.000992623 -0.000921633 -0.0176385 0.00833733 0.00243521 0.00180815 0.000756787
internal_weight=22497.1 22308.8 22049.8 188.27 1515.91 20533.9 19372.1 17833.1 7663.83 123.249 1161.84 10169.3 8296.08 4406.32
internal_count=5993 4599 4583 1394 3713 870 736 449 215 655 134 234 214 123
is_linear=0
shrinkage=0.05


Tree=113
num_leaves=15
num_cat=0
split_feature=1 0 2 1 0 2 2 2 0 2 1 2 1 2
split_gain=81.6032 254.114 78.3979 32.6948 33.3828 44.6588 31.2191 13.7725 11.5876 5.21023 10.6318 0.804502 0.268066 0.0187872
threshold=44.500000000000007 87.500000000000014 0.61666666666666681 1177.0000000000002 63.500000000000007 0.67222222222222239 0.01666666666666667 4.5333333333333341 117.50000000000001 0.96111111111111125 297.50000000000006 0.2166666666666667 37.500000000000007 0.55000000000000016
decision_type=2 2 2 2 2 2 2 2 2 2 2 2 2 2
left_child=1 2 -1 4 7 -6 8 9 -3 11 -11 -2 -8 -13
right_child=3 6 -4 -5 5 -7 12 -9 -10 10 -12 13 -14 -15
leaf_value=-0.0051624521908422358 0.0040060227956857306 -0.031884569679809134 -0.031884569679809134 0.0081947318521878223 -0.0013052699677442098 -0.0051624521908422358 -0.07066968566747131 -0.0013052699677442098 -0.050551165897869892 0.00019512758617669449 0.0020522542821311859 0.0028785013238521468 -0.052513753199682482 0.0026143292568999179
leaf_weight=1440.9401232004166 1012.3734607696533 31.887412667274475 165.97866705060005 1237.9876289367676 2907.6907779462636 2176.6683235801756 162.31112874485552 1659.6671721935272 29.342700690031052 2301.9064719676971 6135.6181526184082 1320.4319877624512 17.338893238455057 1898.3978252410889
leaf_count=375 55 14 48 12 1038 787 2566 37 608 114 90 40 156 53
internal_value=-0.000581059 -0.0106448 -0.00516245 0.000319903 -0.000182686 -0.00366299 -0.0586067 0.00105245 -0.0318846 0.00169553 0.000977274 0.00312723 -0.0692178 0.00272356
internal_weight=22498.5 1847.8 1606.92 20650.7 19412.8 5084.36 240.88 14328.4 61.2301 12668.7 8437.52 4231.2 179.65 3218.83
internal_count=5993 3767 423 2226 2214 1825 3344 389 622 352 204 148 2722 93
is_linear=0
shrinkage=0.05


Tree=114
num_leaves=15
num_cat=0
split_feature=1 2 0 2 1 2 1 0 2 1 0 1 0 2
split_gain=74.5278 49.1649 46.3921 37.1464 32.0125 26.6074 34.8236 17.6629 19.8597 13.7971 7.43179 5.92491 5.60237 3.44998
threshold=6.5000000000000009 7.2777777777777786 107.50000000000001 0.05000000000000001 250.50000000000003 0.061111111111111116 77.500000000000014 49.500000000000007 1.7500000000000002 3.5000000000000004 83.500000000000014 705.00000000000011 22.500000000000004 1.2388888888888892
decision_type=2 2 2 2 2 2 2 2 2 2 2 2 2 2
left_child=3 2 5 9 -4 10 -7 11 -9 -1 -2 12 -8 -14
right_child=1 -3 4 -5 -6 6 7 8 -10 -11 -12 -13 13 -15
leaf_value=-0.040168122154312064 0.010453480699908705 -0.016343549855896967 -0.0081903084956214244 -0.06399269445272715 -0.0038030351479543078 -0.0038030351479543078 0.002830553908546204 0.00063995949922542484 -0.0014693734225493793 -0.016343549855896967 0.0040316191741219583 0.0040316191741219583 0.0017352567038858143 0.00063995949922542484
leaf_weight=37.450556145980954 877.40528702735901 256.61047233268619 384.81653290987015 60.703495919704437 1120.2873948812485 1531.0477915406227 3895.8455767631531 5731.9493343830109 1932.9582140445709 83.345419393852353 287.45459789037704 1877.7120971679688 2289.8027768135071 2121.8305706977844
leaf_count=346 108 16 3427 739 286 287 91 152 63 309 26 20 60 63
internal_value=-0.000562665 -0.000302315 -3.70671e-05 -0.0323848 -0.00819031 0.000584238 0.000142935 0.000864288 -0.000948701 -0.0163435 0.0079203 0.00222862 0.00162949 0.000639959
internal_weight=22489.2 22307.7 22051.1 181.499 1505.1 20546 19381.1 17850.1 7664.91 120.796 1164.86 10185.2 8307.48 4411.63
internal_count=5993 4599 4583 1394 3713 870 736 449 215 655 134 234 214 123
is_linear=0
shrinkage=0.05


Tree=115
num_leaves=14
num_cat=0
split_feature=1 0 1 2 0 1 0 0 0 1 2 2 0
split_gain=74.659 53.0579 63.0489 28.1603 65.7193 36.4266 32.82 18.1809 7.1043 13.0296 11.7537 1.27005 0.502027
threshold=4.5000000000000009 137.50000000000003 250.50000000000003 0.67222222222222239 83.500000000000014 301.50000000000006 22.500000000000004 38.500000000000007 54.500000000000007 210.50000000000003 0.17222222222222225 0.05000000000000001 19.500000000000004
decision_type=2 2 2 2 2 2 2 2 2 2 2 2 2
left_child=7 3 -3 8 5 6 -5 -1 10 -10 11 -2 -12
right_child=1 2 -4 4 -6 -7 -8 -9 9 -11 12 -13 -14
leaf_value=-0.023027073638921428 0.011641738153609082 -0.023027073638921428 -0.010340796612293153 -0.0022479048578878109 -0.010340796612293153 0.00045356384565314639 -0.0053863130138402512 -0.066618120062775801 0.00045356384565314639 0.0026726512012478832 0.0047110769258296601 0.0076036038715968611 0.0026726512012478832
leaf_weight=42.680772960186005 273.01578199863434 180.77378591895103 139.62562297284603 1744.7290221452713 1043.6343443989754 9840.2373332977295 1731.5052695870399 47.856018299236894 1009.8261777162552 3711.1256918907166 540.55827951431274 730.80528098344803 1454.0044791698456
leaf_count=41 42 3703 247 77 64 153 146 954 269 83 47 82 85
internal_value=-0.000587263 -0.000403092 -0.0205721 -0.000109497 -0.00141867 -0.000431829 -0.00494937 -0.0456511 0.0023258 0.00111656 0.00422875 0.00871237 0.00267265
internal_weight=22490.4 22399.8 320.399 22079.4 14360.1 13316.5 3476.23 90.5368 7719.34 4720.95 2998.38 1003.82 1994.56
internal_count=5993 4998 3950 1048 440 376 223 995 608 352 256 124 132
is_linear=0
shrinkage=0.05


Tree=116
num_leaves=14
num_cat=0
split_feature=1 2 1 0 2 1 0 2 0 1 1 0 0
split_gain=69.4866 49.7475 48.075 141.966 41.6356 21.3514 18.1759 12.2283 23.4479 1.26344 1.0158 1.54957 0.00343074
threshold=4.5000000000000009 7.2777777777777786 278.50000000000006 77.500000000000014 2.0388888888888892 1177.0000000000002 38.500000000000007 0.25000000000000006 63.500000000000007 619.50000000000011 546.50000000000011 25.500000000000004 41.500000000000007
decision_type=2 2 2 2 2 2 2 2 2 2 2 2 2
left_child=6 2 3 4 -2 7 -1 9 10 -4 11 -9 -12
right_child=1 -3 5 -5 -6 -7 -8 8 -10 -11 12 -13 -14
leaf_value=-0.02254746802041499 -0.0010334372408816177 -0.022342692140926532 0.0023225161166051315 -0.011246871271825243 -0.0061401542563534308 0.0077333912243555099 -0.066327589115040095 0.0018166893887458903 -0.0010334372408816177 0.0043118979868848458 0.0023225161166051315 0.00043687697831164832 0.0022279966495167103
leaf_weight=42.202853977680206 5286.0452359318733 254.45483699440956 599.42612528800964 825.32865992933512 1038.170408308506 1241.9990615844727 45.720772989094257 1644.2808647155762 2709.4685259722173 1050.8843705579638 2799.7810363769531 2424.4095859527588 2523.2987022399902
leaf_count=41 508 16 85 3937 73 12 954 27 191 30 33 53 33
internal_value=-0.000579303 -0.000404152 -0.00015105 -0.0035246 -0.00103344 0.00145773 -0.0446908 0.000890405 0.000333134 0.0043119 0.00190719 0.00131086 0.00232252
internal_weight=22485.5 22397.5 22143.1 7149.54 6324.22 14993.5 87.9236 13751.5 12101.2 1650.31 9391.77 4068.69 5323.08
internal_count=5993 4998 4982 4518 581 464 995 452 337 115 146 80 66
is_linear=0
shrinkage=0.05


Tree=117
num_leaves=15
num_cat=0
split_feature=1 0 2 2 1 0 2 2 0 0 2 0 1 0
split_gain=65.0388 232.343 73.4161 32.6942 29.1523 42.7748 32.7948 14.0777 10.6842 9.32366 3.65792 6.55272 0.43388 0.261323
threshold=44.500000000000007 87.500000000000014 0.61666666666666681 0.01666666666666667 851.50000000000011 63.500000000000007 0.67222222222222239 3.4833333333333338 117.50000000000001 22.500000000000004 1.2388888888888892 36.500000000000007 37.500000000000007 98.500000000000014
decision_type=2 2 2 2 2 2 2 2 2 2 2 2 2 2
left_child=1 2 -1 8 5 7 -7 10 -3 -9 -2 -12 -5 -14
right_child=4 3 -4 12 -6 6 -8 9 -10 -11 11 -13 13 -15
leaf_value=-0.004705039596487149 0.0015708167985597585 -0.031065435061947946 -0.031065435061947946 -0.070591022650800903 0.0038825400888386971 -0.0020527385479975377 -0.004705039596487149 -0.00030915498258657901 -0.05002619488502185 -0.0020527385479975377 0.00088105695699608802 -0.00030915498258657901 -0.05002619488502185 -0.060958541701627303
leaf_weight=1434.7802119255066 5469.3598375320435 31.435510754585266 161.75071030855179 148.68228950351477 4306.3279843330383 2211.8737525828183 1208.6128612942994 1425.3293981552124 27.283674381673336 1132.2801797389984 3350.4197487831116 1556.5843207836151 3.8769185543060329 12.624319925904272
leaf_count=375 178 14 48 2566 51 1028 774 29 608 35 77 54 1 155
internal_value=-0.00057558 -0.00963298 -0.00470504 -0.0574258 0.0002229 -0.000740906 -0.00470504 0.000599563 -0.0310654 -0.00205274 0.00143443 0.000191297 -0.068987 -0.0513261
internal_weight=22481.2 1820.43 1596.53 223.903 20660.8 16354.5 3420.49 12934 58.7192 2557.61 10376.4 4907 165.184 16.5012
internal_count=5993 3767 423 3344 2226 2175 1802 373 622 64 309 131 2722 156
is_linear=0
shrinkage=0.05


Tree=118
num_leaves=15
num_cat=0
split_feature=1 2 0 1 2 1 0 0 2 0 2 1 0 2
split_gain=62.5986 45.2055 42.1001 56.3983 25.8391 34.4612 17.9694 16.9347 19.0678 6.29646 7.86362 4.85882 5.29104 3.30944
threshold=4.5000000000000009 7.2777777777777786 107.50000000000001 250.50000000000003 0.061111111111111116 77.500000000000014 38.500000000000007 49.500000000000007 1.7500000000000002 83.500000000000014 0.01666666666666667 705.00000000000011 22.500000000000004 1.2388888888888892
decision_type=2 2 2 2 2 2 2 2 2 2 2 2 2 2
left_child=6 2 4 -4 9 -6 -1 11 -9 10 -2 12 -7 -14
right_child=1 -3 3 -5 5 7 -8 8 -10 -11 -12 -13 13 -15
leaf_value=-0.021847577046162192 0.015999580052343969 -0.021425669747842435 -0.010787728914038635 -0.0038956727255795988 -0.0038956727255795988 0.0026233113454909645 -0.065887354363798417 0.00049455580525055627 -0.0015905349895668443 0.0037358387200999293 0.0067065766617934513 0.0037358387200999293 0.0015589335753707603 0.00049455580525055627
leaf_weight=41.637762486934662 322.47448819875717 251.51230161264539 384.43930151686072 1117.2010584548116 1540.1933193802834 3900.7166776657104 42.657642722129822 5739.84912109375 1930.20001912117 293.53452211618423 609.2105849981308 1883.9404602050781 2293.4927864074707 2120.6086020469666
leaf_count=41 60 16 3775 286 305 91 954 152 63 30 77 20 60 63
internal_value=-0.000552664 -0.00038976 -0.000149788 -0.00822996 0.000438611 -6.10935e-06 -0.0433054 0.000714603 -0.00106027 0.00747779 0.00967731 0.00204938 0.00151078 0.000494556
internal_weight=22471.7 22387.4 22135.9 1501.64 20634.2 19409 84.2954 17868.8 7670.05 1225.22 931.685 10198.8 8314.82 4414.1
internal_count=5993 4998 4982 4061 921 754 995 449 215 167 137 234 214 123
is_linear=0
shrinkage=0.05


Tree=119
num_leaves=15
num_cat=0
split_feature=1 0 1 2 0 0 1 2 1 0 2 0 1 0
split_gain=58.0414 42.0768 58.2239 26.5588 93.5817 17.894 12.9752 11.5514 11.2907 8.40374 15.8651 3.65828 2.67312 2.64289
threshold=4.5000000000000009 137.50000000000003 250.50000000000003 2.0388888888888892 46.500000000000007 38.500000000000007 755.00000000000011 0.2277777777777778 102.50000000000001 98.500000000000014 0.038888888888888896 77.500000000000014 851.50000000000011 19.500000000000004
decision_type=2 2 2 2 2 2 2 2 2 2 2 2 2 2
left_child=5 3 -3 7 -5 -1 -6 9 -9 10 -2 -10 -13 -12
right_child=1 2 -4 4 6 -7 -8 8 11 -11 13 12 -14 -15
leaf_value=-0.021363606326556695 0.010369091945934886 -0.021363606326556695 -0.0094153654005605589 -0.00086084855998199447 -0.0094153654005605589 -0.065557072333855951 -0.0051381069802712773 -0.00086084855998199447 0.0016741883365893188 0.0017308445050204396 0.0068031241041792354 0.0001249877914495698 0.00089958806401944425 0.0032371562624235852
leaf_weight=41.202882707118988 930.75084459781647 171.25247199647129 139.04621521383524 5142.9931311607361 771.51944994926453 40.781472750008106 985.94667434692383 784.82760632038116 7990.1094093322754 670.65391767024994 341.39116072654724 997.60963916778564 1334.7607192993164 2129.218744456768
leaf_count=41 118 3703 247 113 56 954 14 184 196 77 40 59 15 176
internal_value=-0.000571667 -0.000416953 -0.0186711 -0.000159583 -0.00273132 -0.0423103 -0.00941537 0.00100962 0.000174385 0.0032873 0.00474347 0.00111082 0.000124988 0.00323716
internal_weight=22472.1 22390.1 310.299 22079.8 6900.46 81.9844 1757.47 15179.3 11107.3 4072.01 3401.36 10322.5 2332.37 2470.61
internal_count=5993 4998 3950 1048 183 995 70 865 454 411 334 270 74 216
is_linear=0
shrinkage=0.05


end of trees

feature_importances:
dias_ate_vencer=660
quantidade_inicial=520
media_venda_diaria_90d=296

parameters:
[boosting: gbdt]
[objective: tweedie]
[metric: rmse,l1]
[tree_learner: serial]
[device_type: cpu]
[data_sample_strategy: bagging]
[data: ]
[valid: ]
[num_iterations: 3000]
[learning_rate: 0.05]
[num_leaves: 15]
[num_threads: 1]
[seed: 20260921]
[deterministic: 1]
[force_col_wise: 1]
[force_row_wise: 0]
[histogram_pool_size: -1]
[max_depth: -1]
[min_data_in_leaf: 30]
[min_sum_hessian_in_leaf: 0.001]
[bagging_fraction: 1]
[pos_bagging_fraction: 1]
[neg_bagging_fraction: 1]
[bagging_freq: 0]
[bagging_seed: 31353]
[bagging_by_query: 0]
[feature_fraction: 1]
[feature_fraction_bynode: 1]
[feature_fraction_seed: 19887]
[extra_trees: 0]
[extra_seed: 11651]
[early_stopping_round: 0]
[early_stopping_min_delta: 0]
[first_metric_only: 0]
[max_delta_step: 0]
[lambda_l1: 0]
[lambda_l2: 1]
[linear_lambda: 0]
[min_gain_to_split: 0]
[drop_rate: 0.1]
[max_drop: 50]
[skip_drop: 0.5]
[xgboost_dart_mode: 0]
[uniform_drop: 0]
[drop_seed: 7884]
[top_rate: 0.2]
[other_rate: 0.1]
[min_data_per_group: 100]
[max_cat_threshold: 32]
[cat_l2: 10]
[cat_smooth: 10]
[max_cat_to_onehot: 4]
[top_k: 20]
[monotone_constraints: -1,1,-1]
[monotone_constraints_method: basic]
[monotone_penalty: 0]
[feature_contri: ]
[forcedsplits_filename: ]
[refit_decay_rate: 0.9]
[cegb_tradeoff: 1]
[cegb_penalty_split: 0]
[cegb_penalty_feature_lazy: ]
[cegb_penalty_feature_coupled: ]
[path_smooth: 0]
[interaction_constraints: ]
[verbosity: -1]
[saved_feature_importance_type: 0]
[use_quantized_grad: 0]
[num_grad_quant_bins: 4]
[quant_train_renew_leaf: 0]
[stochastic_rounding: 1]
[linear_tree: 0]
[max_bin: 255]
[max_bin_by_feature: ]
[min_data_in_bin: 3]
[bin_construct_sample_cnt: 200000]
[data_random_seed: 5089]
[is_enable_sparse: 1]
[enable_bundle: 1]
[use_missing: 1]
[zero_as_missing: 0]
[feature_pre_filter: 1]
[pre_partition: 0]
[two_round: 0]
[header: 0]
[label_column: ]
[weight_column: ]
[group_column: ]
[ignore_column: ]
[categorical_feature: ]
[forcedbins_filename: ]
[precise_float_parser: 0]
[parser_config_file: ]
[objective_seed: 16605]
[num_class: 1]
[is_unbalance: 0]
[scale_pos_weight: 1]
[sigmoid: 1]
[boost_from_average: 1]
[reg_sqrt: 0]
[alpha: 0.9]
[fair_c: 1]
[poisson_max_delta_step: 0.7]
[tweedie_variance_power: 1.3]
[lambdarank_truncation_level: 30]
[lambdarank_norm: 1]
[label_gain: ]
[lambdarank_position_bias_regularization: 0]
[eval_at: ]
[multi_error_top_k: 1]
[auc_mu_weights: ]
[num_machines: 1]
[local_listen_port: 12400]
[time_out: 120]
[machine_list_filename: ]
[machines: ]
[gpu_platform_id: -1]
[gpu_device_id: -1]
[gpu_device_id_list: ]
[gpu_use_dp: 0]
[num_gpu: 1]

end of parameters

pandas_categorical:null
